EXP_ID,Torque,RPM,Power,Frecuencia,Caudal
01_30_HZ,0.20132434368133545,802,16.9082737700355,30,8.594195142857147
02_30_HZ,0.20132434368133545,805,16.971521676906,30,8.583721590909096
03_30_HZ,0.19886988401412964,803,16.722961490607698,30,8.590709158008663
04_30_HZ,0.19886988401412964,798,16.6188334614009,30,8.608087090909095
05_30_HZ,0.19810102880001068,790,16.3886214854535,30,8.635621428571433
06_30_HZ,0.19810102880001068,787,16.3263862139898,30,8.645861019480524
07_30_HZ,0.19969789683818817,787,16.4579916559297,30,8.645861019480524
08_30_HZ,0.19969789683818817,789,16.4998162852967,30,8.63903982467533
09_30_HZ,0.20040760934352875,792,16.6214161461996,30,8.628769038961043
10_30_HZ,0.20040760934352875,793,16.642402782747897,30,8.62533504545455
11_30_HZ,0.19845588505268097,794,16.5011076276961,30,8.621895852813857
12_30_HZ,0.19845588505268097,798,16.5842366333772,30,8.608087090909095
13_30_HZ,0.19978660345077515,802,16.7791271431199,30,8.594195142857147
14_30_HZ,0.19978660345077515,802,16.7791271431199,30,8.594195142857147
15_30_HZ,0.20040760934352875,803,16.8522691482302,30,8.590709158008663
16_30_HZ,0.20040760934352875,802,16.831282511681998,30,8.594195142857147
17_30_HZ,0.19851502776145935,798,16.5891790373806,30,8.608087090909095
18_30_HZ,0.19851502776145935,797,16.568390592471598,30,8.611547080086584
19_30_HZ,0.19848544895648956,798,16.5867078353789,30,8.608087090909095
20_30_HZ,0.19848544895648956,798,16.5867078353789,30,8.608087090909095
21_30_HZ,0.20079204440116882,798,16.7794615915111,30,8.608087090909095
22_30_HZ,0.20079204440116882,797,16.7584346972861,30,8.611547080086584
23_30_HZ,0.20185662806034088,794,16.783871355484,30,8.621895852813857
24_30_HZ,0.20185662806034088,792,16.74159460144,30,8.628769038961043
25_30_HZ,0.19889946281909943,790,16.4546750427168,30,8.635621428571433
26_30_HZ,0.19889946281909943,790,16.4546750427168,30,8.635621428571433
27_30_HZ,0.20046676695346832,791,16.6053285592338,30,8.632197833333338
28_30_HZ,0.20046676695346832,791,16.6053285592338,30,8.632197833333338
29_30_HZ,0.19949088990688324,790,16.5036036036527,30,8.635621428571433
30_30_HZ,0.19949088990688324,790,16.5036036036527,30,8.635621428571433
31_30_HZ,0.1995796114206314,792,16.5527427432052,30,8.628769038961043
32_30_HZ,0.1995796114206314,795,16.6154425263234,30,8.618451461038966
33_30_HZ,0.19884032011032104,800,16.6580072775932,30,8.60115151515152
34_30_HZ,0.19884032011032104,801,16.678829786690198,30,8.597675928571434
35_30_HZ,0.19792358577251434,801,16.6019345274118,30,8.597675928571434
36_30_HZ,0.19792358577251434,803,16.643387547455298,30,8.590709158008663
37_30_HZ,0.19952046871185303,800,16.714987373872898,30,8.60115151515152
38_30_HZ,0.19952046871185303,795,16.610518702786198,30,8.618451461038966
39_30_HZ,0.19913603365421295,793,16.536806896713102,30,8.62533504545455
40_30_HZ,0.19913603365421295,797,16.6202208028756,30,8.611547080086584
41_30_HZ,0.19999361038208008,796,16.6708525732111,30,8.615001870129875
42_30_HZ,0.19999361038208008,795,16.6499092910839,30,8.618451461038966
43_30_HZ,0.1999049037694931,797,16.6843915395661,30,8.611547080086584
44_30_HZ,0.1999049037694931,798,16.7053255314602,30,8.608087090909095
45_30_HZ,0.1995796114206314,803,16.782641947972,30,8.590709158008663
46_30_HZ,0.1995796114206314,806,16.845341731090198,30,8.580220008658014
47_30_HZ,0.20005275309085846,802,16.8014794439322,30,8.594195142857147
48_30_HZ,0.20005275309085846,800,16.7595804927005,30,8.60115151515152
49_30_HZ,0.19889946281909943,797,16.6004759608169,30,8.611547080086584
50_30_HZ,0.19889946281909943,794,16.5379898530597,30,8.621895852813857
51_30_HZ,0.19978660345077515,794,16.611754303787,30,8.621895852813857
52_30_HZ,0.19978660345077515,797,16.6745191185368,30,8.611547080086584
53_30_HZ,0.19919517636299133,796,16.604297343360898,30,8.615001870129875
54_30_HZ,0.19919517636299133,800,16.6877360234783,30,8.60115151515152
55_30_HZ,0.19813059270381927,797,16.5363052241263,30,8.611547080086584
56_30_HZ,0.19813059270381927,794,16.4740606624294,30,8.621895852813857
57_30_HZ,0.19561699032783508,792,16.2240914574459,30,8.628769038961043
58_30_HZ,0.19561699032783508,794,16.2650613853688,30,8.621895852813857
59_30_HZ,0.19600142538547516,794,16.297025980683898,30,8.621895852813857
60_30_HZ,0.19600142538547516,797,16.3586016455984,30,8.611547080086584
61_30_HZ,0.19724343717098236,798,16.4829173513077,30,8.608087090909095
62_30_HZ,0.19724343717098236,797,16.4622620664063,30,8.611547080086584
63_30_HZ,0.19644500315189362,794,16.3339082060475,30,8.621895852813857
64_30_HZ,0.19644500315189362,793,16.313336533243902,30,8.62533504545455
65_30_HZ,0.19316254556179047,793,16.0407518041773,30,8.62533504545455
66_30_HZ,0.19316254556179047,790,15.9800680016394,30,8.635621428571433
67_30_HZ,0.18908163905143738,789,15.6226603477251,30,8.63903982467533
68_30_HZ,0.18908163905143738,789,15.6226603477251,30,8.63903982467533
69_30_HZ,0.18420231342315674,784,15.123062579638,30,8.656053818181823
70_30_HZ,0.18420231342315674,783,15.1037729590007,30,8.659441019480523
71_30_HZ,0.17627708613872528,779,14.3801009622937,30,8.672937833333338
72_30_HZ,0.17627708613872528,779,14.3801009622937,30,8.672937833333338
73_30_HZ,0.16149121522903442,782,13.2246529957942,30,8.662823021645027
74_30_HZ,0.16149121522903442,782,13.2246529957942,30,8.662823021645027
75_30_HZ,0.1253841370344162,775,10.175901976905699,30,8.686351461038965
76_30_HZ,0.1253841370344162,770,10.1102509964095,30,8.70300151515152
77_30_HZ,0.06677296757698059,762,5.32824596404628,30,8.729371246753251
78_30_HZ,0.06677296757698059,755,5.27929882264428,30,8.75217180735931
79_30_HZ,-0.045233916491270065,744,3.5242421331847003,30,8.787486545454549
80_30_HZ,-0.045233916491270065,737,3.49108394107141,30,8.809632015151518
81_30_HZ,-0.21067023277282715,730,16.1047744784404,30,8.83152272727273
82_30_HZ,-0.21067023277282715,724,15.972406469028599,30,8.850083428571432
83_30_HZ,-0.3092449903488159,719,23.2841389235219,30,8.865407703463207
84_30_HZ,-0.3092449903488159,709,22.9602983265327,30,8.89566631818182
85_30_HZ,-0.3768485486507416,697,27.5060499088179,30,8.931290370129872
86_30_HZ,-0.3768485486507416,682,26.914097615227902,30,8.974767610389613
87_30_HZ,-0.5267305374145508,663,36.5704785835947,30,9.028159461038964
88_30_HZ,-0.5267305374145508,664,36.625637676481,30,9.025396155844158
89_30_HZ,-0.7272327542304993,680,51.7858324742267,30,8.980476190476192
90_30_HZ,-0.7272327542304993,690,52.5473888341418,30,8.951725324675328
91_30_HZ,-0.5516284108161926,687,39.685512595849204,30,8.960405175324677
92_30_HZ,-0.5516284108161926,676,39.0500822631645,30,8.991830961038964
93_30_HZ,-0.41507476568222046,670,29.1225736473779,30,9.008707142857146
94_30_HZ,-0.41507476568222046,680,29.557238925697,30,8.980476190476192
95_30_HZ,-0.6048868298530579,693,43.8971152454265,30,8.942998681818185
96_30_HZ,-0.6048868298530579,703,44.530551251854,30,8.913571928571432
97_30_HZ,-0.431233674287796,710,32.0626652452454,30,8.892663852813856
98_30_HZ,-0.431233674287796,714,32.2432999790214,30,8.880602000000003
99_30_HZ,-0.25837743282318115,718,19.4270860419145,30,8.868456961038964
100_30_HZ,-0.25837743282318115,723,19.5623721564125,30,8.853158681818185
101_30_HZ,-0.24656057357788086,725,18.719327568075197,30,8.84700297619048
102_30_HZ,-0.24656057357788086,722,18.6418682815866,30,8.856228735930738
103_30_HZ,-0.2598339319229126,718,19.5365984393002,30,8.868456961038964
104_30_HZ,-0.2598339319229126,715,19.454969197910398,30,8.877573538961043
105_30_HZ,-0.2909700572490692,709,21.603451406854003,30,8.89566631818182
106_30_HZ,-0.2909700572490692,701,21.3596889086102,30,8.919498872294376
107_30_HZ,-0.35923314094543457,693,26.0698328330479,30,8.942998681818185
108_30_HZ,-0.35923314094543457,687,25.8441199946665,30,8.960405175324677
109_30_HZ,-0.45734071731567383,682,32.6627588793569,30,8.974767610389613
110_30_HZ,-0.45734071731567383,680,32.5669736627019,30,8.980476190476192
111_30_HZ,-0.5120006799697876,678,36.3520437410348,30,8.986163974025976
112_30_HZ,-0.5120006799697876,675,36.1911939899682,30,8.994656655844159
113_30_HZ,-0.5029593706130981,671,35.3414239464175,30,9.005907443722947
114_30_HZ,-0.5029593706130981,669,35.2360843817486,30,9.011501642857146
115_30_HZ,-0.4982875883579254,669,34.9087904059593,30,9.011501642857146
116_30_HZ,-0.4982875883579254,669,34.9087904059593,30,9.011501642857146
117_30_HZ,-0.4926539659500122,670,34.565702977790295,30,9.008707142857146
118_30_HZ,-0.4926539659500122,669,34.5141123763309,30,9.011501642857146
119_30_HZ,-0.4879821538925171,665,33.9824129093574,30,9.022627651515155
120_30_HZ,-0.4879821538925171,662,33.8291087909694,30,9.03091756709957
121_30_HZ,-0.5255488753318787,659,36.2682935494985,30,9.039160690476193
122_30_HZ,-0.5255488753318787,659,36.2682935494985,30,9.039160690476193
123_30_HZ,-0.5822698473930359,657,40.0606790352564,30,9.044630110389612
124_30_HZ,-0.5822698473930359,658,40.121654193605295,30,9.041898000000002
125_30_HZ,-0.6018089652061462,659,41.5310270048351,30,9.039160690476193
126_30_HZ,-0.6018089652061462,657,41.404984434259,30,9.044630110389612
127_30_HZ,-0.6078273057937622,656,41.7554016589314,30,9.047357021645023
128_30_HZ,-0.6078273057937622,656,41.7554016589314,30,9.047357021645023
129_30_HZ,-0.6127464175224304,657,42.1574929417175,30,9.044630110389612
130_30_HZ,-0.6127464175224304,657,42.1574929417175,30,9.044630110389612
131_30_HZ,-0.6090089678764343,659,42.0279049022399,30,9.039160690476193
132_30_HZ,-0.6090089678764343,662,42.2192307212182,30,9.03091756709957
133_30_HZ,-0.5804561376571655,665,40.4221729724304,30,9.022627651515155
134_30_HZ,-0.5804561376571655,668,40.6045286399752,30,9.014290943722946
135_30_HZ,-0.5391245484352112,670,37.8261817938467,30,9.008707142857146
136_30_HZ,-0.5391245484352112,670,37.8261817938467,30,9.008707142857146
137_30_HZ,-0.5305778980255127,669,37.170969356268294,30,9.011501642857146
138_30_HZ,-0.5305778980255127,667,37.059845382108996,30,9.017075045454547
139_30_HZ,-0.5396741628646851,668,37.751715435651704,30,9.014290943722946
140_30_HZ,-0.5396741628646851,668,37.751715435651704,30,9.014290943722946
141_30_HZ,-0.5396741628646851,665,37.5821718034556,30,9.022627651515155
142_30_HZ,-0.5396741628646851,657,37.1300554509329,30,9.044630110389612
143_30_HZ,-0.5882058143615723,641,39.4835273476409,30,9.087636794372296
144_30_HZ,-0.5882058143615723,617,38.005204950849304,30,9.149651235930738
145_30_HZ,-0.7930500507354736,608,50.493186744259496,30,9.172134580086581
146_30_HZ,-0.7930500507354736,610,50.659282753286696,30,9.167174675324677
147_30_HZ,-1.0073752403259277,616,64.98312676193619,30,9.152170181818184
148_30_HZ,-1.0073752403259277,624,65.82706347313021,30,9.131873038961041
149_30_HZ,-0.8823636770248413,628,58.0277686105457,30,9.12159968831169
150_30_HZ,-0.8823636770248413,634,58.5821740431305,30,9.10603368831169
151_30_HZ,-0.7744178175926208,641,51.9830779600317,30,9.087636794372296
152_30_HZ,-0.7744178175926208,644,52.226368496506105,30,9.079674424242427
153_30_HZ,-0.7375931143760681,646,49.897409833648204,30,9.074340181818183
154_30_HZ,-0.7375931143760681,648,50.051890978644,30,9.068985142857144
155_30_HZ,-0.7210494875907898,647,48.8537584708071,30,9.071665261904764
156_30_HZ,-0.7210494875907898,645,48.702742215874096,30,9.077009902597405
157_30_HZ,-0.7346526384353638,641,49.3138262280173,30,9.087636794372296
158_30_HZ,-0.7346526384353638,637,49.006095643131104,30,9.098180500000002
159_30_HZ,-0.8037127256393433,632,53.192025299144696,30,9.111243151515154
160_30_HZ,-0.8037127256393433,628,52.8553669111754,30,9.12159968831169
161_30_HZ,-0.8480122685432434,627,55.6798796762313,30,9.124175824675326
162_30_HZ,-0.8480122685432434,626,55.591076040383996,30,9.126746761904764
163_30_HZ,-0.827731192111969,625,54.1748799282082,30,9.129312500000001
164_30_HZ,-0.827731192111969,621,53.8281606966677,30,9.139523461038962
165_30_HZ,-0.8293800354003906,617,53.5879782011135,30,9.149651235930738
166_30_HZ,-0.8293800354003906,620,53.8485356315889,30,9.142063203463206
167_30_HZ,-0.8339694142341614,624,54.4958369538992,30,9.131873038961041
168_30_HZ,-0.8339694142341614,625,54.5831700259407,30,9.129312500000001
169_30_HZ,-0.8050592541694641,626,52.775311834955296,30,9.126746761904764
170_30_HZ,-0.8050592541694641,628,52.943923054875306,30,9.12159968831169
171_30_HZ,-0.7680147290229797,630,50.668578097890595,30,9.11643181818182
172_30_HZ,-0.7680147290229797,626,50.346872840126196,30,9.126746761904764
173_30_HZ,-0.7856301069259644,622,51.1725584443611,30,9.136978519480522
174_30_HZ,-0.7856301069259644,621,51.090287450077504,30,9.139523461038962
175_30_HZ,-0.8364701867103577,617,54.046086165854604,30,9.149651235930738
176_30_HZ,-0.8364701867103577,612,53.608111399518705,30,9.162193974025977
177_30_HZ,-0.8676062822341919,610,55.4218662348054,30,9.167174675324677
178_30_HZ,-0.8676062822341919,607,55.1492996795523,30,9.174606733766236
179_30_HZ,-0.9033042788505554,603,57.0400619842679,30,9.18444335714286
180_30_HZ,-0.9033042788505554,602,56.945468183299,30,9.186889515151517
181_30_HZ,-0.9360617399215698,603,59.1085668180143,30,9.18444335714286
182_30_HZ,-0.9360617399215698,607,59.5006634469896,30,9.174606733766236
183_30_HZ,-0.9440038204193115,609,60.2032101966562,30,9.16965722727273
184_30_HZ,-0.9440038204193115,606,59.906642658741596,30,9.17707368831169
185_30_HZ,-0.9187761545181274,605,58.2094767695654,30,9.179535443722946
186_30_HZ,-0.9187761545181274,603,58.017048747186706,30,9.18444335714286
187_30_HZ,-0.9227609038352966,600,57.9787766766335,30,9.191766233766236
188_30_HZ,-0.9227609038352966,597,57.6888827932503,30,9.199042318181819
189_30_HZ,-0.954144299030304,596,59.550984931739904,30,9.201457281385283
190_30_HZ,-0.954144299030304,595,59.4510671717873,30,9.203867045454547
191_30_HZ,-0.9734910130500793,594,60.554582856130004,30,9.206271610389612
192_30_HZ,-0.9734910130500793,594,60.554582856130004,30,9.206271610389612
193_30_HZ,-0.9998179078102112,591,61.8781075482024,30,9.213454110389613
194_30_HZ,-0.9998179078102112,590,61.773406858611494,30,9.21583787878788
195_30_HZ,-1.0445022583007812,590,64.534210540435,30,9.21583787878788
196_30_HZ,-1.0445022583007812,593,64.86235059403039,30,9.208670976190477
197_30_HZ,-1.035351037979126,596,64.6193363278603,30,9.201457281385283
198_30_HZ,-1.035351037979126,597,64.7277580331084,30,9.199042318181819
199_30_HZ,-1.003363013267517,595,62.5177970480742,30,9.203867045454547
200_30_HZ,-1.003363013267517,589,61.8873654812029,30,9.21821644805195
201_30_HZ,-1.0115798711776733,582,61.652653713230805,30,9.23472085714286
202_30_HZ,-1.0115798711776733,575,60.9111269503569,30,9.25097050865801
203_30_HZ,-1.114056944847107,568,66.2650209725724,30,9.266965402597403
204_30_HZ,-1.114056944847107,565,65.9150296646187,30,9.273742370129872
205_30_HZ,-1.2088392972946167,562,71.1432178206904,30,9.280472545454547
206_30_HZ,-1.2088392972946167,559,70.7634497540319,30,9.28715592857143
207_30_HZ,-1.2173309326171875,550,70.1132303266354,30,9.306925324675326
208_30_HZ,-1.2173309326171875,536,68.328529918321,30,9.33684065800866
209_30_HZ,-1.283340573310852,523,70.2865525308021,30,9.363706733766234
210_30_HZ,-1.283340573310852,522,70.1521614169764,30,9.365736961038962
211_30_HZ,-1.4435830116271973,524,79.21394825697101,30,9.361671307359309
212_30_HZ,-1.4435830116271973,522,78.91160494301309,30,9.365736961038962
213_30_HZ,-1.430639386177063,514,77.0055297811343,30,9.38179161038961
214_30_HZ,-1.430639386177063,504,75.5073677231356,30,9.401392000000001
215_30_HZ,-1.4666945934295654,493,75.720806677698,30,9.422351928571429
216_30_HZ,-1.4666945934295654,483,74.1848876781504,30,9.4408605
217_30_HZ,-1.6221277713775635,479,81.3671673505021,30,9.448118352813854
218_30_HZ,-1.6221277713775635,478,81.1972985251357,30,9.449919818181819
219_30_HZ,-1.6842350959777832,477,84.1297725449331,30,9.451716084415585
220_30_HZ,-1.6842350959777832,475,83.77702716738621,30,9.45529301948052
221_30_HZ,-1.6783267259597778,480,84.3619000344358,30,9.446311688311688
222_30_HZ,-1.6783267259597778,484,85.0649158680561,30,9.439033038961039
223_30_HZ,-1.615999460220337,483,81.7366760043082,30,9.4408605
224_30_HZ,-1.615999460220337,490,82.92126551161701,30,9.427959090909091
225_30_HZ,-1.5624388456344604,500,81.80910486901149,30,9.40908658008658
226_30_HZ,-1.5624388456344604,501,81.97272307874951,30,9.407170733766234
227_30_HZ,-1.4933513402938843,499,78.03530719464551,30,9.410997227272727
228_30_HZ,-1.4933513402938843,496,77.5661570511908,30,9.416697974025974
229_30_HZ,-1.5032169818878174,492,77.4489263521864,30,9.424226181818183
230_30_HZ,-1.5032169818878174,490,77.13409331823439,30,9.427959090909091
231_30_HZ,-1.5814282894134521,489,80.9817155979015,30,9.429817746753248
232_30_HZ,-1.5814282894134521,492,81.4785359389929,30,9.424226181818183
233_30_HZ,-1.5798343420028687,494,81.7272943252344,30,9.420472476190477
234_30_HZ,-1.5798343420028687,494,81.7272943252344,30,9.420472476190477
235_30_HZ,-1.5800267457962036,496,82.06816583534001,30,9.416697974025974
236_30_HZ,-1.5800267457962036,500,82.73000588239921,30,9.40908658008658
237_30_HZ,-1.594646692276001,507,84.66444191767499,30,9.395566474025975
238_30_HZ,-1.594646692276001,512,85.4993969661727,30,9.385753281385282
239_30_HZ,-1.552408218383789,511,83.0721493870295,30,9.38772631818182
240_30_HZ,-1.552408218383789,509,82.7470137729903,30,9.391656794372295
241_30_HZ,-1.4962093830108643,507,79.4381157083392,30,9.395566474025975
242_30_HZ,-1.4962093830108643,505,79.1247503603774,30,9.399455357142857
243_30_HZ,-1.511021614074707,503,79.5916097625611,30,9.403323443722945
244_30_HZ,-1.511021614074707,498,78.8004406794343,30,9.412902675324675
245_30_HZ,-1.5351500511169434,498,80.05874831286499,30,9.412902675324675
246_30_HZ,-1.5351500511169434,492,79.0941850801799,30,9.424226181818183
247_30_HZ,-1.57966947555542,490,81.0570740789537,30,9.427959090909091
248_30_HZ,-1.57966947555542,490,81.0570740789537,30,9.427959090909091
249_30_HZ,-1.6182254552841187,489,82.86602583989219,30,9.429817746753248
250_30_HZ,-1.6182254552841187,489,82.86602583989219,30,9.429817746753248
251_30_HZ,-1.5978070497512817,491,82.1550816241099,30,9.426095235930736
252_30_HZ,-1.5978070497512817,493,82.4897255411124,30,9.422351928571429
253_30_HZ,-1.5786526203155518,493,81.50084764385831,30,9.422351928571429
254_30_HZ,-1.5786526203155518,492,81.3355315228768,30,9.424226181818183
255_30_HZ,-1.578542709350586,489,80.8339541524878,30,9.429817746753248
256_30_HZ,-1.578542709350586,485,80.17273571361271,30,9.437200378787878
257_30_HZ,-1.5964604616165161,481,80.4140348016459,30,9.444499824675326
258_30_HZ,-1.5964604616165161,477,79.7453110195116,30,9.451716084415585
259_30_HZ,-1.6251232624053955,475,80.8366909551872,30,9.45529301948052
260_30_HZ,-1.6251232624053955,469,79.8155959115427,30,9.465899045454545
261_30_HZ,-1.656396746635437,466,80.8311770603694,30,9.47113187012987
262_30_HZ,-1.656396746635437,463,80.31080467586061,30,9.476317902597403
263_30_HZ,-1.6910779476165771,461,81.6381511071383,30,9.479749261904763
264_30_HZ,-1.6910779476165771,463,81.99232963688729,30,9.476317902597403
265_30_HZ,-1.7284797430038452,465,84.16777697862909,30,9.472865746753246
266_30_HZ,-1.7284797430038452,467,84.52978892262331,30,9.469392794372295
267_30_HZ,-1.7400767803192139,467,85.0969315673495,30,9.469392794372295
268_30_HZ,-1.7400767803192139,463,84.3680499265157,30,9.476317902597403
269_30_HZ,-1.7232308387756348,464,83.7317274709745,30,9.474594424242424
270_30_HZ,-1.7232308387756348,466,84.0926400893839,30,9.47113187012987
271_30_HZ,-1.727270483970642,467,84.4706555663014,30,9.469392794372295
272_30_HZ,-1.727270483970642,462,83.5662588257629,30,9.478036181818181
273_30_HZ,-1.7217193841934204,445,80.2326230576396,30,9.506451461038962
274_30_HZ,-1.7217193841934204,434,78.2493447348664,30,9.524037151515152
275_30_HZ,-1.7683273553848267,429,79.4417072222915,30,9.531822681818182
276_30_HZ,-1.7683273553848267,425,78.70099200343569,30,9.537957521645021
277_30_HZ,-1.954594373703003,422,86.3769177861985,30,9.54250406060606
278_30_HZ,-1.954594373703003,424,86.78628706480609,30,9.539478233766234
279_30_HZ,-1.9650096893310547,423,87.04296519976249,30,9.540993746753246
280_30_HZ,-1.9650096893310547,422,86.83718986832089,30,9.54250406060606
281_30_HZ,-1.9515713453292847,425,86.8564338216851,30,9.537957521645021
282_30_HZ,-1.9515713453292847,428,87.4695380604264,30,9.53336419047619
283_30_HZ,-1.9173848628997803,425,85.3349326786286,30,9.537957521645021
284_30_HZ,-1.9173848628997803,425,85.3349326786286,30,9.537957521645021
285_30_HZ,-1.8774548768997192,426,83.7544161696919,30,9.53643161038961
286_30_HZ,-1.8774548768997192,419,82.3781698946031,30,9.547003807359307
287_30_HZ,-1.9057328701019287,407,81.22412840059789,30,9.564534872294372
288_30_HZ,-1.9057328701019287,391,78.0310422718275,30,9.586745019480519
289_30_HZ,-1.9882861375808716,373,77.66338980912629,30,9.6101405
290_30_HZ,-1.9882861375808716,362,75.3730485547017,30,9.623608476190476
291_30_HZ,-2.180049419403076,362,82.642514530496,30,9.623608476190476
292_30_HZ,-2.180049419403076,368,84.0122799647032,30,9.616340294372295
293_30_HZ,-2.308358669281006,383,92.5828812266819,30,9.597350976190477
294_30_HZ,-2.308358669281006,393,95.0001888305117,30,9.584041538961038
295_30_HZ,-2.173426389694214,394,89.67467007077171,30,9.582682
296_30_HZ,-2.173426389694214,392,89.2194686998541,30,9.585395878787878
297_30_HZ,-1.930246114730835,400,80.85395784918829,30,9.574415584415584
298_30_HZ,-1.930246114730835,416,84.0881161631558,30,9.551456761904761
299_30_HZ,-1.9229085445404053,432,86.9903357068474,30,9.527166961038962
300_30_HZ,-1.9229085445404053,437,87.99716829604711,30,9.519303443722944
301_30_HZ,-1.8340346813201904,436,83.7380126203911,30,9.520886545454545
302_30_HZ,-1.8340346813201904,435,83.5459529584177,30,9.522464448051949
303_30_HZ,-1.738647699356079,432,78.6545699589139,30,9.527166961038962
304_30_HZ,-1.738647699356079,429,78.1083576675326,30,9.531822681818182
305_30_HZ,-1.8714364767074585,424,83.0939804966783,30,9.539478233766234
306_30_HZ,-1.8714364767074585,420,82.3100750202945,30,9.545509090909091
307_30_HZ,-1.9599806070327759,415,85.1782068374126,30,9.552930681818182
308_30_HZ,-1.9599806070327759,403,82.7152225433187,30,9.570212188311688
309_30_HZ,-1.9793548583984375,398,82.49646538540411,30,9.577191852813852
310_30_HZ,-1.9793548583984375,402,83.3255755902825,30,9.57161851948052
311_30_HZ,-2.0508058071136475,409,87.8367876289343,30,9.56166501948052
312_30_HZ,-2.0508058071136475,416,89.340106732608,30,9.551456761904761
313_30_HZ,-2.0430285930633545,422,90.2849799505007,30,9.54250406060606
314_30_HZ,-2.0430285930633545,422,90.2849799505007,30,9.54250406060606
315_30_HZ,-1.8910579681396484,423,83.7671677709118,30,9.540993746753246
316_30_HZ,-1.8910579681396484,422,83.56913664142971,30,9.54250406060606
317_30_HZ,-1.8697052001953125,415,81.2549526842052,30,9.552930681818182
318_30_HZ,-1.8697052001953125,410,80.2759773506606,30,9.560222294372293
319_30_HZ,-1.933791160583496,408,82.62250220034869,30,9.563102545454544
320_30_HZ,-1.933791160583496,408,82.62250220034869,30,9.563102545454544
321_30_HZ,-1.9891105890274048,405,84.3611661914409,30,9.567383928571429
322_30_HZ,-1.9891105890274048,405,84.3611661914409,30,9.567383928571429
323_30_HZ,-1.9697364568710327,403,83.1269372416949,30,9.570212188311688
324_30_HZ,-1.9697364568710327,402,82.9206669259586,30,9.57161851948052
325_30_HZ,-1.9789150953292847,405,83.9287599984201,30,9.567383928571429
326_30_HZ,-1.9789150953292847,406,84.135991504589,30,9.565961999999999
327_30_HZ,-2.007495403289795,404,84.9306715228295,30,9.568800658008657
328_30_HZ,-2.007495403289795,396,83.2488760471299,30,9.579947324675324
329_30_HZ,-2.0124969482421875,387,81.5595522056457,30,9.59208959090909
330_30_HZ,-2.0124969482421875,380,80.08431482724899,30,9.601242424242423
331_30_HZ,-2.067019462585449,378,81.8210420483975,30,9.603810727272727
332_30_HZ,-2.067019462585449,373,80.7387531324134,30,9.6101405
333_30_HZ,-2.1469621658325195,374,84.08617651539629,30,9.608884943722943
334_30_HZ,-2.1469621658325195,381,85.6599819581979,30,9.599950474025974
335_30_HZ,-2.159823179244995,381,86.17311951412029,30,9.599950474025974
336_30_HZ,-2.159823179244995,371,83.91135784708301,30,9.612636015151514
337_30_HZ,-2.115083932876587,361,79.95828089012,30,9.624801642857141
338_30_HZ,-2.115083932876587,349,77.3003878965426,30,9.638714110389609
339_30_HZ,-2.2081351280212402,339,78.3887892930032,30,9.649735928571427
340_30_HZ,-2.2081351280212402,335,77.4638478264191,30,9.65399908008658
341_30_HZ,-2.451040744781494,337,86.4985918325922,30,9.651877902597402
342_30_HZ,-2.451040744781494,338,86.75526421191739,30,9.650809515151515
343_30_HZ,-2.490173816680908,341,88.9227025926586,30,9.647573158008658
344_30_HZ,-2.490173816680908,344,89.7050137591629,30,9.644290008658007
345_30_HZ,-2.3274855613708496,343,83.60066598987561,30,9.64538959090909
346_30_HZ,-2.3274855613708496,344,83.8443997099627,30,9.644290008658007
347_30_HZ,-2.2503185272216797,345,81.3002207246444,30,9.643185227272726
348_30_HZ,-2.2503185272216797,345,81.3002207246444,30,9.643185227272726
349_30_HZ,-2.3094305992126465,340,82.2266183659562,30,9.648657142857141
350_30_HZ,-2.3094305992126465,329,79.56634541882241,30,9.660237833333332
351_30_HZ,-2.376704216003418,324,80.6396756946353,30,9.665293818181818
352_30_HZ,-2.376704216003418,317,78.8974604790105,30,9.672153833333333
353_30_HZ,-2.4596147537231445,320,82.4224825002411,30,9.66924502164502
354_30_HZ,-2.4596147537231445,323,83.1951932736809,30,9.666289417748917
355_30_HZ,-2.4569215774536133,326,83.8759635921963,30,9.66328702164502
356_30_HZ,-2.4569215774536133,319,82.074945969051,30,9.670219824675323
357_30_HZ,-2.3287222385406494,310,75.5975987555534,30,9.67875909090909
358_30_HZ,-2.3287222385406494,300,73.15896653763231,30,9.687753246753246
359_30_HZ,-2.3115739822387695,299,72.3781719799846,30,9.688624067099566
360_30_HZ,-2.3115739822387695,299,72.3781719799846,30,9.688624067099566
361_30_HZ,-2.417513608932495,301,76.2015947077094,30,9.686877227272726
362_30_HZ,-2.417513608932495,297,75.1889489308628,30,9.690350110389609
363_30_HZ,-2.3688721656799316,300,74.4203131444071,30,9.687753246753246
364_30_HZ,-2.3688721656799316,300,74.4203131444071,30,9.687753246753246
365_30_HZ,-2.348810911178589,308,75.7578067537263,30,9.680599515151513
366_30_HZ,-2.348810911178589,316,77.7255419940828,30,9.673113038961038
367_30_HZ,-2.3606553077697754,325,80.3423541690161,30,9.66429301948052
368_30_HZ,-2.3606553077697754,328,81.0839758998071,30,9.661259428571428
369_30_HZ,-2.279503583908081,327,78.0578606360267,30,9.662275824675325
370_30_HZ,-2.279503583908081,323,77.1030244202955,30,9.666289417748917
371_30_HZ,-2.236907720565796,320,74.95950068774559,30,9.66924502164502
372_30_HZ,-2.236907720565796,320,74.95950068774559,30,9.66924502164502
373_30_HZ,-2.3217694759368896,316,76.83070247937381,30,9.673113038961038
374_30_HZ,-2.3217694759368896,313,76.1012970760886,30,9.67595946103896
375_30_HZ,-2.378380537033081,308,76.71153788824151,30,9.680599515151513
376_30_HZ,-2.378380537033081,306,76.2134110188374,30,9.682419142857142
377_30_HZ,-2.388878345489502,297,74.2983398051838,30,9.690350110389609
378_30_HZ,-2.388878345489502,295,73.79801428461009,30,9.692055357142856
379_30_HZ,-2.411330461502075,295,74.49161102755319,30,9.692055357142856
380_30_HZ,-2.411330461502075,300,75.7541807059863,30,9.687753246753246
381_30_HZ,-2.4244115352630615,297,75.4034814553783,30,9.690350110389609
382_30_HZ,-2.4244115352630615,299,75.91124900726629,30,9.688624067099566
383_30_HZ,-2.3648324012756348,291,72.06459942929449,30,9.69540346103896
384_30_HZ,-2.3648324012756348,288,71.3216654145595,30,9.697859948051947
385_30_HZ,-2.363128662109375,282,69.7854816559707,30,9.702632545454545
386_30_HZ,-2.363128662109375,284,70.28041414998471,30,9.701062476190476
387_30_HZ,-2.385305881500244,283,70.6901863227857,30,9.701850110389609
388_30_HZ,-2.385305881500244,283,70.6901863227857,30,9.701850110389609
389_30_HZ,-2.358346939086914,276,68.1624799543445,30,9.707217974025973
390_30_HZ,-2.358346939086914,267,65.9397903906159,30,9.713745175324675
391_30_HZ,-2.3580994606018066,263,64.9451165726086,30,9.716510976190476
392_30_HZ,-2.3580994606018066,249,61.4879620782492,30,9.725536188311688
393_30_HZ,-2.4840729236602783,234,60.8707742190769,30,9.734075246753246
394_30_HZ,-2.4840729236602783,220,57.2289330264825,30,9.74098961038961
395_30_HZ,-2.6396710872650146,208,57.496546860973,30,9.746105142857141
396_30_HZ,-2.6396710872650146,196,54.1794383882245,30,9.750471999999998
397_30_HZ,-2.7981820106506348,198,58.0189394720798,30,9.74979618181818
398_30_HZ,-2.7981820106506348,213,62.4143136745101,30,9.744064655844154
399_30_HZ,-2.7748231887817383,223,64.79907318314811,30,9.739593746753245
400_30_HZ,-2.7748231887817383,227,65.9613883971956,30,9.737659807359305
401_30_HZ,-2.546674966812134,227,60.537989370995,30,9.737659807359305
402_30_HZ,-2.546674966812134,227,60.537989370995,30,9.737659807359305
403_30_HZ,-2.449364423751831,227,58.2247809932817,30,9.737659807359305
404_30_HZ,-2.449364423751831,237,60.789749318976895,30,9.732461019480517
405_30_HZ,-2.521392345428467,236,62.3133426340234,30,9.733004294372293
406_30_HZ,-2.521392345428467,235,62.0493030465911,30,9.73354237012987
407_30_HZ,-2.5119662284851074,232,61.0281792247901,30,9.7351254025974
408_30_HZ,-2.5119662284851074,225,59.1868117481801,30,9.738637175324675
409_30_HZ,-2.5391452312469482,227,60.3589949921491,30,9.737659807359305
410_30_HZ,-2.5391452312469482,227,60.3589949921491,30,9.737659807359305
411_30_HZ,-2.584214210510254,230,62.242203030739304,30,9.73615476190476
412_30_HZ,-2.584214210510254,232,62.7834395788327,30,9.7351254025974
413_30_HZ,-2.5453009605407715,229,61.0384127373014,30,9.736661642857142
414_30_HZ,-2.5453009605407715,231,61.5714993114263,30,9.735642681818181
415_30_HZ,-2.5593438148498535,233,62.447227252291704,30,9.734602924242424
416_30_HZ,-2.5593438148498535,233,62.447227252291704,30,9.734602924242424
417_30_HZ,-2.6184282302856445,235,64.4372713196975,30,9.73354237012987
418_30_HZ,-2.6184282302856445,232,63.614667856041805,30,9.7351254025974
419_30_HZ,-2.6061716079711914,229,62.4981415670695,30,9.736661642857142
420_30_HZ,-2.6061716079711914,229,62.4981415670695,30,9.736661642857142
421_30_HZ,-2.5676705837249756,226,60.7681973574481,30,9.73815109090909
422_30_HZ,-2.5676705837249756,228,61.3059690154786,30,9.737163324675324
423_30_HZ,-2.5702261924743652,226,60.8286832871337,30,9.73815109090909
424_30_HZ,-2.5702261924743652,224,60.2903763553891,30,9.73911806060606
425_30_HZ,-2.5856707096099854,222,60.1111172175017,30,9.740064233766233
426_30_HZ,-2.5856707096099854,219,59.298804822670604,30,9.741444499999998
427_30_HZ,-2.616504430770874,219,60.0059359326945,30,9.741444499999998
428_30_HZ,-2.616504430770874,217,59.457936517784105,30,9.74233868181818
429_30_HZ,-2.607628107070923,210,57.3447363289158,30,9.745304545454545
430_30_HZ,-2.607628107070923,205,55.9793854639416,30,9.747267045454544
431_30_HZ,-2.5505223274230957,194,51.8154739755951,30,9.75112702164502
432_30_HZ,-2.5505223274230957,182,48.6103931111253,30,9.754620424242423
433_30_HZ,-2.567807912826538,178,47.8642388206591,30,9.755618519480517
434_30_HZ,-2.567807912826538,181,48.67093947493991,30,9.754877746753245
435_30_HZ,-2.610513687133789,181,49.4803941988139,30,9.754877746753245
436_30_HZ,-2.610513687133789,185,50.5738835733733,30,9.75381726190476
437_30_HZ,-2.5500826835632324,196,52.3406292897422,30,9.750471999999998
438_30_HZ,-2.5500826835632324,202,53.942893451673,30,9.748382155844155
439_30_HZ,-2.5068821907043457,207,54.341660857364104,30,9.746497642857141
440_30_HZ,-2.5068821907043457,212,55.6542613611652,30,9.74448315151515
441_30_HZ,-2.5201008319854736,210,55.4199093201519,30,9.745304545454545
442_30_HZ,-2.5201008319854736,213,56.2116223104398,30,9.744064655844154
443_30_HZ,-2.5863852500915527,222,60.127727969530696,30,9.740064233766233
444_30_HZ,-2.5863852500915527,224,60.6694192124994,30,9.73911806060606
445_30_HZ,-2.637665033340454,226,62.424731367224105,30,9.73815109090909
446_30_HZ,-2.637665033340454,224,61.8723001161867,30,9.73911806060606
447_30_HZ,-2.591111898422241,212,57.5242084251624,30,9.74448315151515
448_30_HZ,-2.591111898422241,194,52.640077521139204,30,9.75112702164502
449_30_HZ,-2.6375551223754883,169,46.6784953092678,30,9.757560084415584
450_30_HZ,-2.6375551223754883,150,41.430617138403406,30,9.760275974025973
451_30_HZ,-2.834484577178955,142,42.1493688680901,30,9.760857999999999
452_30_HZ,-2.834484577178955,136,40.3684096201426,30,9.761076155844155
453_30_HZ,-3.024873733520508,133,42.1296184191686,30,9.761115045454543
454_30_HZ,-3.024873733520508,130,41.1793262743753,30,9.761107142857142
455_30_HZ,-2.9206104278564453,131,40.0657756468024,30,9.761114976190475
456_30_HZ,-2.9206104278564453,145,44.3476142655446,30,9.760678733766232
457_30_HZ,-2.8279716968536377,155,45.9023973467884,30,9.759743235930735
458_30_HZ,-2.8279716968536377,166,49.1599868359153,30,9.758113688311687
459_30_HZ,-2.6992502212524414,174,49.1836770144847,30,9.756533428571426
460_30_HZ,-2.6992502212524414,172,48.6183473936286,30,9.756959688311687
461_30_HZ,-2.556485652923584,155,41.4957564960223,30,9.759743235930735
462_30_HZ,-2.556485652923584,120,32.125746964662405,30,9.760742857142855
463_30_HZ,-2.666795015335083,93,25.971748241674998,30,9.757162318181816
464_30_HZ,-2.666795015335083,84,23.4583532505452,30,9.755126545454544
465_30_HZ,-3.0228676795959473,75,23.741547579055897,30,9.75266964285714
466_30_HZ,-3.0228676795959473,71,22.475331708173,30,9.751442508658007
467_30_HZ,-3.1690948009490967,79,26.2174791658349,30,9.75381359090909
468_30_HZ,-3.1690948009490967,84,27.8768132902548,30,9.755126545454544
469_30_HZ,-2.9798872470855713,80,24.964245121425098,30,9.754086580086579
470_30_HZ,-2.9798872470855713,76,23.7160328653538,30,9.752963428571427
471_30_HZ,-2.8253884315490723,79,23.3740447627696,30,9.75381359090909
472_30_HZ,-2.8253884315490723,82,24.261666715786102,30,9.754616961038959
473_30_HZ,-2.8965096473693848,86,26.0856723304781,30,9.755615333333331
474_30_HZ,-2.8965096473693848,91,27.602281186901198,30,9.756746318181817
475_30_HZ,-2.9038195610046387,92,27.9760288631848,30,9.756956917748916
476_30_HZ,-2.9038195610046387,90,27.3678543226807,30,9.756530519480519
477_30_HZ,-2.837480068206787,85,25.2569189747423,30,9.755373538961038
478_30_HZ,-2.837480068206787,92,27.336900537368198,30,9.756956917748916
479_30_HZ,-2.814643383026123,102,30.0643733581384,30,9.75877696103896
480_30_HZ,-2.814643383026123,107,31.538117150204,30,9.759492015151514
481_30_HZ,-2.801727294921875,105,30.8065994302194,30,9.759221590909089
482_30_HZ,-2.801727294921875,106,31.0999956152691,30,9.7593594025974
483_30_HZ,-2.667646884918213,103,28.7735982083546,30,9.75893037012987
484_30_HZ,-2.667646884918213,97,27.0974662738873,30,9.757931928571427
485_30_HZ,-2.6612436771392822,94,26.1963703879186,30,9.757362519480518
486_30_HZ,-2.6612436771392822,92,25.639000805197,30,9.756956917748916
487_30_HZ,-2.7055983543395996,91,25.782992312087202,30,9.756746318181817
488_30_HZ,-2.7055983543395996,92,26.0663218979343,30,9.756956917748916
489_30_HZ,-2.7280778884887695,90,25.7115275156326,30,9.756530519480519
490_30_HZ,-2.7280778884887695,91,25.9972111546952,30,9.756746318181817
491_30_HZ,-2.729451894760132,93,26.5819602756712,30,9.757162318181816
492_30_HZ,-2.729451894760132,90,25.724477686133397,30,9.756530519480519
493_30_HZ,-2.768200159072876,85,24.6402462445742,30,9.755373538961038
494_30_HZ,-2.768200159072876,84,24.350360994638,30,9.755126545454544
495_30_HZ,-2.870649814605713,90,27.0552372067922,30,9.756530519480519
496_30_HZ,-2.870649814605713,92,27.656464700276498,30,9.756956917748916
497_30_HZ,-2.8654558658599854,92,27.6064252414615,30,9.756956917748916
498_30_HZ,-2.8654558658599854,100,30.0069839581103,30,9.758454545454544
499_30_HZ,-2.7875468730926514,104,30.3587681452245,30,9.759078580086578
500_30_HZ,-2.7875468730926514,102,29.7749456808933,30,9.75877696103896
501_30_HZ,-2.8190128803253174,103,30.4062521037273,30,9.75893037012987
502_30_HZ,-2.8190128803253174,107,31.5870774281439,30,9.759492015151514
503_30_HZ,-2.7917516231536865,112,32.7433722518163,30,9.760077090909089
504_30_HZ,-2.7917516231536865,117,34.2051299416296,30,9.760532188311688
505_30_HZ,-2.7966980934143066,113,33.094258560442405,30,9.760178508658008
506_30_HZ,-2.7966980934143066,109,31.922780381311703,30,9.759741642857142
507_30_HZ,-2.831022024154663,111,32.9074969571117,30,9.759970474025973
508_30_HZ,-2.831022024154663,109,32.3145690840106,30,9.759741642857142
509_30_HZ,-2.883098840713501,107,32.305161504595695,30,9.759492015151514
510_30_HZ,-2.883098840713501,105,31.7013267101173,30,9.759221590909089
511_30_HZ,-2.8304998874664307,102,30.2337443213944,30,9.75877696103896
512_30_HZ,-2.8304998874664307,99,29.3445165472357,30,9.758285538961038
513_30_HZ,-2.8327534198760986,93,27.5880072211937,30,9.757162318181816
514_30_HZ,-2.8327534198760986,94,27.8846524601313,30,9.757362519480518
515_30_HZ,-2.8474557399749756,99,29.520302161613202,30,9.758285538961038
516_30_HZ,-2.8474557399749756,96,28.6257475506552,30,9.757747324675323
517_30_HZ,-2.820276975631714,90,26.5804839562341,30,9.756530519480519
518_30_HZ,-2.820276975631714,86,25.399129113734798,30,9.755615333333331
519_30_HZ,-2.7829301357269287,75,21.857081935019398,30,9.75266964285714
520_30_HZ,-2.7829301357269287,55,16.028526752347503,30,9.745702110389608
521_30_HZ,-2.880378246307373,38,11.462034752551402,30,9.738144580086578
522_30_HZ,-2.880378246307373,19,5.73101737627572,30,9.727919824675324
523_30_HZ,-3.048562526702881,2,0.638489450738478,30,9.717180424242423
524_30_HZ,-3.048562526702881,2,0.638489450738478,30,9.717180424242423
525_30_HZ,-3.184786558151245,2,0.667020115259501,30,9.717180424242423
526_30_HZ,-3.184786558151245,2,0.667020115259501,30,9.717180424242423
527_30_HZ,-3.02006459236145,3,0.9487812915681849,30,9.717853746753246
528_30_HZ,-3.02006459236145,1,0.316260430522728,30,9.716501902597402
529_30_HZ,-2.775317907333374,1,0.290630604193878,30,9.716501902597402
530_30_HZ,-2.775317907333374,0,0.0,30,9.71581818181818
531_30_HZ,-2.7438244819641113,0,0.0,30,9.71581818181818
532_30_HZ,-2.7438244819641113,-1,0.28733262743968196,30,9.71512926190476
533_30_HZ,-2.725769281387329,0,0.0,30,9.71581818181818
534_30_HZ,-2.725769281387329,1,0.28544190254657004,30,9.716501902597402
535_30_HZ,-2.703125,0,0.0,30,9.71581818181818
536_30_HZ,-2.703125,0,0.0,30,9.71581818181818
537_30_HZ,-2.672621011734009,0,0.0,30,9.71581818181818
538_30_HZ,-2.672621011734009,-1,0.27987620704690697,30,9.71512926190476
539_30_HZ,-2.7436320781707764,0,0.0,30,9.71581818181818
540_30_HZ,-2.7436320781707764,0,0.0,30,9.71581818181818
541_30_HZ,-2.7904324531555176,0,0.0,30,9.71581818181818
542_30_HZ,-2.7904324531555176,0,0.0,30,9.71581818181818
543_30_HZ,-2.7794950008392334,0,0.0,30,9.71581818181818
544_30_HZ,-2.7794950008392334,1,0.29106803217523697,30,9.716501902597402
545_30_HZ,-2.7672383785247803,0,0.0,30,9.71581818181818
546_30_HZ,-2.7672383785247803,0,0.0,30,9.71581818181818
547_30_HZ,-2.764078140258789,0,0.0,30,9.71581818181818
548_30_HZ,-2.764078140258789,0,0.0,30,9.71581818181818
549_30_HZ,-2.892002582550049,0,0.0,30,9.71581818181818
550_30_HZ,-2.892002582550049,0,0.0,30,9.71581818181818
551_30_HZ,-3.147164821624756,0,0.0,30,9.71581818181818
552_30_HZ,-3.147164821624756,0,0.0,30,9.71581818181818
553_30_HZ,-3.103689670562744,0,0.0,30,9.71581818181818
554_30_HZ,-3.103689670562744,0,0.0,30,9.71581818181818
555_30_HZ,-2.9746932983398438,0,0.0,30,9.71581818181818
556_30_HZ,-2.9746932983398438,0,0.0,30,9.71581818181818
557_30_HZ,-2.882988929748535,0,0.0,30,9.71581818181818
558_30_HZ,-2.882988929748535,0,0.0,30,9.71581818181818
559_30_HZ,-2.8553977012634277,0,0.0,30,9.71581818181818
560_30_HZ,-2.8553977012634277,0,0.0,30,9.71581818181818
561_30_HZ,-2.827944278717041,1,0.296141621195871,30,9.716501902597402
562_30_HZ,-2.827944278717041,3,0.8884248635876141,30,9.717853746753246
563_30_HZ,-2.7662765979766846,6,1.73810281703693,30,9.719842519480519
564_30_HZ,-2.7662765979766846,23,6.66272746530822,30,9.730228378787878
565_30_HZ,-2.683558464050293,9,2.5291941991407803,30,9.721784499999998
566_30_HZ,-2.683558464050293,15,4.215323665234631,30,9.725528084415583
567_30_HZ,-2.5874295234680176,46,12.463929010066801,30,9.741888233766232
568_30_HZ,-2.5874295234680176,150,40.6432467719568,30,9.760275974025973
569_30_HZ,-2.635136604309082,287,79.197898678997,30,9.698668378787877
570_30_HZ,-2.635136604309082,410,113.13985525571,30,9.560222294372293
571_30_HZ,-1.611355185508728,510,86.0577680287461,30,9.389694155844156
572_30_HZ,-1.611355185508728,588,99.2195443154955,30,9.22058981818182
573_30_HZ,-0.13270629942417145,650,9.03303170585157,30,9.06360930735931
574_30_HZ,-0.13270629942417145,696,9.67229241118876,30,8.93422524675325
575_30_HZ,0.18739604949951172,731,14.3451944598336,30,8.828411080086584
576_30_HZ,0.18739604949951172,759,14.894668392631601,30,8.739174110389614
577_30_HZ,0.19319210946559906,777,15.719511027678701,30,8.679655045454549
578_30_HZ,0.19319210946559906,787,15.9218213369152,30,8.645861019480524
579_30_HZ,0.19514384865760803,795,16.246155761032497,30,8.618451461038966
580_30_HZ,0.19514384865760803,797,16.2870265931357,30,8.611547080086584
581_30_HZ,0.19736172258853912,797,16.4721344874356,30,8.611547080086584
582_30_HZ,0.19736172258853912,799,16.5134698311933,30,8.604621902597406
583_30_HZ,0.19795316457748413,795,16.4800373790501,30,8.618451461038966
584_30_HZ,0.19795316457748413,790,16.3763893452196,30,8.635621428571433
585_30_HZ,0.19786444306373596,794,16.4519313272112,30,8.621895852813857
586_30_HZ,0.19786444306373596,796,16.4933719602772,30,8.615001870129875
587_30_HZ,0.19981618225574493,797,16.6769872237942,30,8.611547080086584
588_30_HZ,0.19981618225574493,797,16.6769872237942,30,8.611547080086584
589_30_HZ,0.19943174719810486,795,16.6031329674803,30,8.618451461038966
590_30_HZ,0.19943174719810486,795,16.6031329674803,30,8.618451461038966
591_30_HZ,0.1992838978767395,796,16.6116923688998,30,8.615001870129875
592_30_HZ,0.1992838978767395,794,16.5699544483749,30,8.621895852813857
593_30_HZ,0.20073290169239044,793,16.6694156838266,30,8.62533504545455
594_30_HZ,0.20073290169239044,795,16.711457085299,30,8.618451461038966
595_30_HZ,0.2002301812171936,792,16.6067004169866,30,8.628769038961043
596_30_HZ,0.2002301812171936,796,16.6905726413148,30,8.615001870129875
597_30_HZ,0.1973913013935089,805,16.6399687416785,30,8.583721590909096
598_30_HZ,0.1973913013935089,806,16.660639510301703,30,8.580220008658014
599_30_HZ,0.19685900211334229,803,16.553866861409,30,8.590709158008663
600_30_HZ,0.19685900211334229,799,16.4714067525103,30,8.604621902597406
601_30_HZ,0.19783487915992737,795,16.4701897319756,30,8.618451461038966
602_30_HZ,0.19783487915992737,793,16.4287552923983,30,8.62533504545455
603_30_HZ,0.20028932392597198,792,16.6116056600576,30,8.628769038961043
604_30_HZ,0.20028932392597198,789,16.5486829113452,30,8.63903982467533
605_30_HZ,0.20008233189582825,788,16.510627019868,30,8.642453021645027
606_30_HZ,0.20008233189582825,786,16.468721875147597,30,8.649263818181822
607_30_HZ,0.20034846663475037,785,16.4696478017121,30,8.652661417748922
608_30_HZ,0.20034846663475037,784,16.4486673586526,30,8.656053818181823
609_30_HZ,0.2012060582637787,785,16.5401451871364,30,8.652661417748922
610_30_HZ,0.2012060582637787,791,16.6665666790126,30,8.632197833333338
611_30_HZ,0.20046676695346832,797,16.7312855394555,30,8.611547080086584
612_30_HZ,0.20046676695346832,805,16.899228179751198,30,8.583721590909096
613_30_HZ,0.2002597600221634,809,16.965662636571203,30,8.569684067099573
614_30_HZ,0.2002597600221634,812,17.0285760950504,30,8.559101333333338
615_30_HZ,0.20017103850841522,815,17.083918013562098,30,8.548471807359313
616_30_HZ,0.20017103850841522,812,17.0210324257821,30,8.559101333333338
617_30_HZ,0.2011469155550003,808,17.019756567104498,30,8.573201246753252
618_30_HZ,0.2011469155550003,806,16.977628456789898,30,8.580220008658014
619_30_HZ,0.20105819404125214,806,16.9701405289201,30,8.580220008658014
620_30_HZ,0.20105819404125214,804,16.9280309990717,30,8.587217974025979
621_30_HZ,0.19999361038208008,803,16.8174555481011,30,8.590709158008663
622_30_HZ,0.19999361038208008,800,16.7546257017197,30,8.60115151515152
623_30_HZ,0.20102863013744354,797,16.778179539344798,30,8.611547080086584
624_30_HZ,0.20102863013744354,794,16.7150245348053,30,8.621895852813857
625_30_HZ,0.20141305029392242,794,16.7469891301204,30,8.621895852813857
626_30_HZ,0.20141305029392242,794,16.7469891301204,30,8.621895852813857
627_30_HZ,0.20256635546684265,797,16.9065210127261,30,8.611547080086584
628_30_HZ,0.20256635546684265,796,16.8853083138394,30,8.615001870129875
629_30_HZ,0.20156091451644897,795,16.78039061482,30,8.618451461038966
630_30_HZ,0.20156091451644897,791,16.6959609765065,30,8.632197833333338
631_30_HZ,0.200200617313385,787,16.4994229987626,30,8.645861019480524
632_30_HZ,0.200200617313385,784,16.4365281207495,30,8.656053818181823
633_30_HZ,0.20079204440116882,783,16.4640581781368,30,8.659441019480523
634_30_HZ,0.20079204440116882,784,16.4850850723618,30,8.656053818181823
635_30_HZ,0.20076248049736023,787,16.5457286172229,30,8.645861019480524
636_30_HZ,0.20076248049736023,787,16.5457286172229,30,8.645861019480524
637_30_HZ,0.2012060582637787,790,16.6454964303666,30,8.635621428571433
638_30_HZ,0.2012060582637787,792,16.687636927658602,30,8.628769038961043
639_30_HZ,0.20194534957408905,794,16.7912478005568,30,8.621895852813857
640_30_HZ,0.20194534957408905,797,16.8546908023221,30,8.611547080086584
641_30_HZ,0.20037804543972015,799,16.7658483032912,30,8.604621902597406
642_30_HZ,0.20037804543972015,800,16.7868318430951,30,8.60115151515152
643_30_HZ,0.20159049332141876,802,16.9306260708479,30,8.594195142857147
644_30_HZ,0.20159049332141876,801,16.9095155645252,30,8.597675928571434
645_30_HZ,0.20218192040920258,797,16.8744356443808,30,8.611547080086584
646_30_HZ,0.20218192040920258,797,16.8744356443808,30,8.611547080086584
647_30_HZ,0.2020931988954544,797,16.8670313286088,30,8.611547080086584
648_30_HZ,0.2020931988954544,792,16.7612155737242,30,8.628769038961043
649_30_HZ,0.19842630624771118,789,16.3947530392923,30,8.63903982467533
650_30_HZ,0.19842630624771118,787,16.3531947299404,30,8.645861019480524
651_30_HZ,0.200200617313385,788,16.5203879581003,30,8.642453021645027
652_30_HZ,0.200200617313385,791,16.583282836113398,30,8.632197833333338
653_30_HZ,0.20312821865081787,793,16.8683288644969,30,8.62533504545455
654_30_HZ,0.20312821865081787,795,16.9108719385562,30,8.618451461038966
655_30_HZ,0.2024184912443161,795,16.8517860561096,30,8.618451461038966
656_30_HZ,0.2024184912443161,795,16.8517860561096,30,8.618451461038966
657_30_HZ,0.2005259096622467,790,16.5892285852904,30,8.635621428571433
658_30_HZ,0.2005259096622467,788,16.547230538239003,30,8.642453021645027
659_30_HZ,0.19996404647827148,789,16.5218062670186,30,8.63903982467533
660_30_HZ,0.19996404647827148,784,16.417105340104698,30,8.656053818181823
661_30_HZ,0.20096947252750397,782,16.4575612084632,30,8.662823021645027
662_30_HZ,0.20096947252750397,780,16.415470259081,30,8.669571428571432
663_30_HZ,0.20031890273094177,776,16.2784207405508,30,8.683005852813857
01_30_HZ,0.0898093432188034,-780,7.33575385179941,30,6.508720014820772
02_30_HZ,0.0898093432188034,784,7.373373102321461,30,8.346177628906592
03_30_HZ,0.0910513550043106,787,7.503947328388491,30,8.334892537348178
04_30_HZ,0.0910513550043106,785,7.4848775766009705,30,8.342422232348671
05_30_HZ,0.0894544869661331,786,7.36297423475042,30,8.338660535162532
06_30_HZ,0.0894544869661331,786,7.36297423475042,30,8.338660535162532
07_30_HZ,0.0890109091997147,786,7.32646361871033,30,8.338660535162532
08_30_HZ,0.0890109091997147,785,7.31714241817762,30,8.342422232348671
09_30_HZ,0.0889813378453255,783,7.29607526627596,30,8.349926724836296
10_30_HZ,0.0889813378453255,782,7.28675716248761,30,8.353669520137782
11_30_HZ,0.0877393260598183,781,7.17585965010326,30,8.357406014811053
12_30_HZ,0.0877393260598183,784,7.20342377167856,30,8.346177628906592
13_30_HZ,0.0890404805541039,787,7.338221957056749,30,8.334892537348178
14_30_HZ,0.0890404805541039,787,7.338221957056749,30,8.334892537348178
15_30_HZ,0.089898057281971,789,7.42772715938131,30,8.327337639834818
16_30_HZ,0.089898057281971,786,7.3994848507905004,30,8.338660535162532
17_30_HZ,0.0896910578012466,785,7.37305413765207,30,8.342422232348671
18_30_HZ,0.0896910578012466,787,7.39183898895819,30,8.334892537348178
19_30_HZ,0.0888334810733795,788,7.33046461242737,30,8.331118238905606
20_30_HZ,0.0888334810733795,786,7.3118593722943,30,8.338660535162532
21_30_HZ,0.0896910578012466,785,7.37305413765207,30,8.342422232348671
22_30_HZ,0.0896910578012466,785,7.37305413765207,30,8.342422232348671
23_30_HZ,0.0902529209852219,785,7.41924207982661,30,8.342422232348671
24_30_HZ,0.0902529209852219,783,7.4003395522347,30,8.349926724836296
25_30_HZ,0.0920272246003151,785,7.56509873932517,30,8.342422232348671
26_30_HZ,0.0920272246003151,782,7.53618753395196,30,8.353669520137782
27_30_HZ,0.0922933667898178,784,7.5773122990929505,30,8.346177628906592
28_30_HZ,0.0922933667898178,787,7.60630711656397,30,8.334892537348178
29_30_HZ,0.0916132181882858,787,7.55025294684882,30,8.334892537348178
30_30_HZ,0.0916132181882858,788,7.55984666088548,30,8.331118238905606
31_30_HZ,0.0915245041251183,790,7.57169480481842,30,8.323550740135811
32_30_HZ,0.0915245041251183,794,7.610032500032689,30,8.308340135057621
33_30_HZ,0.0926482304930687,794,7.703467470953941,30,8.308340135057621
34_30_HZ,0.0926482304930687,796,7.72287167113266,30,8.300697028749225
35_30_HZ,0.0925299450755119,796,7.71301163708078,30,8.300697028749225
36_30_HZ,0.0925299450755119,793,7.68394249774505,30,8.312152237269494
37_30_HZ,0.0922046527266502,793,7.6569295966663695,30,8.312152237269494
38_30_HZ,0.0922046527266502,792,7.64727394774245,30,8.31595803885315
39_30_HZ,0.0900163501501083,792,7.46577995411418,30,8.31595803885315
40_30_HZ,0.0900163501501083,795,7.4940594236373395,30,8.304521732217532
41_30_HZ,0.0889221951365471,794,7.39365677789929,30,8.308340135057621
42_30_HZ,0.0889221951365471,790,7.35640913670081,30,8.323550740135811
43_30_HZ,0.0892474800348282,790,7.3833198452155,30,8.323550740135811
44_30_HZ,0.0892474800348282,790,7.3833198452155,30,8.323550740135811
45_30_HZ,0.0875323191285133,790,7.24142701850163,30,8.323550740135811
46_30_HZ,0.0875323191285133,789,7.23226065518707,30,8.327337639834818
47_30_HZ,0.0869704559445381,790,7.19494488561259,30,8.323550740135811
48_30_HZ,0.0869704559445381,788,7.1767298352692706,30,8.331118238905606
49_30_HZ,0.0896023437380791,790,7.412676981777,30,8.323550740135811
50_30_HZ,0.0896023437380791,792,7.43144325261694,30,8.31595803885315
51_30_HZ,0.089070051908493,792,7.38729606497764,30,8.31595803885315
52_30_HZ,0.089070051908493,791,7.3779686709562,30,8.31975753980859
53_30_HZ,0.0881828963756561,790,7.295248435531031,30,8.323550740135811
54_30_HZ,0.0881828963756561,792,7.313717418912121,30,8.31595803885315
55_30_HZ,0.0897797718644142,794,7.46496241360234,30,8.308340135057621
56_30_HZ,0.0897797718644142,796,7.48376584537464,30,8.300697028749225
57_30_HZ,0.0907852128148079,796,7.56757613481559,30,8.300697028749225
58_30_HZ,0.0907852128148079,795,7.5580691296211,30,8.304521732217532
59_30_HZ,0.0913470759987831,796,7.614411296562021,30,8.300697028749225
60_30_HZ,0.0913470759987831,796,7.614411296562021,30,8.300697028749225
61_30_HZ,0.0898093432188034,795,7.47682604125709,30,8.304521732217532
62_30_HZ,0.0898093432188034,797,7.49563566651812,30,8.2968660246527
63_30_HZ,0.0893066227436066,793,7.41626920523811,30,8.312152237269494
64_30_HZ,0.0893066227436066,787,7.36015619738007,30,8.334892537348178
65_30_HZ,0.0898389145731926,791,7.4416563155262,30,8.31975753980859
66_30_HZ,0.0898389145731926,795,7.4792879530257,30,8.304521732217532
67_30_HZ,0.0916723608970642,795,7.631926482679289,30,8.304521732217532
68_30_HZ,0.0916723608970642,794,7.62232657515391,30,8.308340135057621
69_30_HZ,0.0890996232628822,795,7.41774015881055,30,8.304521732217532
70_30_HZ,0.0890996232628822,792,7.38974868651315,30,8.31595803885315
71_30_HZ,0.0859058797359467,791,7.11586951830271,30,8.31975753980859
72_30_HZ,0.0859058797359467,789,7.09787743355352,30,8.327337639834818
73_30_HZ,0.0802872478961945,786,6.608421503255331,30,8.338660535162532
74_30_HZ,0.0802872478961945,785,6.60001384230972,30,8.342422232348671
75_30_HZ,0.0600897558033466,787,4.95226403744248,30,8.334892537348178
76_30_HZ,0.0600897558033466,782,4.920801114714131,30,8.353669520137782
77_30_HZ,0.0410751327872276,777,3.34217064402965,30,8.372288987221966
78_30_HZ,0.0410751327872276,775,3.3335678881891604,30,8.37969266965812
79_30_HZ,0.0117104053497314,772,0.946711912709614,30,8.390750938600725
80_30_HZ,0.0117104053497314,766,0.939354048103063,30,8.412697359524081
81_30_HZ,-0.0345987230539322,763,2.76447865243004,30,8.42358551150483
82_30_HZ,-0.0345987230539322,762,2.76085548250549,30,8.42720229424198
83_30_HZ,-0.0756280273199081,758,6.00316952607284,30,8.441606418908409
84_30_HZ,-0.0756280273199081,759,6.01108927478797,30,8.438014838684126
85_30_HZ,-0.1060771048069,757,8.40903493481131,30,8.445191698504473
86_30_HZ,-0.1060771048069,759,8.43125167175929,30,8.438014838684126
87_30_HZ,-0.104785494506359,760,8.33956446461386,30,8.434416957831628
88_30_HZ,-0.104785494506359,760,8.33956446461386,30,8.434416957831628
89_30_HZ,-0.100470960140228,760,7.9961834992468805,30,8.434416957831628
90_30_HZ,-0.100470960140228,760,7.9961834992468805,30,8.434416957831628
91_30_HZ,-0.112095467746258,760,8.921343679821621,30,8.434416957831628
92_30_HZ,-0.112095467746258,757,8.88612784950653,30,8.445191698504473
93_30_HZ,-0.122620739042759,757,9.72049582360828,30,8.445191698504473
94_30_HZ,-0.122620739042759,755,9.69481419659742,30,8.452343355811953
95_30_HZ,-0.132568895816803,754,10.4674674137239,30,8.455909733523367
96_30_HZ,-0.132568895816803,752,10.4397022481702,30,8.463023587061544
97_30_HZ,-0.137982681393623,751,10.851583859855,30,8.466571062888308
98_30_HZ,-0.137982681393623,750,10.8371343473918,30,8.470112238086855
99_30_HZ,-0.148013293743134,748,11.5939365558253,30,8.477175686599297
100_30_HZ,-0.148013293743134,747,11.5784366406437,30,8.480697959913194
101_30_HZ,-0.164996609091759,746,12.8896903267126,30,8.484213932598873
102_30_HZ,-0.164996609091759,746,12.8896903267126,30,8.484213932598873
103_30_HZ,-0.178984507918358,746,13.98243722483,30,8.484213932598873
104_30_HZ,-0.178984507918358,749,14.0386668651443,30,8.473647112657185
105_30_HZ,-0.18236468732357,752,14.3610829433784,30,8.463023587061544
106_30_HZ,-0.18236468732357,751,14.341985758613301,30,8.466571062888308
107_30_HZ,-0.181018099188805,749,14.198172676294499,30,8.473647112657185
108_30_HZ,-0.181018099188805,750,14.2171288480919,30,8.470112238086855
109_30_HZ,-0.192092999815941,748,15.046716770370999,30,8.477175686599297
110_30_HZ,-0.192092999815941,748,15.046716770370999,30,8.477175686599297
111_30_HZ,-0.217650428414345,749,17.0714327609309,30,8.473647112657185
112_30_HZ,-0.217650428414345,744,16.9574712605242,30,8.491226976085581
113_30_HZ,-0.250325471162796,742,19.4508049986405,30,8.498214817059422
114_30_HZ,-0.250325471162796,743,19.477019021549797,30,8.49472404688661
115_30_HZ,-0.257003396749496,743,19.9966057623815,30,8.49472404688661
116_30_HZ,-0.257003396749496,742,19.9696924302653,30,8.498214817059422
117_30_HZ,-0.251342266798019,739,19.450851043691202,30,8.508649323808555
118_30_HZ,-0.251342266798019,735,19.3455690353356,30,8.52247379067903
119_30_HZ,-0.255546897649765,733,19.6156721803779,30,8.529348220344966
120_30_HZ,-0.255546897649765,733,19.6156721803779,30,8.529348220344966
121_30_HZ,-0.288139492273331,735,22.177814491088398,30,8.52247379067903
122_30_HZ,-0.288139492273331,736,22.2079883883552,30,8.519027124903737
123_30_HZ,-0.319907665252686,733,24.5559780462178,30,8.529348220344966
124_30_HZ,-0.319907665252686,733,24.5559780462178,30,8.529348220344966
125_30_HZ,-0.298527359962463,735,22.977358017805702,30,8.52247379067903
126_30_HZ,-0.298527359962463,738,23.0711431525722,30,8.5121148914685
127_30_HZ,-0.285034120082855,739,22.0581923272649,30,8.508649323808555
128_30_HZ,-0.285034120082855,739,22.0581923272649,30,8.508649323808555
129_30_HZ,-0.291244864463806,740,22.5693269234832,30,8.505177455520395
130_30_HZ,-0.291244864463806,735,22.4168314712975,30,8.52247379067903
131_30_HZ,-0.299846440553665,729,22.8904882740866,30,8.543021472138236
132_30_HZ,-0.299846440553665,727,22.8276885806049,30,8.549820294265569
133_30_HZ,-0.304298400878906,730,23.262218601587602,30,8.539612610132243
134_30_HZ,-0.304298400878906,734,23.3896828131031,30,8.525914155826106
135_30_HZ,-0.312872499227524,735,24.081489554701097,30,8.52247379067903
136_30_HZ,-0.312872499227524,737,24.147017417435,30,8.515574158500225
137_30_HZ,-0.311580896377564,736,24.014704086520798,30,8.519027124903737
138_30_HZ,-0.311580896377564,734,23.949446738459603,30,8.525914155826106
139_30_HZ,-0.305782377719879,735,23.5357693697988,30,8.52247379067903
140_30_HZ,-0.305782377719879,737,23.5998122796486,30,8.515574158500225
141_30_HZ,-0.317296952009201,737,24.4884903910149,30,8.515574158500225
142_30_HZ,-0.317296952009201,737,24.4884903910149,30,8.515574158500225
143_30_HZ,-0.327272593975067,736,25.2241233874031,30,8.519027124903737
144_30_HZ,-0.327272593975067,735,25.1898514806267,30,8.52247379067903
145_30_HZ,-0.318780928850174,732,24.4361083902471,30,8.53277598423561
146_30_HZ,-0.318780928850174,732,24.4361083902471,30,8.53277598423561
147_30_HZ,-0.313064873218536,732,23.9979436880771,30,8.53277598423561
148_30_HZ,-0.313064873218536,732,23.9979436880771,30,8.53277598423561
149_30_HZ,-0.323425233364105,730,24.724379185594202,30,8.539612610132243
150_30_HZ,-0.323425233364105,725,24.5550341226792,30,8.556593913880036
151_30_HZ,-0.341892570257187,723,25.8855001061399,30,8.563342330981634
152_30_HZ,-0.341892570257187,722,25.8496972014288,30,8.566707088590107
153_30_HZ,-0.361349195241928,722,27.3207675027399,30,8.566707088590107
154_30_HZ,-0.361349195241928,723,27.3586079009432,30,8.563342330981634
155_30_HZ,-0.375529438257217,719,28.2749274317894,30,8.576763557646228
156_30_HZ,-0.375529438257217,717,28.196276729614702,30,8.583436367209224
157_30_HZ,-0.395425766706467,715,29.607356085535,30,8.590083974259352
158_30_HZ,-0.395425766706467,715,29.607356085535,30,8.590083974259352
159_30_HZ,-0.427908450365067,716,32.0842949077974,30,8.586763321048396
160_30_HZ,-0.427908450365067,715,32.039484440048994,30,8.590083974259352
161_30_HZ,-0.43607035279274,713,32.5592726279775,30,8.596706378796613
162_30_HZ,-0.43607035279274,712,32.513607448976096,30,8.600008130122918
163_30_HZ,-0.452751368284225,710,33.6625293089101,30,8.606592730890878
164_30_HZ,-0.452751368284225,708,33.567705282687896,30,8.613152129145968
165_30_HZ,-0.491279900074005,705,36.2699310266128,30,8.62294397181698
166_30_HZ,-0.491279900074005,702,36.1155908945847,30,8.63267910883404
167_30_HZ,-0.528764128684998,700,38.7604358719287,30,8.639137697037661
168_30_HZ,-0.528764128684998,696,38.5389476669463,30,8.6519792659063
169_30_HZ,-0.548550546169281,691,39.693858261283,30,8.667889462857222
170_30_HZ,-0.548550546169281,690,39.6364141827573,30,8.671052600362755
171_30_HZ,-0.577817916870117,692,41.872194929954304,30,8.664720024723472
172_30_HZ,-0.577817916870117,690,41.7511770255325,30,8.671052600362755
173_30_HZ,-0.591943204402924,688,42.6478468310056,30,8.677359973489171
174_30_HZ,-0.591943204402924,688,42.6478468310056,30,8.677359973489171
175_30_HZ,-0.594086766242981,689,42.864494550036405,30,8.674209437240071
176_30_HZ,-0.594086766242981,688,42.802281930950706,30,8.677359973489171
177_30_HZ,-0.615082323551178,685,44.121720124776196,30,8.686773778467169
178_30_HZ,-0.615082323551178,680,43.799663773500505,30,8.702337440866161
179_30_HZ,-0.640282511711121,674,45.191853147383604,30,8.720805915013795
180_30_HZ,-0.640282511711121,670,44.923652238497,30,8.732992218547878
181_30_HZ,-0.699889063835144,668,48.9591958812087,30,8.739047566545619
182_30_HZ,-0.699889063835144,667,48.8859036718056,30,8.742065789602163
183_30_HZ,-0.774500250816345,661,53.6107215783284,30,8.76004281474888
184_30_HZ,-0.774500250816345,657,53.2862996625746,30,8.771901485615686
185_30_HZ,-0.81822270154953,653,55.951706632858105,30,8.78365934643102
186_30_HZ,-0.81822270154953,652,55.8660225491937,30,8.786583060064313
187_30_HZ,-0.841801524162293,651,57.3877654287664,30,8.789500473069388
188_30_HZ,-0.841801524162293,642,56.594386183207504,30,8.815473661845301
189_30_HZ,-0.861972689628601,634,57.2283689746117,30,8.838132498038476
190_30_HZ,-0.861972689628601,626,56.5062444449636,30,8.86038809402577
191_30_HZ,-0.934412896633148,622,60.8636257249603,30,8.871364676942212
192_30_HZ,-0.934412896633148,618,60.4722197717452,30,8.882240449807183
193_30_HZ,-1.06151306629181,612,68.0307680869048,30,8.898365090258133
194_30_HZ,-1.06151306629181,609,67.697283929616,30,8.90634235200268
195_30_HZ,-1.10548281669617,607,70.2698957337221,30,8.91162902335796
196_30_HZ,-1.10548281669617,604,69.92259806123249,30,8.919511775679256
197_30_HZ,-1.13139748573303,602,71.3247619442172,30,8.924735440752366
198_30_HZ,-1.13139748573303,600,71.0878026022099,30,8.92993390331261
199_30_HZ,-1.13049066066742,604,71.5043606643529,30,8.919511775679256
200_30_HZ,-1.13049066066742,610,72.21466888287301,30,8.903689565382715
201_30_HZ,-1.10174536705017,613,70.7245733421887,30,8.895693401753517
202_30_HZ,-1.10174536705017,614,70.83994785008781,30,8.893015412620684
203_30_HZ,-1.04988849163055,616,67.7255469572801,30,8.887640532470368
204_30_HZ,-1.04988849163055,618,67.94543509675171,30,8.882240449807183
205_30_HZ,-1.0425785779953,619,67.58153530568039,30,8.879530957533266
206_30_HZ,-1.0425785779953,620,67.6907138764489,30,8.87681516463113
207_30_HZ,-1.05953443050385,618,68.56968511557051,30,8.882240449807183
208_30_HZ,-1.05953443050385,617,68.4587309325356,30,8.884943641452884
209_30_HZ,-1.06192529201508,615,68.3908000937204,30,8.890331122859635
210_30_HZ,-1.06192529201508,613,68.1683909877245,30,8.895693401753517
211_30_HZ,-1.05725347995758,610,67.5363478440792,30,8.903689565382715
212_30_HZ,-1.05725347995758,609,67.4256325197446,30,8.90634235200268
213_30_HZ,-1.07841396331787,605,68.32340165080241,30,8.916890492200373
214_30_HZ,-1.07841396331787,602,67.9846079236084,30,8.924735440752366
215_30_HZ,-1.12056994438171,600,70.40748697856961,30,8.92993390331261
216_30_HZ,-1.12056994438171,598,70.1727953553077,30,8.935107163359987
217_30_HZ,-1.14904034137726,598,71.9556827397517,30,8.935107163359987
218_30_HZ,-1.14904034137726,599,72.0760099684135,30,8.932523683650407
219_30_HZ,-1.14862823486328,600,72.1704368560741,30,8.92993390331261
220_30_HZ,-1.14862823486328,602,72.4110049789277,30,8.924735440752366
221_30_HZ,-1.12941884994507,605,71.5548433067806,30,8.916890492200373
222_30_HZ,-1.12941884994507,606,71.6731157750563,30,8.914262908093276
223_30_HZ,-1.1112813949585,609,70.871223950755,30,8.90634235200268
224_30_HZ,-1.1112813949585,611,71.1039701706261,30,8.901030478134533
225_30_HZ,-1.09383082389832,614,70.3310579500895,30,8.893015412620684
226_30_HZ,-1.09383082389832,615,70.4456036470766,30,8.890331122859635
227_30_HZ,-1.06918025016785,615,68.85804224538789,30,8.890331122859635
228_30_HZ,-1.06918025016785,614,68.746077949054,30,8.893015412620684
229_30_HZ,-1.0637115240097,614,68.3944491639853,30,8.893015412620684
230_30_HZ,-1.0637115240097,613,68.283057552969,30,8.895693401753517
231_30_HZ,-1.07758951187134,611,68.9482387440176,30,8.901030478134533
232_30_HZ,-1.07758951187134,608,68.60970402023351,30,8.90898883799443
233_30_HZ,-1.08500933647156,605,68.74126048562749,30,8.916890492200373
234_30_HZ,-1.08500933647156,604,68.62763856746939,30,8.919511775679256
235_30_HZ,-1.10883557796478,604,70.1346585420904,30,8.919511775679256
236_30_HZ,-1.10883557796478,605,70.2507755264316,30,8.916890492200373
237_30_HZ,-1.12367534637451,604,71.0732868999863,30,8.919511775679256
238_30_HZ,-1.12367534637451,605,71.19095790478761,30,8.916890492200373
239_30_HZ,-1.11507368087769,605,70.6460003410372,30,8.916890492200373
240_30_HZ,-1.11507368087769,605,70.6460003410372,30,8.916890492200373
241_30_HZ,-1.1215318441391,605,71.0551537834698,30,8.916890492200373
242_30_HZ,-1.1215318441391,605,71.0551537834698,30,8.916890492200373
243_30_HZ,-1.13332116603851,605,71.80207645071859,30,8.916890492200373
244_30_HZ,-1.13332116603851,604,71.68339533261819,30,8.919511775679256
245_30_HZ,-1.13562965393066,602,71.5915584790581,30,8.924735440752366
246_30_HZ,-1.13562965393066,597,70.9969442059762,30,8.93768434244135
247_30_HZ,-1.15527856349945,596,72.10437371962571,30,8.940255220894496
248_30_HZ,-1.15527856349945,594,71.8624127339894,30,8.945378075916137
249_30_HZ,-1.18451845645905,593,73.5571957917938,30,8.947930052484633
250_30_HZ,-1.18451845645905,590,73.1850683257308,30,8.955548178420818
251_30_HZ,-1.20771253108978,585,73.9857485896366,30,8.968119042416786
252_30_HZ,-1.20771253108978,583,73.7328058594156,30,8.973103283617657
253_30_HZ,-1.25605189800262,585,76.94706407804671,30,8.968119042416786
254_30_HZ,-1.25605189800262,585,76.94706407804671,30,8.968119042416786
255_30_HZ,-1.29062306880951,583,78.7946274917874,30,8.973103283617657
256_30_HZ,-1.29062306880951,579,78.25401255187809,30,8.982996158480793
257_30_HZ,-1.25572204589844,573,75.3488749031002,30,8.997646451928992
258_30_HZ,-1.25572204589844,572,75.2173759940198,30,9.000066115304932
259_30_HZ,-1.27594816684723,571,76.2952963858214,30,9.002479478052656
260_30_HZ,-1.27594816684723,571,76.2952963858214,30,9.002479478052656
261_30_HZ,-1.32654094696045,572,79.45940291082671,30,9.000066115304932
262_30_HZ,-1.32654094696045,575,79.8761480309883,30,8.992788223292461
263_30_HZ,-1.3267058134079,575,79.88607649503909,30,8.992788223292461
264_30_HZ,-1.3267058134079,572,79.4692795741955,30,9.000066115304932
265_30_HZ,-1.30224764347076,568,77.45875697050431,30,9.009681762526526
266_30_HZ,-1.30224764347076,566,77.18601486849549,30,9.014451782368022
267_30_HZ,-1.32118213176727,565,78.1699342893561,30,9.016827341346445
268_30_HZ,-1.32118213176727,562,77.7548726913595,30,9.023916214512411
269_30_HZ,-1.35712742805481,558,79.30187128122431,30,9.03327983660533
270_30_HZ,-1.35712742805481,555,78.875517134551,30,9.04023639657874
271_30_HZ,-1.37930464744568,553,79.8755667122239,30,9.044842600086596
272_30_HZ,-1.37930464744568,553,79.8755667122239,30,9.044842600086596
273_30_HZ,-1.40519189834595,552,81.2275443677941,30,9.0471362508982
274_30_HZ,-1.40519189834595,547,80.4917876253322,30,9.058509995532962
275_30_HZ,-1.43440425395966,541,81.2638624015095,30,9.071950568363517
276_30_HZ,-1.43440425395966,535,80.36259960223211,30,9.085164318578265
277_30_HZ,-1.48854207992554,535,83.3956734242951,30,9.085164318578265
278_30_HZ,-1.48854207992554,535,83.3956734242951,30,9.085164318578265
279_30_HZ,-1.55067694187164,535,86.8767799784497,30,9.085164318578265
280_30_HZ,-1.55067694187164,536,87.0391664830823,30,9.08297777844635
281_30_HZ,-1.51503384113312,538,85.355840009448,30,9.078585796297867
282_30_HZ,-1.51503384113312,541,85.8318019425862,30,9.071950568363517
283_30_HZ,-1.49563217163086,543,85.0458762396045,30,9.067495579932867
284_30_HZ,-1.49563217163086,544,85.20249847945641,30,9.065258634775216
285_30_HZ,-1.48433744907379,542,84.2481860261764,30,9.0697262244623
286_30_HZ,-1.48433744907379,538,83.6264281957249,30,9.078585796297867
287_30_HZ,-1.47853899002075,535,82.83524760133571,30,9.085164318578265
288_30_HZ,-1.47853899002075,525,81.28692521626401,30,9.106683185345496
289_30_HZ,-1.52852714061737,515,82.4344973806499,30,9.127571989291035
290_30_HZ,-1.52852714061737,506,80.9938945138036,30,9.145833209129478
291_30_HZ,-1.65340125560761,503,87.0913211364123,30,9.151806871101055
292_30_HZ,-1.65340125560761,501,86.7450335772218,30,9.155757809274355
293_30_HZ,-1.75582337379456,499,91.7508298941919,30,9.159683544934786
294_30_HZ,-1.75582337379456,498,91.5669604956063,30,9.161636961822678
295_30_HZ,-1.70600020885468,500,89.3259593907897,30,9.15772382741868
296_30_HZ,-1.70600020885468,499,89.1473074720081,30,9.159683544934786
297_30_HZ,-1.68797254562378,497,87.8517436369546,30,9.163584078082351
298_30_HZ,-1.68797254562378,496,87.6749795652505,30,9.16552489371381
299_30_HZ,-1.67192351818085,495,86.66629654057719,30,9.16745940871705
300_30_HZ,-1.67192351818085,494,86.4912131132225,30,9.169387623092073
301_30_HZ,-1.70058631896973,491,87.4397296457493,30,9.175134462447842
302_30_HZ,-1.70058631896973,485,86.371219711178,30,9.186458024197524
303_30_HZ,-1.75002491474152,479,87.7825839708494,30,9.197554763331398
304_30_HZ,-1.75002491474152,476,87.2327974324099,30,9.203018074417406
305_30_HZ,-1.79600083827972,473,88.9603098877927,30,9.208424679849463
306_30_HZ,-1.79600083827972,467,87.83184929724989,30,9.219067773751721
307_30_HZ,-1.85283172130585,451,87.5066676381603,30,9.246340446924902
308_30_HZ,-1.85283172130585,434,84.20819014403901,30,9.273550335956571
309_30_HZ,-1.96006309986115,420,86.2080763410251,30,9.294591243541939
310_30_HZ,-1.96006309986115,411,84.3607604194317,30,9.307465426254943
311_30_HZ,-2.1809287071228,404,92.2680769708866,30,9.317125844296022
312_30_HZ,-2.1809287071228,405,92.4964633000224,30,9.315764686460518
313_30_HZ,-2.26089882850647,411,97.3086775905314,30,9.307465426254943
314_30_HZ,-2.26089882850647,421,99.6762853177949,30,9.293129275654966
315_30_HZ,-2.13154530525208,435,97.0984790564101,30,9.272000159274562
316_30_HZ,-2.13154530525208,450,100.446702472148,30,9.247991433658383
317_30_HZ,-1.91925358772278,459,92.25154967551211,30,9.232905730441253
318_30_HZ,-1.91925358772278,464,93.2564685172933,30,9.224304262221922
319_30_HZ,-1.77173495292664,470,87.20175731262731,30,9.213774579627568
320_30_HZ,-1.77173495292664,475,88.1294355819106,30,9.20482657685631
321_30_HZ,-1.77129530906677,474,87.9220745740365,30,9.206628778666994
322_30_HZ,-1.77129530906677,469,86.9946265300066,30,9.215545278297169
323_30_HZ,-1.79473662376404,463,87.0182505188157,30,9.226037157122223
324_30_HZ,-1.79473662376404,456,85.70263981982711,30,9.237991003834248
325_30_HZ,-1.87204110622406,452,88.6099358303554,30,9.244683159563206
326_30_HZ,-1.87204110622406,450,88.21785646827419,30,9.247991433658383
327_30_HZ,-1.94997751712799,449,91.68632365601991,30,9.249636119763647
328_30_HZ,-1.94997751712799,451,92.0947259885634,30,9.246340446924902
329_30_HZ,-1.94536066055298,452,92.0803973443582,30,9.244683159563206
330_30_HZ,-1.94536066055298,453,92.2841150375979,30,9.243019571573292
331_30_HZ,-1.89614200592041,453,89.9492769973325,30,9.243019571573292
332_30_HZ,-1.89614200592041,454,90.14784052271301,30,9.24134968295516
333_30_HZ,-1.86497843265533,452,88.27563725123309,30,9.244683159563206
334_30_HZ,-1.86497843265533,451,88.0803371688189,30,9.246340446924902
335_30_HZ,-1.86558294296265,450,87.9135274615062,30,9.247991433658383
336_30_HZ,-1.86558294296265,450,87.9135274615062,30,9.247991433658383
337_30_HZ,-1.89353132247925,446,88.4373992698657,30,9.254532374310136
338_30_HZ,-1.89353132247925,442,87.64423873829739,30,9.260972504910418
339_30_HZ,-1.9437667131424,440,89.5623431696638,30,9.264154766441258
340_30_HZ,-1.9437667131424,439,89.3587923897328,30,9.265736446264352
341_30_HZ,-2.00048780441284,440,92.1758602456587,30,9.264154766441258
342_30_HZ,-2.00048780441284,431,90.290444922452,30,9.2781630622333
343_30_HZ,-2.01590466499329,420,88.66411934373079,30,9.294591243541939
344_30_HZ,-2.01590466499329,418,88.2419092516178,30,9.297496277431236
345_30_HZ,-2.08493733406067,422,92.13699822289351,30,9.291661007139776
346_30_HZ,-2.08493733406067,432,94.3203394130095,30,9.27663178743594
347_30_HZ,-2.08119988441467,442,96.33068934776081,30,9.260972504910418
348_30_HZ,-2.08119988441467,448,97.6383457642462,30,9.251274505240694
349_30_HZ,-1.90499091148376,443,88.3741506371403,30,9.259371923202673
350_30_HZ,-1.90499091148376,434,86.57873899891399,30,9.273550335956571
351_30_HZ,-1.88520455360413,428,84.4949702308704,30,9.282719082856078
352_30_HZ,-1.88520455360413,427,84.2975520761254,30,9.28422515514057
353_30_HZ,-2.04948663711548,426,91.4288598773864,30,9.285724926796844
354_30_HZ,-2.04948663711548,426,91.4288598773864,30,9.285724926796844
355_30_HZ,-2.06682729721069,425,91.985996357039,30,9.287218397824903
356_30_HZ,-2.06682729721069,423,91.55312108006471,30,9.290186437996368
357_30_HZ,-2.0344820022583,417,88.8420374195173,30,9.29893934343356
358_30_HZ,-2.0344820022583,411,87.5637347228336,30,9.307465426254943
359_30_HZ,-2.09353876113892,406,89.0093593780186,30,9.314397227996798
360_30_HZ,-2.09353876113892,403,88.3516547520726,30,9.318480701503308
361_30_HZ,-2.1607027053833,399,90.2810344652214,30,9.323837124050286
362_30_HZ,-2.1607027053833,394,89.1496931811961,30,9.330390888099128
363_30_HZ,-2.18021416664124,390,89.0414873121231,30,9.335520488030298
364_30_HZ,-2.18021416664124,392,89.4981103239802,30,9.332968289321146
365_30_HZ,-2.18189072608948,398,90.9378469683106,30,9.325160478116489
366_30_HZ,-2.18189072608948,405,92.5372563370999,30,9.315764686460518
367_30_HZ,-2.15627813339233,410,92.5800206779093,30,9.308864387859748
368_30_HZ,-2.15627813339233,412,93.03163053487471,30,9.306060164021922
369_30_HZ,-2.08012795448303,412,89.74616652319891,30,9.306060164021922
370_30_HZ,-2.08012795448303,411,89.528336021929,30,9.307465426254943
371_30_HZ,-2.0584454536438,410,88.379560930594,30,9.308864387859748
372_30_HZ,-2.0584454536438,403,86.8706415976326,30,9.318480701503308
373_30_HZ,-2.09903502464294,398,87.4845545025762,30,9.325160478116489
374_30_HZ,-2.09903502464294,393,86.38550231033271,30,9.331682739024245
375_30_HZ,-2.1831271648407,389,88.9318396574009,30,9.336787136442547
376_30_HZ,-2.1831271648407,387,88.4746065486225,30,9.339301531382397
377_30_HZ,-2.24452018737793,385,90.4925539167339,30,9.341790723809378
378_30_HZ,-2.24452018737793,382,89.7874171329672,30,9.345477257738226
379_30_HZ,-2.24660873413086,380,89.4004372602476,30,9.34790344388304
380_30_HZ,-2.24660873413086,377,88.6946443345088,30,9.351495468388633
381_30_HZ,-2.24454760551453,375,88.14317715171981,30,9.353858648251276
382_30_HZ,-2.24454760551453,377,88.613274096529,30,9.351495468388633
383_30_HZ,-2.25317668914795,378,89.1898962660616,30,9.350304427514985
384_30_HZ,-2.25317668914795,379,89.4258483725856,30,9.34910708601312
385_30_HZ,-2.25735378265381,376,88.88246497400499,30,9.352680208634062
386_30_HZ,-2.25735378265381,372,87.93690683598369,30,9.357356163333616
387_30_HZ,-2.27249598503113,373,88.7647536797841,30,9.356196625601052
388_30_HZ,-2.27249598503113,373,88.7647536797841,30,9.356196625601052
389_30_HZ,-2.29294180870056,376,90.2837309785014,30,9.352680208634062
390_30_HZ,-2.29294180870056,377,90.5238472842953,30,9.351495468388633
391_30_HZ,-2.24364066123962,373,87.6376571738673,30,9.356196625601052
392_30_HZ,-2.24364066123962,370,86.9327966604046,30,9.35965633691409
393_30_HZ,-2.21440076828003,364,84.4085091369759,30,9.366405642578313
394_30_HZ,-2.21440076828003,357,82.7852685766495,30,9.373993153936036
395_30_HZ,-2.28706097602844,352,84.30415954089649,30,9.379223786059331
396_30_HZ,-2.28706097602844,341,81.6696545552435,30,9.390176721447494
397_30_HZ,-2.38876843452454,334,83.5505171740651,30,9.396749831662298
398_30_HZ,-2.38876843452454,327,81.7994584308961,30,9.403014211094474
399_30_HZ,-2.48687601089478,323,84.11729145838589,30,9.406455242663517
400_30_HZ,-2.48687601089478,322,83.8568664074311,30,9.407299748985237
401_30_HZ,-2.53241229057312,323,85.6575300592496,30,9.406455242663517
402_30_HZ,-2.53241229057312,329,87.2486916083379,30,9.40125589154065
403_30_HZ,-2.46085143089294,338,87.1025187171723,30,9.393031572451711
404_30_HZ,-2.46085143089294,349,89.93721607187321,30,9.382286557794705
405_30_HZ,-2.34864592552185,350,86.0823733526979,30,9.38127193451113
406_30_HZ,-2.34864592552185,347,85.3445244382462,30,9.384296902477203
407_30_HZ,-2.25306677818298,343,80.92762417462781,30,9.388241984303598
408_30_HZ,-2.25306677818298,334,78.80415881727609,30,9.396749831662298
409_30_HZ,-2.32929944992065,322,78.54341720659811,30,9.407299748985237
410_30_HZ,-2.32929944992065,307,74.8845623677814,30,9.41921126842499
411_30_HZ,-2.47690033912659,294,76.257838737102,30,9.428387870937302
412_30_HZ,-2.47690033912659,285,73.92341510229281,30,9.434117141252353
413_30_HZ,-2.62925577163696,291,80.1224890520697,30,9.430354333362937
414_30_HZ,-2.62925577163696,290,79.8471540381451,30,9.430997219581716
415_30_HZ,-2.63593363761902,283,78.1177134462653,30,9.43532100552309
416_30_HZ,-2.63593363761902,283,78.1177134462653,30,9.43532100552309
417_30_HZ,-2.51147174835205,286,75.2181990493005,30,9.43350575817466
418_30_HZ,-2.51147174835205,287,75.48119974527701,30,9.43288807446875
419_30_HZ,-2.50636005401611,290,76.11497245613751,30,9.430997219581716
420_30_HZ,-2.50636005401611,293,76.90236872292509,30,9.42904965904073
421_30_HZ,-2.46865606307983,295,76.2625324544546,30,9.427719782205656
422_30_HZ,-2.46865606307983,297,76.7795665727899,30,9.426364702857713
423_30_HZ,-2.44581937789917,297,76.06930152150471,30,9.426364702857713
424_30_HZ,-2.44581937789917,297,76.06930152150471,30,9.426364702857713
425_30_HZ,-2.44166970252991,295,75.4288580339285,30,9.427719782205656
426_30_HZ,-2.44166970252991,293,74.9174759455629,30,9.42904965904073
427_30_HZ,-2.4479079246521,292,74.85253803504061,30,9.429705146515943
428_30_HZ,-2.4479079246521,289,74.0835051100231,30,9.431633805172277
429_30_HZ,-2.47701025009155,288,74.70487155754391,30,9.432264090134622
430_30_HZ,-2.47701025009155,290,75.22365538780471,30,9.430997219581716
431_30_HZ,-2.48404550552368,290,75.4373044229106,30,9.430997219581716
432_30_HZ,-2.48404550552368,295,76.7379476026159,30,9.427719782205656
433_30_HZ,-2.45774602890015,296,76.1828716389807,30,9.427045392845793
434_30_HZ,-2.45774602890015,300,77.21236990437231,30,9.424284829124174
435_30_HZ,-2.43048477172852,300,76.3559319619218,30,9.424284829124174
436_30_HZ,-2.43048477172852,302,76.8649715083346,30,9.422866743494062
437_30_HZ,-2.40162968635559,302,75.95241616038061,30,9.422866743494062
438_30_HZ,-2.40162968635559,304,76.45541229389299,30,9.421423455351084
439_30_HZ,-2.38706469535828,302,75.4917929847464,30,9.422866743494062
440_30_HZ,-2.38706469535828,305,76.24171145810479,30,9.420692360337268
441_30_HZ,-2.4168815612793,309,78.2064336254583,30,9.417704973999841
442_30_HZ,-2.4168815612793,315,79.72500515216629,30,9.413034875647194
443_30_HZ,-2.46239042282105,318,81.9997716682018,30,9.41061476798994
444_30_HZ,-2.46239042282105,319,82.25763258539739,30,9.40979546418109
445_30_HZ,-2.473712682724,321,83.1539512973592,30,9.408137954678738
446_30_HZ,-2.473712682724,323,83.6720444518599,30,9.406455242663517
447_30_HZ,-2.49061346054077,326,85.0261574466552,30,9.40388391992906
448_30_HZ,-2.49061346054077,326,85.0261574466552,30,9.40388391992906
449_30_HZ,-2.48956918716431,327,85.25121414306459,30,9.403014211094474
450_30_HZ,-2.48956918716431,326,84.9905070661745,30,9.40388391992906
451_30_HZ,-2.47379493713379,325,84.192943476636,30,9.404747328135429
452_30_HZ,-2.47379493713379,317,82.12050179105721,30,9.411427771170576
453_30_HZ,-2.45964217185974,312,80.36281831622311,30,9.415398277650494
454_30_HZ,-2.45964217185974,306,78.8173795024496,30,9.419954964695238
455_30_HZ,-2.48596906661987,304,79.140345243476,30,9.421423455351084
456_30_HZ,-2.48596906661987,302,78.6196850774005,30,9.422866743494062
457_30_HZ,-2.51389002799988,303,79.7659449578427,30,9.422148249736681
458_30_HZ,-2.51389002799988,312,82.13523045164001,30,9.415398277650494
459_30_HZ,-2.52243661880493,311,82.1503217169968,30,9.416173477061827
460_30_HZ,-2.52243661880493,297,78.4522364950098,30,9.426364702857713
461_30_HZ,-2.44249415397644,273,69.827224372218,30,9.440962289183762
462_30_HZ,-2.44249415397644,251,64.2001220418561,30,9.451155292104893
463_30_HZ,-2.54785656929016,237,63.23418896891379,30,9.456053990198594
464_30_HZ,-2.54785656929016,225,60.0324578818801,30,9.459269976277074
465_30_HZ,-2.71560144424438,219,62.2785872542151,30,9.460537735392602
466_30_HZ,-2.71560144424438,215,61.1410788112157,30,9.461256895571951
467_30_HZ,-2.66248035430908,209,58.2721872507615,30,9.462146616994467
468_30_HZ,-2.66248035430908,207,57.7145586646298,30,9.462392785776236
469_30_HZ,-2.55909633636475,211,56.5454575612398,30,9.46187524569983
470_30_HZ,-2.55909633636475,217,58.1533852644031,30,9.46090991673871
471_30_HZ,-2.46854615211487,225,58.1637482786193,30,9.459269976277074
472_30_HZ,-2.46854615211487,232,59.9732871139542,30,9.457504245391757
473_30_HZ,-2.39660048484802,241,60.4841137838961,30,9.45478037473616
474_30_HZ,-2.39660048484802,250,62.742856622298795,30,9.451546153194997
475_30_HZ,-2.44013071060181,257,65.67118083190459,30,9.448677812371722
476_30_HZ,-2.44013071060181,264,67.4598900374429,30,9.445500740765821
477_30_HZ,-2.49031114578247,267,69.62953570280051,30,9.444044629225754
478_30_HZ,-2.49031114578247,271,70.67267481445299,30,9.442014938377293
479_30_HZ,-2.5172700881958,267,70.383313326968,30,9.444044629225754
480_30_HZ,-2.5172700881958,263,69.3288816666389,30,9.445973510022744
481_30_HZ,-2.58061408996582,255,68.911526449556,30,9.449528841462314
482_30_HZ,-2.58061408996582,244,65.9388723674183,30,9.453759006543057
483_30_HZ,-2.68809270858765,239,67.2776437268934,30,9.455429783723812
484_30_HZ,-2.68809270858765,232,65.30716880602199,30,9.457504245391757
485_30_HZ,-2.78155612945557,227,66.1214381155067,30,9.458796984879497
486_30_HZ,-2.78155612945557,224,65.24758651045599,30,9.459497021033538
487_30_HZ,-2.76564455032349,218,63.1366396512549,30,9.460726976379766
488_30_HZ,-2.76564455032349,214,61.9781691989383,30,9.461420934046245
489_30_HZ,-2.72945189476013,207,59.1662986781068,30,9.462392785776236
490_30_HZ,-2.72945189476013,196,56.0221958498017,30,9.463296219158464
491_30_HZ,-2.71400737762451,182,51.7262559342919,30,9.46334343352516
492_30_HZ,-2.71400737762451,174,49.4525743547626,30,9.462815957880187
493_30_HZ,-2.75822448730469,171,49.3917430871969,30,9.462514194147742
494_30_HZ,-2.75822448730469,164,47.3698588672532,30,9.46158955678445
495_30_HZ,-2.79961109161377,160,46.907934918937904,30,9.460922578756081
496_30_HZ,-2.79961109161377,161,47.201109512181304,30,9.4610987742055
497_30_HZ,-2.78669500350952,166,48.4424553000715,30,9.461885242029332
498_30_HZ,-2.78669500350952,168,49.026099339831404,30,9.462155724761347
499_30_HZ,-2.78460645675659,175,51.0305785306221,30,9.462903944534567
500_30_HZ,-2.78460645675659,175,51.0305785306221,30,9.462903944534567
501_30_HZ,-2.74429154396057,179,51.4412975047773,30,9.46319288486992
502_30_HZ,-2.74429154396057,182,52.3034421556953,30,9.46334343352516
503_30_HZ,-2.71955871582031,176,50.123306852232204,30,9.46298563056073
504_30_HZ,-2.71955871582031,175,49.8385153360263,30,9.462903944534567
505_30_HZ,-2.69122552871704,176,49.6011099325908,30,9.46298563056073
506_30_HZ,-2.69122552871704,178,50.1647589090975,30,9.463130100728408
507_30_HZ,-2.70425176620483,178,50.4075659725398,30,9.463130100728408
508_30_HZ,-2.70425176620483,175,49.558000253901504,30,9.462903944534567
509_30_HZ,-2.73055100440979,172,49.1821345052872,30,9.462621082686773
510_30_HZ,-2.73055100440979,168,48.0383639353968,30,9.462155724761347
511_30_HZ,-2.80464029312134,169,49.6355084632564,30,9.46228151518503
512_30_HZ,-2.80464029312134,170,49.9292096967668,30,9.462401004980494
513_30_HZ,-2.87086963653564,170,51.1082507754699,30,9.462401004980494
514_30_HZ,-2.87086963653564,170,51.1082507754699,30,9.462401004980494
515_30_HZ,-2.80703115463257,167,49.089917780059,30,9.462023633709448
516_30_HZ,-2.80703115463257,167,49.089917780059,30,9.462023633709448
517_30_HZ,-2.76701855659485,165,47.8106481373113,30,9.461740549720998
518_30_HZ,-2.76701855659485,167,48.3901711450362,30,9.462023633709448
519_30_HZ,-2.72942447662354,169,48.304366193114,30,9.46228151518503
520_30_HZ,-2.72942447662354,173,49.447664801235,30,9.462721670597588
521_30_HZ,-2.68572950363159,176,49.499810821118,30,9.46298563056073
522_30_HZ,-2.68572950363159,180,50.6248065215979,30,9.463249368383218
523_30_HZ,-2.65143299102783,186,51.6442784772063,30,9.463455956270442
524_30_HZ,-2.65143299102783,188,52.199593299541796,30,9.463474413873781
525_30_HZ,-2.63549399375916,188,51.8857962792299,30,9.463474413873781
526_30_HZ,-2.63549399375916,190,52.437772835391904,30,9.463467668964253
527_30_HZ,-2.65080094337463,189,52.464740846005995,30,9.463474191733125
528_30_HZ,-2.65080094337463,188,52.1871496245985,30,9.463474413873781
529_30_HZ,-2.69463324546814,189,53.3322727678524,30,9.463474191733125
530_30_HZ,-2.69463324546814,180,50.792640731288,30,9.463249368383218
531_30_HZ,-2.70183324813843,172,48.66487591733,30,9.462621082686773
532_30_HZ,-2.70183324813843,163,46.1184579914232,30,9.461432263219683
533_30_HZ,-2.7734215259552,161,46.7595576209714,30,9.4610987742055
534_30_HZ,-2.7734215259552,157,45.5978294813199,30,9.46035618863853
535_30_HZ,-2.81604480743408,159,46.888388794928595,30,9.460740082678448
536_30_HZ,-2.81604480743408,160,47.183284321940796,30,9.460922578756081
537_30_HZ,-2.76328110694885,162,46.877959590952095,30,9.4612686690267
538_30_HZ,-2.76328110694885,165,47.7460699537475,30,9.461740549720998
539_30_HZ,-2.73060607910156,168,48.0393308814608,30,9.462155724761347
540_30_HZ,-2.73060607910156,170,48.6112276776687,30,9.462401004980494
541_30_HZ,-2.69738149642944,170,48.0197502236636,30,9.462401004980494
542_30_HZ,-2.69738149642944,174,49.1496266995145,30,9.462815957880187
543_30_HZ,-2.7028501033783,174,49.2492739447946,30,9.462815957880187
544_30_HZ,-2.7028501033783,169,47.8340649233924,30,9.46228151518503
545_30_HZ,-2.72216939926147,162,46.180515208462694,30,9.4612686690267
546_30_HZ,-2.72216939926147,158,45.040255573685805,30,9.460551285972597
547_30_HZ,-2.78691482543945,155,45.2359815728188,30,9.459947092085743
548_30_HZ,-2.78691482543945,152,44.360446445602896,30,9.459286192544935
549_30_HZ,-2.84338855743408,153,45.5571199008968,30,9.459512793020089
550_30_HZ,-2.84338855743408,150,44.6638430400949,30,9.45881408970998
551_30_HZ,-2.82569074630737,149,44.089940406367305,30,9.458568587350177
552_30_HZ,-2.82569074630737,144,42.6104122048114,30,9.457246566127909
553_30_HZ,-2.82077169418335,143,42.240843116876206,30,9.456963259998805
554_30_HZ,-2.82077169418335,146,43.1270146507967,30,9.457794276501467
555_30_HZ,-2.8554801940918,151,45.152804066600204,30,9.459053291441567
556_30_HZ,-2.8554801940918,153,45.7508544515883,30,9.459512793020089
557_30_HZ,-2.81370902061462,157,46.2601932908304,30,9.46035618863853
558_30_HZ,-2.81370902061462,160,47.1441460288718,30,9.460922578756081
559_30_HZ,-2.77498817443848,164,47.6577555465636,30,9.46158955678445
560_30_HZ,-2.77498817443848,163,47.3671594761577,30,9.461432263219683
561_30_HZ,-2.79678058624268,165,48.324899407896794,30,9.461740549720998
562_30_HZ,-2.79678058624268,165,48.324899407896794,30,9.461740549720998
563_30_HZ,-2.82464647293091,167,49.397979313747,30,9.462023633709448
564_30_HZ,-2.82464647293091,165,48.8063867471153,30,9.461740549720998
565_30_HZ,-2.83047246932983,167,49.4998654996156,30,9.462023633709448
566_30_HZ,-2.83047246932983,167,49.4998654996156,30,9.462023633709448
567_30_HZ,-2.81013631820679,165,48.5556714462205,30,9.461740549720998
568_30_HZ,-2.81013631820679,166,48.8499482428643,30,9.461885242029332
569_30_HZ,-2.80310130119324,165,48.4341125124532,30,9.461740549720998
570_30_HZ,-2.80310130119324,163,47.8470323607871,30,9.461432263219683
571_30_HZ,-2.82984042167664,160,47.4144304763012,30,9.460922578756081
572_30_HZ,-2.82984042167664,159,47.1180902858243,30,9.460740082678448
573_30_HZ,-2.83651828765869,156,46.338161950692204,30,9.460154790676244
574_30_HZ,-2.83651828765869,154,45.7440829513243,30,9.459733092867024
575_30_HZ,-2.84921455383301,146,43.5618813762124,30,9.457794276501467
576_30_HZ,-2.84921455383301,141,42.0700361236024,30,9.456377745855946
577_30_HZ,-2.88254904747009,136,41.0529383659191,30,9.454803699505002
578_30_HZ,-2.88254904747009,146,44.071536775177904,30,9.457794276501467
579_30_HZ,-2.86726975440979,147,44.1381869860218,30,9.458058680745921
580_30_HZ,-2.86726975440979,144,43.2374076597765,30,9.457246566127909
581_30_HZ,-2.72755575180054,136,38.8455386368284,30,9.454803699505002
582_30_HZ,-2.72755575180054,130,37.131764873438904,30,9.452706923152713
583_30_HZ,-2.76671624183655,129,37.375150377830295,30,9.45233540822857
584_30_HZ,-2.76671624183655,142,41.1416384004024,30,9.456673653241484
585_30_HZ,-2.85231995582581,157,46.894996259699795,30,9.46035618863853
586_30_HZ,-2.85231995582581,168,50.180632940315704,30,9.462155724761347
587_30_HZ,-2.66616272926331,156,43.5551875769712,30,9.460154790676244
588_30_HZ,-2.66616272926331,141,39.3671887714932,30,9.456377745855946
589_30_HZ,-2.60100507736206,127,34.5918306662295,30,9.45157347649564
590_30_HZ,-2.60100507736206,110,29.9614281361043,30,9.444079505308688
591_30_HZ,-2.96735596656799,93,28.8988925468574,30,9.434764652567056
592_30_HZ,-2.96735596656799,83,25.79148474612,30,9.42843474261564
593_30_HZ,-3.18170857429504,79,26.3218316397301,30,9.425726361045001
594_30_HZ,-3.18170857429504,80,26.6550193820052,30,9.426412907379985
595_30_HZ,-3.16030073165894,75,24.8209442902949,30,9.422917169422892
596_30_HZ,-3.16030073165894,68,22.5043228232007,30,9.41775850989785
597_30_HZ,-3.03284335136414,62,19.6911141180841,30,9.41309107723307
598_30_HZ,-3.03284335136414,58,18.420719658852903,30,9.40985344289221
599_30_HZ,-3.04048323631287,56,17.8303242635385,30,9.40819682195248
600_30_HZ,-3.04048323631287,57,18.1487229111017,30,9.409028282736454
601_30_HZ,-2.97276973724365,58,18.055847166085897,30,9.40985344289221
602_30_HZ,-2.97276973724365,64,19.9236934246465,30,9.414672090634197
603_30_HZ,-2.8557550907135,67,20.0366160335975,30,9.416996356024262
604_30_HZ,-2.8557550907135,62,18.541346180344,30,9.41309107723307
605_30_HZ,-2.85155034065247,57,17.020978896659997,30,9.409028282736454
606_30_HZ,-2.85155034065247,48,14.3334559129768,30,9.401318313064884
607_30_HZ,-2.99074220657349,36,11.274832843423699,30,9.390244474347462
608_30_HZ,-2.99074220657349,27,8.45612463256778,30,9.3813436859429
609_30_HZ,-3.1150393486023,29,9.4599786825522,30,9.38336574331921
610_30_HZ,-3.1150393486023,28,9.13377252108488,30,9.382357864945163
611_30_HZ,-3.04534721374512,29,9.24833260715034,30,9.38336574331921
612_30_HZ,-3.04534721374512,35,11.161780732767701,30,9.389280700370934
613_30_HZ,-2.89870810508728,38,11.5349758684431,30,9.392153120415868
614_30_HZ,-2.89870810508728,33,10.017215885753199,30,9.387334250533227
615_30_HZ,-2.85646963119507,25,7.47821984645118,30,9.379296426053722
616_30_HZ,-2.85646963119507,18,5.38431828944485,30,9.371932546652769
617_30_HZ,-2.93731904029846,17,5.2291205683480095,30,9.370855361368337
618_30_HZ,-2.93731904029846,20,6.15190655099766,30,9.374068015336983
619_30_HZ,-3.01819586753845,23,7.269488998319829,30,9.377223963651677
620_30_HZ,-3.01819586753845,28,8.84981269360675,30,9.382357864945163
621_30_HZ,-2.93053126335144,32,9.820304226565549,30,9.386351574672048
622_30_HZ,-2.93053126335144,26,7.97899718408451,30,9.380323206312418
623_30_HZ,-2.89733409881592,22,6.67497832660197,30,9.376178281508329
624_30_HZ,-2.89733409881592,25,7.585202643865871,30,9.379296426053722
625_30_HZ,-2.98991775512695,24,7.51448320166899,30,9.378263345166808
626_30_HZ,-2.98991775512695,20,6.26206933472416,30,9.374068015336983
627_30_HZ,-3.00063538551331,22,6.912967926618051,30,9.376178281508329
628_30_HZ,-3.00063538551331,24,7.5414195563106,30,9.378263345166808
629_30_HZ,-2.96172213554382,25,7.7537706965508395,30,9.379296426053722
630_30_HZ,-2.96172213554382,27,8.3740723522749,30,9.3813436859429
631_30_HZ,-2.88768815994263,25,7.55994981138936,30,9.379296426053722
632_30_HZ,-2.88768815994263,20,6.04795984911149,30,9.374068015336983
633_30_HZ,-2.87512922286987,12,3.61299396834995,30,9.365374925522923
634_30_HZ,-2.87512922286987,9,2.7097454762624698,30,9.36201105647707
635_30_HZ,-2.9623544216156,9,2.7919531586013404,30,9.36201105647707
636_30_HZ,-2.9623544216156,6,1.86130210573423,30,9.358590481777268
637_30_HZ,-2.98832392692566,5,1.56468276713766,30,9.357437688954233
638_30_HZ,-2.98832392692566,3,0.9388096602825949,30,9.355113201423512
639_30_HZ,-2.90849137306213,3,0.913729496746111,30,9.355113201423512
640_30_HZ,-2.90849137306213,2,0.609152997830741,30,9.353941506715827
641_30_HZ,-2.88455533981323,6,1.81241952881733,30,9.358590481777268
642_30_HZ,-2.88455533981323,5,1.51034960734778,30,9.357437688954233
643_30_HZ,-2.85146808624268,5,1.4930251570334199,30,9.357437688954233
644_30_HZ,-2.85146808624268,12,3.5832603768801996,30,9.365374925522923
645_30_HZ,-2.8082127571106,25,7.3518837386770395,30,9.379296426053722
646_30_HZ,-2.8082127571106,27,7.9400344377711995,30,9.3813436859429
647_30_HZ,-2.76424288749695,25,7.23677111200357,30,9.379296426053722
648_30_HZ,-2.76424288749695,29,8.394654489924141,30,9.38336574331921
649_30_HZ,-2.78729963302612,33,9.632215950212421,30,9.387334250533227
650_30_HZ,-2.78729963302612,35,10.215986613861698,30,9.389280700370934
651_30_HZ,-2.84382820129395,32,9.52975995684168,30,9.386351574672048
652_30_HZ,-2.84382820129395,24,7.14731996763126,30,9.378263345166808
653_30_HZ,-2.80774545669556,19,5.58650210693416,30,9.373003431308986
654_30_HZ,-2.80774545669556,16,4.70442282689192,30,9.369771875455688
655_30_HZ,-2.91154170036316,15,4.57343904681584,30,9.368682088914822
656_30_HZ,-2.91154170036316,17,5.18323091972462,30,9.370855361368337
657_30_HZ,-2.94091892242432,18,5.543501785240269,30,9.371932546652769
658_30_HZ,-2.94091892242432,25,7.69930803505593,30,9.379296426053722
659_30_HZ,-2.88656139373779,41,12.393480082542599,30,9.39496883480685
660_30_HZ,-2.88656139373779,40,12.0912000805294,30,9.394036563971406
661_30_HZ,-2.84402060508728,41,12.2108308777998,30,9.39496883480685
662_30_HZ,-2.84402060508728,51,15.1890823114095,30,9.403945008609359
663_30_HZ,-2.84077787399292,48,14.2793069333896,30,9.401318313064884
664_30_HZ,-2.84077787399292,44,13.089364688940499,30,9.39772784354388
665_30_HZ,-2.82481122016907,33,9.761847156925079,30,9.387334250533227
666_30_HZ,-2.82481122016907,27,7.986965855665971,30,9.3813436859429
667_30_HZ,-2.93462586402893,39,11.9852187629668,30,9.393097992507744
668_30_HZ,-2.93462586402893,38,11.6779054613522,30,9.392153120415868
669_30_HZ,-2.94853138923645,21,6.48415900318099,30,9.375126298736765
670_30_HZ,-2.94853138923645,10,3.08769476341952,30,9.363138646787238
671_30_HZ,-2.88922715187073,7,2.1179140509304197,30,9.359736973972087
672_30_HZ,-2.88922715187073,7,2.1179140509304197,30,9.359736973972087
673_30_HZ,-3.07271838188171,6,1.93064595204233,30,9.358590481777268
674_30_HZ,-3.07271838188171,7,2.2524202773827198,30,9.359736973972087
675_30_HZ,-2.97667193412781,6,1.87029815750876,30,9.358590481777268
676_30_HZ,-2.97667193412781,5,1.55858179792396,30,9.357437688954233
677_30_HZ,-2.95389008522034,5,1.5466532519849299,30,9.357437688954233
678_30_HZ,-2.95389008522034,5,1.5466532519849299,30,9.357437688954233
679_30_HZ,-2.96213436126709,4,1.24077598038815,30,9.356278595502982
680_30_HZ,-2.96213436126709,3,0.93058198529111,30,9.355113201423512
681_30_HZ,-2.94614052772522,4,1.23407642551575,30,9.356278595502982
682_30_HZ,-2.94614052772522,3,0.9255573191368119,30,9.355113201423512
683_30_HZ,-2.92085790634155,4,1.22348606386179,30,9.356278595502982
684_30_HZ,-2.92085790634155,4,1.22348606386179,30,9.356278595502982
685_30_HZ,-2.91066241264343,6,1.8288230781183001,30,9.358590481777268
686_30_HZ,-2.91066241264343,5,1.52401923176525,30,9.357437688954233
687_30_HZ,-2.93929767608643,5,1.53901265138947,30,9.357437688954233
688_30_HZ,-2.93929767608643,5,1.53901265138947,30,9.357437688954233
689_30_HZ,-2.97785377502441,5,1.55920052829234,30,9.357437688954233
690_30_HZ,-2.97785377502441,5,1.55920052829234,30,9.357437688954233
691_30_HZ,-2.93141055107117,5,1.5348829859075601,30,9.357437688954233
692_30_HZ,-2.93141055107117,6,1.84185958308908,30,9.358590481777268
693_30_HZ,-2.86424660682678,10,2.9994321569176203,30,9.363138646787238
694_30_HZ,-2.86424660682678,13,3.8992618039929097,30,9.36648361394844
695_30_HZ,-2.86130619049072,12,3.59562347298493,30,9.365374925522923
696_30_HZ,-2.86130619049072,10,2.99635289415411,30,9.363138646787238
697_30_HZ,-2.93767619132996,9,2.76869465238196,30,9.36201105647707
698_30_HZ,-2.93767619132996,9,2.76869465238196,30,9.36201105647707
699_30_HZ,-3.01830577850342,9,2.84468625288046,30,9.36201105647707
700_30_HZ,-3.01830577850342,11,3.47683875352056,30,9.364259936469189
701_30_HZ,-2.94704723358154,12,3.70336889155131,30,9.365374925522923
702_30_HZ,-2.94704723358154,12,3.70336889155131,30,9.365374925522923
703_30_HZ,-2.88977670669556,10,3.0261670644625402,30,9.363138646787238
704_30_HZ,-2.88977670669556,10,3.0261670644625402,30,9.363138646787238
705_30_HZ,-2.90041184425354,11,3.34103463220252,30,9.364259936469189
706_30_HZ,-2.90041184425354,10,3.0373042110932,30,9.363138646787238
707_30_HZ,-2.88172459602356,10,3.01773506455871,30,9.363138646787238
708_30_HZ,-2.88172459602356,9,2.71596155810284,30,9.36201105647707
709_30_HZ,-2.84289383888245,11,3.27477868210492,30,9.364259936469189
710_30_HZ,-2.84289383888245,14,4.1679001408608105,30,9.367586001745739
711_30_HZ,-2.82602047920227,15,4.43910261148788,30,9.368682088914822
712_30_HZ,-2.82602047920227,15,4.43910261148788,30,9.368682088914822
713_30_HZ,-2.81019139289856,15,4.41423828412641,30,9.368682088914822
714_30_HZ,-2.81019139289856,11,3.2371080750260397,30,9.364259936469189
715_30_HZ,-2.85490322113037,10,2.98964758365038,30,9.363138646787238
716_30_HZ,-2.85490322113037,10,2.98964758365038,30,9.363138646787238
717_30_HZ,-2.8554253578186,13,3.8872526792152002,30,9.36648361394844
718_30_HZ,-2.8554253578186,15,4.4852915529406205,30,9.368682088914822
719_30_HZ,-2.7833423614502,42,12.241778907481,30,9.395894805014077
720_30_HZ,-2.7833423614502,108,31.478860047808197,30,9.443078149703513
721_30_HZ,-2.63170146942139,214,58.9765038570633,30,9.461420934046245
722_30_HZ,-2.63170146942139,342,94.25216971549361,30,9.389212503189654
723_30_HZ,-1.70676958560944,460,82.2169489053154,30,9.23119803805382
724_30_HZ,-1.70676958560944,555,99.19653617923919,30,9.04023639657874
725_30_HZ,-0.380860775709152,626,24.9671632265112,30,8.86038809402577
726_30_HZ,-0.380860775709152,680,27.1208801821527,30,8.702337440866161
727_30_HZ,0.078631229698658,721,5.93688939138863,30,8.570065545570365
728_30_HZ,0.078631229698658,746,6.14274547292083,30,8.484213932598873
729_30_HZ,0.103205338120461,765,8.2678429376268,30,8.41633304414588
730_30_HZ,0.103205338120461,777,8.397534591550361,30,8.372288987221966
731_30_HZ,0.106132939457893,781,8.68020232026308,30,8.357406014811053
732_30_HZ,0.106132939457893,782,8.691316535781981,30,8.353669520137782
733_30_HZ,0.10740452259779,788,8.862931914892231,30,8.331118238905606
734_30_HZ,0.10740452259779,791,8.89667404147177,30,8.31975753980859
735_30_HZ,0.107700243592262,792,8.9324476323534,30,8.31595803885315
736_30_HZ,0.107700243592262,794,8.95500431829369,30,8.308340135057621
737_30_HZ,0.106724373996258,793,8.862687272087499,30,8.312152237269494
738_30_HZ,0.106724373996258,792,8.851511121681328,30,8.31595803885315
739_30_HZ,0.107877671718597,790,8.92456951469392,30,8.323550740135811
740_30_HZ,0.107877671718597,795,8.981054131875519,30,8.304521732217532
741_30_HZ,0.109858974814415,795,9.14600222037214,30,8.304521732217532
742_30_HZ,0.109858974814415,796,9.157506625680789,30,8.300697028749225
743_30_HZ,0.111426278948784,796,9.288152076868139,30,8.300697028749225
744_30_HZ,0.111426278948784,792,9.2414779458286,30,8.31595803885315
745_30_HZ,0.110095553100109,791,9.11958079746676,30,8.31975753980859
746_30_HZ,0.110095553100109,789,9.09652243893966,30,8.327337639834818
747_30_HZ,0.109533689916134,787,9.02715846195224,30,8.334892537348178
748_30_HZ,0.109533689916134,784,8.99274743859028,30,8.346177628906592
749_30_HZ,0.111603707075119,786,9.186070995685299,30,8.338660535162532
750_30_HZ,0.111603707075119,785,9.17438388245924,30,8.342422232348671
751_30_HZ,0.112047284841537,787,9.234315176116901,30,8.334892537348178
752_30_HZ,0.112047284841537,787,9.234315176116901,30,8.334892537348178
753_30_HZ,0.11121927946806,786,9.15442846178388,30,8.338660535162532
754_30_HZ,0.11121927946806,786,9.15442846178388,30,8.338660535162532
755_30_HZ,0.110893987119198,790,9.1741051754666,30,8.323550740135811
756_30_HZ,0.110893987119198,791,9.185717966827951,30,8.31975753980859
757_30_HZ,0.111603707075119,793,9.26788078826774,30,8.312152237269494
758_30_HZ,0.111603707075119,796,9.30294212794593,30,8.300697028749225
759_30_HZ,0.112313434481621,797,9.37386376734801,30,8.2968660246527
760_30_HZ,0.112313434481621,794,9.338579462075689,30,8.308340135057621
761_30_HZ,0.111514993011951,791,9.23715798744217,30,8.31975753980859
762_30_HZ,0.111514993011951,785,9.16709104948433,30,8.342422232348671
763_30_HZ,0.111248850822449,782,9.11026269367846,30,8.353669520137782
764_30_HZ,0.111248850822449,780,9.08696278909105,30,8.361136208856106
765_30_HZ,0.110509559512138,781,9.03814880769662,30,8.357406014811053
766_30_HZ,0.110509559512138,782,9.04972134138125,30,8.353669520137782
767_30_HZ,0.108764827251434,782,8.90684374995997,30,8.353669520137782
768_30_HZ,0.108764827251434,784,8.92962340149439,30,8.346177628906592
769_30_HZ,0.110982701182365,784,9.11171197004032,30,8.346177628906592
770_30_HZ,0.110982701182365,782,9.08846780685145,30,8.353669520137782
771_30_HZ,0.111662857234478,785,9.17924577110918,30,8.342422232348671
772_30_HZ,0.111662857234478,786,9.19093907782397,30,8.338660535162532
01_30_HZ,-0.0254021156579256,-800,2.12808272627195,30,7.348973516679411
02_30_HZ,-0.0254021156579256,802,2.13340293308763,30,8.582674450980381
03_30_HZ,-0.0234799534082413,801,1.9695108344188,30,8.586276931436199
04_30_HZ,-0.0234799534082413,797,1.9596755743218297,30,8.600632230137498
05_30_HZ,-0.0227998048067093,800,1.9100719231148602,30,8.58987394957982
06_30_HZ,-0.0227998048067093,804,1.9196222827304399,30,8.57545310313215
07_30_HZ,-0.0246036797761917,802,2.0663460306506503,30,8.582674450980381
08_30_HZ,-0.0246036797761917,801,2.06376953934061,30,8.586276931436199
09_30_HZ,-0.0264075547456741,801,2.21507956566245,30,8.586276931436199
10_30_HZ,-0.0264075547456741,799,2.20954878023009,30,8.593465505411244
11_30_HZ,-0.0285367202013731,803,2.3996517231875703,30,8.579066508212364
12_30_HZ,-0.0285367202013731,802,2.3966633648772504,30,8.582674450980381
13_30_HZ,-0.0295421592891216,801,2.4780117425496,30,8.586276931436199
14_30_HZ,-0.0295421592891216,797,2.46563715207494,30,8.600632230137498
15_30_HZ,-0.0274721384048462,796,2.28999290854843,30,8.604207399032328
16_30_HZ,-0.0274721384048462,793,2.2813622820086703,30,8.614900131843635
17_30_HZ,-0.0243079625070095,796,2.02623699766073,30,8.604207399032328
18_30_HZ,-0.0243079625070095,797,2.02878252152713,30,8.600632230137498
19_30_HZ,-0.0249881129711866,802,2.0986326873795598,30,8.582674450980381
20_30_HZ,-0.0249881129711866,810,2.11956667927362,30,8.553657964094716
21_30_HZ,-0.0262892674654722,810,2.2299346483719,30,8.553657964094716
22_30_HZ,-0.0262892674654722,803,2.21066360820078,30,8.579066508212364
23_30_HZ,-0.0257274061441422,803,2.1634165794540796,30,8.579066508212364
24_30_HZ,-0.0257274061441422,802,2.16072241185824,30,8.582674450980381
25_30_HZ,-0.0254908315837383,803,2.14352309366599,30,8.579066508212364
26_30_HZ,-0.0254908315837383,810,2.1622088491525,30,8.553657964094716
27_30_HZ,-0.023568669334054,809,1.99669715318181,30,8.557304143048116
28_30_HZ,-0.023568669334054,807,1.99176094266715,30,8.564580114018323
29_30_HZ,-0.0253429729491472,804,2.13374357496755,30,8.57545310313215
30_30_HZ,-0.0253429729491472,802,2.12843575512933,30,8.582674450980381
31_30_HZ,-0.0256091188639402,799,2.14274271408651,30,8.593465505411244
32_30_HZ,-0.0256091188639402,800,2.1454244947049,30,8.58987394957982
33_30_HZ,-0.0238643866032362,798,1.9942600153681098,30,8.59705159893047
34_30_HZ,-0.0238643866032362,796,1.9892618699661901,30,8.604207399032328
35_30_HZ,-0.0252542570233345,796,2.10511727007574,30,8.604207399032328
36_30_HZ,-0.0252542570233345,798,2.11040650944779,30,8.59705159893047
37_30_HZ,-0.0260822661221027,798,2.17960016549525,30,8.59705159893047
38_30_HZ,-0.0260822661221027,800,2.1850628225516298,30,8.58987394957982
39_30_HZ,-0.025313401594758,798,2.11534891345118,30,8.59705159893047
40_30_HZ,-0.025313401594758,800,2.1206505398006796,30,8.58987394957982
41_30_HZ,-0.0260526947677135,800,2.18258542706122,30,8.58987394957982
42_30_HZ,-0.0260526947677135,798,2.17712896349356,30,8.59705159893047
43_30_HZ,-0.0263188406825066,798,2.19936978150882,30,8.59705159893047
44_30_HZ,-0.0263188406825066,800,2.20488198647501,30,8.58987394957982
45_30_HZ,-0.0252838302403688,800,2.11817314431026,30,8.58987394957982
46_30_HZ,-0.0252838302403688,801,2.1208208607406402,30,8.586276931436199
47_30_HZ,-0.0261709820479155,800,2.1924950090229003,30,8.58987394957982
48_30_HZ,-0.0261709820479155,800,2.1924950090229003,30,8.58987394957982
49_30_HZ,-0.0266737006604671,795,2.22064441528281,30,8.60777710561496
50_30_HZ,-0.0266737006604671,796,2.22343767869826,30,8.604207399032328
51_30_HZ,-0.0267032720148563,797,2.22869904737105,30,8.600632230137498
52_30_HZ,-0.0267032720148563,801,2.2398844880102997,30,8.586276931436199
53_30_HZ,-0.0267624165862799,804,2.25325313342548,30,8.57545310313215
54_30_HZ,-0.0267624165862799,804,2.25325313342548,30,8.57545310313215
55_30_HZ,-0.0264666993170977,803,2.22558372254184,30,8.579066508212364
56_30_HZ,-0.0264666993170977,805,2.23112689495166,30,8.57183423573974
57_30_HZ,-0.0265554133802652,802,2.23026290327437,30,8.582674450980381
58_30_HZ,-0.0265554133802652,801,2.22748202683638,30,8.586276931436199
59_30_HZ,-0.0264666993170977,802,2.22281213633693,30,8.582674450980381
60_30_HZ,-0.0264666993170977,805,2.23112689495166,30,8.57183423573974
61_30_HZ,-0.02599355019629,803,2.18579675096568,30,8.579066508212364
62_30_HZ,-0.02599355019629,802,2.18307471267058,30,8.582674450980381
63_30_HZ,-0.0259344074875116,800,2.1726758450995303,30,8.58987394957982
64_30_HZ,-0.0259344074875116,800,2.1726758450995303,30,8.58987394957982
65_30_HZ,-0.025313401594758,800,2.1206505398006796,30,8.58987394957982
66_30_HZ,-0.025313401594758,797,2.1126981002764302,30,8.600632230137498
67_30_HZ,-0.0258752647787333,800,2.16772105411868,30,8.58987394957982
68_30_HZ,-0.0258752647787333,805,2.18126931070693,30,8.57183423573974
69_30_HZ,-0.0259639788419008,802,2.1805911236914297,30,8.582674450980381
70_30_HZ,-0.0259639788419008,803,2.18331006524216,30,8.579066508212364
71_30_HZ,-0.0264666993170977,805,2.23112689495166,30,8.57183423573974
72_30_HZ,-0.0264666993170977,809,2.24221323977129,30,8.557304143048116
73_30_HZ,-0.0254021156579256,807,2.14670345012683,30,8.564580114018323
74_30_HZ,-0.0254021156579256,802,2.13340293308763,30,8.582674450980381
75_30_HZ,-0.0261709820479155,799,2.1897543902616197,30,8.593465505411244
76_30_HZ,-0.0261709820479155,797,2.18427315273906,30,8.600632230137498
77_30_HZ,-0.0268215592950583,800,2.2469977098121703,30,8.58987394957982
78_30_HZ,-0.0268215592950583,800,2.2469977098121703,30,8.58987394957982
79_30_HZ,-0.0258161202073097,805,2.17628355228246,30,8.57183423573974
80_30_HZ,-0.0258161202073097,806,2.17898701011138,30,8.568209906035129
81_30_HZ,-0.0260231234133244,800,2.1801080315707897,30,8.58987394957982
82_30_HZ,-0.0260231234133244,797,2.1719326264524,30,8.600632230137498
83_30_HZ,-0.0266145579516888,799,2.2268688714525,30,8.593465505411244
84_30_HZ,-0.0266145579516888,800,2.22965594137922,30,8.58987394957982
85_30_HZ,-0.0260526947677135,800,2.18258542706122,30,8.58987394957982
86_30_HZ,-0.0260526947677135,798,2.17712896349356,30,8.59705159893047
87_30_HZ,-0.0255204029381275,797,2.12997483707775,30,8.600632230137498
88_30_HZ,-0.0255204029381275,798,2.13264732746305,30,8.59705159893047
89_30_HZ,-0.0281522870063782,800,2.35848050688113,30,8.58987394957982
90_30_HZ,-0.0281522870063782,795,2.34374000371312,30,8.60777710561496
91_30_HZ,-0.0272059924900532,792,2.2564118126757697,30,8.618453451489675
92_30_HZ,-0.0272059924900532,794,2.26210982230374,30,8.611341349885397
93_30_HZ,-0.0247515384107828,794,2.0580281752915597,30,8.611341349885397
94_30_HZ,-0.0247515384107828,795,2.06062015032341,30,8.60777710561496
95_30_HZ,-0.02410096116364,797,2.0115057847258,30,8.600632230137498
96_30_HZ,-0.02410096116364,800,2.0190773246934,30,8.58987394957982
97_30_HZ,-0.0251063983887434,806,2.11908358715299,30,8.568209906035129
98_30_HZ,-0.0251063983887434,812,2.13485840293825,30,8.546349219251326
99_30_HZ,-0.0257865488529205,812,2.1926932006621302,30,8.546349219251326
100_30_HZ,-0.0257865488529205,810,2.18729247849301,30,8.553657964094716
101_30_HZ,-0.0272651351988316,807,2.30414503028746,30,8.564580114018323
102_30_HZ,-0.0272651351988316,800,2.28415864216849,30,8.58987394957982
103_30_HZ,-0.0259048361331224,797,2.1620602054230798,30,8.600632230137498
104_30_HZ,-0.0259048361331224,800,2.17019844960911,30,8.58987394957982
105_30_HZ,-0.0252838302403688,802,2.12346857717103,30,8.582674450980381
106_30_HZ,-0.0252838302403688,805,2.1314117264622,30,8.57183423573974
107_30_HZ,-0.0250768270343542,803,2.10870949353685,30,8.579066508212364
108_30_HZ,-0.0250768270343542,801,2.1034574150971603,30,8.586276931436199
109_30_HZ,-0.026259696111083,803,2.20817692247727,30,8.579066508212364
110_30_HZ,-0.026259696111083,799,2.1971772864998,30,8.593465505411244
111_30_HZ,-0.0257569774985313,796,2.1470224147962202,30,8.604207399032328
112_30_HZ,-0.0257569774985313,795,2.14432515045602,30,8.60777710561496
113_30_HZ,-0.0257569774985313,797,2.14971967913641,30,8.600632230137498
114_30_HZ,-0.0257569774985313,795,2.14432515045602,30,8.60777710561496
115_30_HZ,-0.0282114315778017,797,2.35457241549499,30,8.600632230137498
116_30_HZ,-0.0282114315778017,797,2.35457241549499,30,8.600632230137498
117_30_HZ,-0.0322923287749291,794,2.68502600647357,30,8.611341349885397
118_30_HZ,-0.0322923287749291,794,2.68502600647357,30,8.611341349885397
119_30_HZ,-0.0361070819199085,795,3.0059942694682,30,8.60777710561496
120_30_HZ,-0.0361070819199085,794,3.0022131446009497,30,8.611341349885397
121_30_HZ,-0.0484089218080044,790,4.0048027125970105,30,8.625543703845164
122_30_HZ,-0.0484089218080044,785,3.9794558599856398,30,8.643173744270424
123_30_HZ,-0.0838949978351593,777,6.826305339893531,30,8.671097768716566
124_30_HZ,-0.0838949978351593,771,6.77359255734609,30,8.691811369938874
125_30_HZ,-0.151970565319061,773,12.3017698528718,30,8.684928685446895
126_30_HZ,-0.151970565319061,774,12.3176841735094,30,8.681479149732608
127_30_HZ,-0.200777024030685,767,16.1264214078863,30,8.705511191176459
128_30_HZ,-0.200777024030685,763,16.0423201228387,30,8.719123615418884
129_30_HZ,-0.251259833574295,760,19.9970201678375,30,8.729275579322627
130_30_HZ,-0.251259833574295,762,20.0496439051213,30,8.722513065698996
131_30_HZ,-0.331971883773804,761,26.4554140873533,30,8.72589705366691
132_30_HZ,-0.331971883773804,758,26.3511220475872,30,8.736016243697467
133_30_HZ,-0.354368984699249,756,28.054731366041402,30,8.742735058823518
134_30_HZ,-0.354368984699249,752,27.9062936339459,30,8.756107141329249
135_30_HZ,-0.336286395788193,747,26.3062252453688,30,8.772699342436963
136_30_HZ,-0.336286395788193,747,26.3062252453688,30,8.772699342436963
137_30_HZ,-0.363795012235642,748,28.4961998005969,30,8.769391826839815
138_30_HZ,-0.363795012235642,747,28.4581032767993,30,8.772699342436963
139_30_HZ,-0.379486709833145,746,29.6458583813416,30,8.776001395721915
140_30_HZ,-0.379486709833145,748,29.7253378944283,30,8.769391826839815
141_30_HZ,-0.406912863254547,747,31.831026984405998,30,8.772699342436963
142_30_HZ,-0.406912863254547,741,31.5753560849329,30,8.792429727463702
143_30_HZ,-0.443023055791855,737,34.1918373110645,30,8.805474071237574
144_30_HZ,-0.443023055791855,733,34.0062642456042,30,8.818431018016286
145_30_HZ,-0.466244608163834,729,35.5934400199938,30,8.831300567799836
146_30_HZ,-0.466244608163834,724,35.349314916976,30,8.847264603004827
147_30_HZ,-0.495099782943726,720,37.3296434786907,30,8.859937509549264
148_30_HZ,-0.495099782943726,717,37.1741032975295,30,8.869384835179515
149_30_HZ,-0.532556533813477,714,39.8192015226521,30,8.87878299999999
150_30_HZ,-0.532556533813477,713,39.7634323328445,30,8.881904796982418
151_30_HZ,-0.569326281547546,715,42.6280906264528,30,8.875655740705362
152_30_HZ,-0.569326281547546,717,42.7473300407925,30,8.869384835179515
153_30_HZ,-0.555091023445129,718,41.7366210338896,30,8.866241188948296
154_30_HZ,-0.555091023445129,719,41.794750032544,30,8.86309208040488
155_30_HZ,-0.523075520992279,722,39.548519936660696,30,8.85361198090144
156_30_HZ,-0.523075520992279,724,39.6580726234659,30,8.847264603004827
157_30_HZ,-0.508950233459473,728,38.800322397071106,30,8.83450429946523
158_30_HZ,-0.508950233459473,727,38.747025250921304,30,8.837702568818425
159_30_HZ,-0.485426425933838,726,36.9052922917215,30,8.840895375859423
160_30_HZ,-0.485426425933838,725,36.8544585557825,30,8.844082720588224
161_30_HZ,-0.480534791946411,722,36.332111989726194,30,8.85361198090144
162_30_HZ,-0.480534791946411,717,36.0805045659747,30,8.869384835179515
163_30_HZ,-0.507741093635559,710,37.751070804942295,30,8.891237414056521
164_30_HZ,-0.507741093635559,702,37.3257066268584,30,8.915884051184099
165_30_HZ,-0.586666822433472,697,42.820619372379795,30,8.931110674242413
166_30_HZ,-0.586666822433472,694,42.6363125458129,30,8.940181100331031
167_30_HZ,-0.677217125892639,693,49.1461819541614,30,8.943193651069508
168_30_HZ,-0.677217125892639,695,49.2880179771171,30,8.937163087280355
169_30_HZ,-0.689501166343689,697,50.3264633714169,30,8.931110674242413
170_30_HZ,-0.689501166343689,697,50.3264633714169,30,8.931110674242413
171_30_HZ,-0.649955868721008,699,47.5761896171185,30,8.92503641195568
172_30_HZ,-0.649955868721008,698,47.5081263987821,30,8.928076274255146
173_30_HZ,-0.626761794090271,697,45.7471363137468,30,8.931110674242413
174_30_HZ,-0.626761794090271,696,45.6815019718332,30,8.934139611917484
175_30_HZ,-0.642068803310394,695,46.7299132417873,30,8.937163087280355
176_30_HZ,-0.642068803310394,697,46.8643878122673,30,8.931110674242413
177_30_HZ,-0.664905607700348,697,48.531238791209,30,8.931110674242413
178_30_HZ,-0.664905607700348,694,48.3223525410316,30,8.940181100331031
179_30_HZ,-0.667928516864777,692,48.402154369472996,30,8.946200739495788
180_30_HZ,-0.667928516864777,689,48.192318440125604,30,8.955189230901441
181_30_HZ,-0.704368472099304,686,50.60024724269719,30,8.964128561497315
182_30_HZ,-0.704368472099304,683,50.378963362627104,30,8.973018731283412
183_30_HZ,-0.722643435001373,680,51.4590277271007,30,8.981859740259729
184_30_HZ,-0.722643435001373,672,50.8536274008995,30,9.005195422459883
185_30_HZ,-0.74190765619278,666,51.7431314453622,30,9.022467766997698
186_30_HZ,-0.74190765619278,665,51.6654390558046,30,9.025327372994642
187_30_HZ,-0.821438014507294,664,57.1178032966918,30,9.028181516679389
188_30_HZ,-0.821438014507294,659,56.687699356204696,30,9.042370300420158
189_30_HZ,-0.857740581035614,653,58.6540158334374,30,9.05921658460656
190_30_HZ,-0.857740581035614,650,58.3845486856575,30,9.067565985485093
191_30_HZ,-0.927322745323181,651,63.217966721999794,30,9.064788314171112
192_30_HZ,-0.927322745323181,652,63.3150757338615,30,9.062005180544935
193_30_HZ,-0.96502685546875,653,65.9904658466932,30,9.05921658460656
194_30_HZ,-0.96502685546875,654,66.09152322164991,30,9.056422526355986
195_30_HZ,-0.910092115402222,654,62.329222420873094,30,9.056422526355986
196_30_HZ,-0.910092115402222,646,61.566785449364005,30,9.078622047619037
197_30_HZ,-0.929438829421997,640,62.291586347582204,30,9.095042271454027
198_30_HZ,-0.929438829421997,635,61.804933329241706,30,9.108575577731083
199_30_HZ,-1.0012195110321,632,66.2635935760013,30,9.116630013750946
200_30_HZ,-1.0012195110321,628,65.8442037432418,30,9.127292789406662
201_30_HZ,-1.04029762744904,627,68.30519946671019,30,9.129944827540097
202_30_HZ,-1.04029762744904,626,68.1962597546421,30,9.132591403361335
203_30_HZ,-1.05194962024689,625,68.84994119428569,30,9.135232516870374
204_30_HZ,-1.05194962024689,622,68.5194614765531,30,9.143123083524308
205_30_HZ,-1.06445348262787,618,68.8880348402673,30,9.153567366692121
206_30_HZ,-1.06445348262787,620,69.1109734643458,30,9.14835614973261
207_30_HZ,-1.10867059230804,624,72.4462236870584,30,9.137868168067216
208_30_HZ,-1.10867059230804,625,72.56232340450559,30,9.135232516870374
209_30_HZ,-1.07220315933228,624,70.06325417976481,30,9.137868168067216
210_30_HZ,-1.07220315933228,620,69.6141307555356,30,9.14835614973261
211_30_HZ,-1.08407509326935,615,69.8173045416143,30,9.161343224789906
212_30_HZ,-1.08407509326935,610,69.2496841794873,30,9.174193742042261
213_30_HZ,-1.16382527351379,607,73.97842454876461,30,9.181838504647304
214_30_HZ,-1.16382527351379,607,73.97842454876461,30,9.181838504647304
215_30_HZ,-1.18770635128021,607,75.4964233901544,30,9.181838504647304
216_30_HZ,-1.18770635128021,606,75.3720470748494,30,9.18437583422459
217_30_HZ,-1.17319631576538,604,74.2055244942972,30,9.189434106442567
218_30_HZ,-1.17319631576538,604,74.2055244942972,30,9.189434106442567
219_30_HZ,-1.18097341060638,600,74.2027502799942,30,9.199485103132153
220_30_HZ,-1.18097341060638,597,73.8317365285942,30,9.206965996371267
221_30_HZ,-1.20870184898376,596,75.4386800187997,30,9.209448702826576
222_30_HZ,-1.20870184898376,597,75.5652549852742,30,9.206965996371267
223_30_HZ,-1.21485769748688,599,76.2045387131362,30,9.201984196524055
224_30_HZ,-1.21485769748688,602,76.5861975046878,30,9.194470529411754
225_30_HZ,-1.18902540206909,603,75.0822136255952,30,9.19195504908326
226_30_HZ,-1.18902540206909,605,75.3312425265092,30,9.186907701489677
227_30_HZ,-1.16572141647339,605,73.8548079767953,30,9.186907701489677
228_30_HZ,-1.16572141647339,605,73.8548079767953,30,9.186907701489677
229_30_HZ,-1.1678649187088,606,74.1129106305068,30,9.18437583422459
230_30_HZ,-1.1678649187088,605,73.99061209811319,30,9.186907701489677
231_30_HZ,-1.1849856376648,604,74.9512125786255,30,9.189434106442567
232_30_HZ,-1.1849856376648,602,74.7030297555175,30,9.194470529411754
233_30_HZ,-1.21639657020569,600,76.4284529167258,30,9.199485103132153
234_30_HZ,-1.21639657020569,597,76.0463106521422,30,9.206965996371267
235_30_HZ,-1.24940145015717,593,77.5863478059091,30,9.216864048319318
236_30_HZ,-1.24940145015717,591,77.3246737829549,30,9.221780300420159
237_30_HZ,-1.25319385528564,587,77.0344460729546,30,9.231547256875468
238_30_HZ,-1.25319385528564,582,76.37827532275911,30,9.243633050420158
239_30_HZ,-1.28122460842133,577,77.4158142051241,30,9.255582286159909
240_30_HZ,-1.28122460842133,572,76.7449665950277,30,9.26739496409472
241_30_HZ,-1.34151816368103,569,79.9350828180295,30,9.274417023109235
242_30_HZ,-1.34151816368103,566,79.5136324692525,30,9.281389921313972
243_30_HZ,-1.38150310516357,564,81.59425866258769,30,9.28601120855614
244_30_HZ,-1.38150310516357,565,81.73892933397529,30,9.283703296091154
245_30_HZ,-1.43437683582306,566,85.01749522149781,30,9.281389921313972
246_30_HZ,-1.43437683582306,569,85.4681179876895,30,9.274417023109235
247_30_HZ,-1.45070064067841,570,86.59269640489819,30,9.27208179908326
248_30_HZ,-1.45070064067841,571,86.74461341613481,30,9.26974111274509
249_30_HZ,-1.41766834259033,567,84.17561614850611,30,9.27907108422459
250_30_HZ,-1.41766834259033,563,83.5817846412856,30,9.28831365870893
251_30_HZ,-1.41552472114563,562,83.3071748369086,30,9.290610646549519
252_30_HZ,-1.41552472114563,562,83.3071748369086,30,9.290610646549519
253_30_HZ,-1.45581209659576,560,85.3732795723888,30,9.295188235294109
254_30_HZ,-1.45581209659576,556,84.763470432586,30,9.304277865036914
255_30_HZ,-1.48202908039093,553,85.8243397665621,30,9.311037733065945
256_30_HZ,-1.48202908039093,550,85.3587466032715,30,9.317748440285197
257_30_HZ,-1.50953769683838,550,86.94312801864889,30,9.317748440285197
258_30_HZ,-1.50953769683838,552,87.25928484780759,30,9.31328009778456
259_30_HZ,-1.53297901153564,552,88.6143216214319,30,9.31328009778456
260_30_HZ,-1.53297901153564,550,88.29325523874559,30,9.317748440285197
261_30_HZ,-1.52124464511871,545,86.82087840912139,30,9.32882370607333
262_30_HZ,-1.52124464511871,543,86.5022696810145,30,9.3332155762032
263_30_HZ,-1.53262186050415,542,86.9887126188113,30,9.335403317799837
264_30_HZ,-1.53262186050415,545,87.47019995802981,30,9.32882370607333
265_30_HZ,-1.56724798679352,545,89.4463959764467,30,9.32882370607333
266_30_HZ,-1.56724798679352,547,89.77463963140619,30,9.324409986694668
267_30_HZ,-1.54880821704865,547,88.71837480249751,30,9.324409986694668
268_30_HZ,-1.54880821704865,550,89.2049472419993,30,9.317748440285197
269_30_HZ,-1.52456986904144,551,87.9685714417658,30,9.315517000190976
270_30_HZ,-1.52456986904144,551,87.9685714417658,30,9.315517000190976
271_30_HZ,-1.51473164558411,548,86.9250323137357,30,9.322194933537043
272_30_HZ,-1.51473164558411,547,86.76640999199529,30,9.324409986694668
273_30_HZ,-1.51778197288513,546,86.7822005665594,30,9.326619577540098
274_30_HZ,-1.51778197288513,545,86.62325880728,30,9.32882370607333
275_30_HZ,-1.52201414108276,543,86.5460239904131,30,9.3332155762032
276_30_HZ,-1.52201414108276,542,86.386639047521,30,9.335403317799837
277_30_HZ,-1.53811800479889,539,86.8174538084782,30,9.341933768716569
278_30_HZ,-1.53811800479889,537,86.4953111227325,30,9.346260091100067
279_30_HZ,-1.58623743057251,535,88.86906298644439,30,9.350564564234777
280_30_HZ,-1.58623743057251,528,87.70629019970589,30,9.36545815737203
281_30_HZ,-1.63809430599213,515,88.3435306784449,30,9.392407586898386
282_30_HZ,-1.63809430599213,501,85.9419589706814,30,9.420397672459885
283_30_HZ,-1.74125838279724,493,89.8956690470909,30,9.435911323593066
284_30_HZ,-1.74125838279724,492,89.71332489080879,30,9.437825949579823
285_30_HZ,-1.86319208145142,496,96.7760601003605,30,9.430134671759605
286_30_HZ,-1.86319208145142,497,96.97117312475639,30,9.428198196524056
287_30_HZ,-1.82106363773346,498,94.9692638233558,30,9.42625625897631
288_30_HZ,-1.82106363773346,499,95.1599651563345,30,9.424308859116366
289_30_HZ,-1.78105103969574,501,93.4421279172235,30,9.420397672459885
290_30_HZ,-1.78105103969574,509,94.9342177841651,30,9.404534433346058
291_30_HZ,-1.76398527622223,518,95.68708889639781,30,9.386270422459884
292_30_HZ,-1.76398527622223,522,96.4259853357522,30,9.378011064171114
293_30_HZ,-1.64578902721405,520,89.6202448208806,30,9.382151667939894
294_30_HZ,-1.64578902721405,512,88.2414718236363,30,9.398495590527112
295_30_HZ,-1.6764030456543,503,88.3029131881235,30,9.416464636554613
296_30_HZ,-1.6764030456543,499,87.6007031428899,30,9.424308859116366
297_30_HZ,-1.82754909992218,499,95.49886824052379,30,9.424308859116366
298_30_HZ,-1.82754909992218,500,95.69024873799981,30,9.422355996944225
299_30_HZ,-1.85255694389343,502,97.3876534858763,30,9.418433885663347
300_30_HZ,-1.85255694389343,500,96.9996548664107,30,9.422355996944225
301_30_HZ,-1.82705450057983,497,95.0903623066167,30,9.428198196524056
302_30_HZ,-1.82705450057983,497,95.0903623066167,30,9.428198196524056
303_30_HZ,-1.82853841781616,499,95.5505653211629,30,9.424308859116366
304_30_HZ,-1.82853841781616,500,95.7420494200029,30,9.422355996944225
305_30_HZ,-1.81856286525726,498,94.83884697296651,30,9.42625625897631
306_30_HZ,-1.81856286525726,492,93.6962102624488,30,9.437825949579823
307_30_HZ,-1.82826364040375,487,93.2387411727854,30,9.44731714483065
308_30_HZ,-1.82826364040375,483,92.4729198900521,30,9.454811779411756
309_30_HZ,-1.87948846817017,483,95.0638518686937,30,9.454811779411756
310_30_HZ,-1.87948846817017,484,95.26067143778,30,9.452946314234776
311_30_HZ,-1.88608396053314,485,95.7924687504859,30,9.451075386745599
312_30_HZ,-1.88608396053314,481,95.0024277711004,30,9.458526322829123
313_30_HZ,-1.89190995693207,472,93.5128013143698,30,9.474971383753493
314_30_HZ,-1.89190995693207,466,92.32407926376341,30,9.485688953654181
315_30_HZ,-1.99837172031403,465,97.3100848423928,30,9.487456097211604
316_30_HZ,-1.99837172031403,462,96.68227784340961,30,9.492724754010688
317_30_HZ,-2.05525755882263,458,98.5735437658667,30,9.499673157372031
318_30_HZ,-2.05525755882263,452,97.2821872973182,30,9.50993189304812
319_30_HZ,-2.03684520721436,447,95.3441798928003,30,9.518330625859427
320_30_HZ,-2.03684520721436,444,94.7042860680164,30,9.52330431779984
321_30_HZ,-2.08927917480469,448,98.0173886213565,30,9.516661803921561
322_30_HZ,-2.08927917480469,454,99.33012150467819,30,9.506534163738214
323_30_HZ,-2.06199049949646,456,98.46460117598289,30,9.50311458517952
324_30_HZ,-2.06199049949646,456,98.46460117598289,30,9.50311458517952
325_30_HZ,-1.99372744560242,458,95.6224531565208,30,9.499673157372031
326_30_HZ,-1.99372744560242,455,94.9961052100807,30,9.504827105614964
327_30_HZ,-2.00114727020264,455,95.3496448647513,30,9.504827105614964
328_30_HZ,-2.00114727020264,450,94.3018465695343,30,9.513307773109236
329_30_HZ,-2.01843285560608,447,94.482302878739,30,9.518330625859427
330_30_HZ,-2.01843285560608,445,94.0595632685433,30,9.521651882798565
331_30_HZ,-2.07647299766541,446,96.9816972966496,30,9.519993985485096
332_30_HZ,-2.07647299766541,447,97.1991450484359,30,9.518330625859427
333_30_HZ,-2.06377673149109,445,96.17259942191849,30,9.521651882798565
334_30_HZ,-2.06377673149109,443,95.7403630200222,30,9.524951290488914
335_30_HZ,-2.06644248962402,442,95.64762828797441,30,9.526592800865792
336_30_HZ,-2.06644248962402,443,95.8640256370422,30,9.524951290488914
337_30_HZ,-2.07452201843262,441,95.8043512513745,30,9.528228848930473
338_30_HZ,-2.07452201843262,442,96.0215946782484,30,9.526592800865792
339_30_HZ,-2.04561185836792,441,94.4692404734275,30,9.528228848930473
340_30_HZ,-2.04561185836792,436,93.3981606494658,30,9.53632715457091
341_30_HZ,-2.05014610290527,426,91.4582826647639,30,9.552114092436968
342_30_HZ,-2.05014610290527,417,89.52606542536749,30,9.565855308823522
343_30_HZ,-2.15344762802124,415,93.5860330896438,30,9.568848827030806
344_30_HZ,-2.15344762802124,416,93.8115416031129,30,9.567354799083262
345_30_HZ,-2.22113370895386,419,97.4579642782486,30,9.562839941367448
346_30_HZ,-2.22113370895386,420,97.6905608517051,30,9.561324064171115
347_30_HZ,-2.12036037445068,414,91.92606009014601,30,9.57033739266615
348_30_HZ,-2.12036037445068,413,91.7040164667398,30,9.571820495989297
349_30_HZ,-2.13761854171753,415,92.89812003264281,30,9.568848827030806
350_30_HZ,-2.13761854171753,417,93.34582181593271,30,9.565855308823522
351_30_HZ,-2.19848918914795,416,95.77370539233809,30,9.567354799083262
352_30_HZ,-2.19848918914795,420,96.69460640572599,30,9.561324064171115
353_30_HZ,-2.15155148506165,421,94.8554865031522,30,9.559802724662585
354_30_HZ,-2.15155148506165,420,94.63017655896421,30,9.561324064171115
355_30_HZ,-2.10491609573364,417,91.9177633475785,30,9.565855308823522
356_30_HZ,-2.10491609573364,415,91.4769107655757,30,9.568848827030806
357_30_HZ,-2.11310529708862,412,91.1689585888828,30,9.573298137000247
358_30_HZ,-2.11310529708862,409,90.5051069486725,30,9.577698286159912
359_30_HZ,-2.15567374229431,410,92.5540627805941,30,9.576237032085555
360_30_HZ,-2.15567374229431,410,92.5540627805941,30,9.576237032085555
361_30_HZ,-2.17240953445435,407,92.5901419556093,30,9.580604407372032
362_30_HZ,-2.17240953445435,404,91.9076593367719,30,9.584922621848731
363_30_HZ,-2.18271517753601,398,90.9722080873725,30,9.593411568372796
364_30_HZ,-2.18271517753601,396,90.5150613130641,30,9.59619751871657
365_30_HZ,-2.24006819725037,398,93.362596603455,30,9.593411568372796
366_30_HZ,-2.24006819725037,398,93.362596603455,30,9.593411568372796
367_30_HZ,-2.21670913696289,398,92.3890315633639,30,9.593411568372796
368_30_HZ,-2.21670913696289,399,92.6211648084979,30,9.592010399732613
369_30_HZ,-2.17928004264832,400,91.2854640783392,30,9.590603768780232
370_30_HZ,-2.17928004264832,400,91.2854640783392,30,9.590603768780232
371_30_HZ,-2.15556383132935,400,90.29204211014701,30,9.590603768780232
372_30_HZ,-2.15556383132935,395,89.16339158377019,30,9.59758230042016
373_30_HZ,-2.1874144077301,386,88.4192805424277,30,9.609799531703583
374_30_HZ,-2.1874144077301,378,86.5867565933618,30,9.620287855614967
375_30_HZ,-2.30819392204285,374,90.4008465648789,30,9.625400922077915
376_30_HZ,-2.30819392204285,372,89.917419577901,30,9.627924681436204
377_30_HZ,-2.39088439941406,372,93.1386967889435,30,9.627924681436204
378_30_HZ,-2.39088439941406,370,92.6379511072825,30,9.630426591545703
379_30_HZ,-2.36997127532959,369,91.5794617268632,30,9.631669353132155
380_30_HZ,-2.36997127532959,367,91.0830960806471,30,9.634138489368468
381_30_HZ,-2.35021257400513,364,89.5853772062613,30,9.637801226381455
382_30_HZ,-2.35021257400513,361,88.84703618533061,30,9.641414802584663
383_30_HZ,-2.33875274658203,352,86.2095958276972,30,9.65196056633562
384_30_HZ,-2.33875274658203,346,84.7401140806342,30,9.658745271454029
385_30_HZ,-2.39624333381653,335,84.0628949866515,30,9.670673171313974
386_30_HZ,-2.39624333381653,330,82.80822491222379,30,9.67587645148968
387_30_HZ,-2.49163031578064,331,86.3654842245542,30,9.674846720078934
388_30_HZ,-2.49163031578064,330,86.10456131148909,30,9.67587645148968
389_30_HZ,-2.52521228790283,333,88.05838806872781,30,9.67277087032085
390_30_HZ,-2.52521228790283,331,87.5295088611078,30,9.674846720078934
391_30_HZ,-2.46321487426758,331,85.3805403013166,30,9.674846720078934
392_30_HZ,-2.46321487426758,328,84.6066985463198,30,9.67791952737458
393_30_HZ,-2.45579481124878,333,85.6376903980424,30,9.67277087032085
394_30_HZ,-2.45579481124878,336,86.40920112234909,30,9.66961612834224
395_30_HZ,-2.44966673851013,338,86.70662912714799,30,9.667485655462178
396_30_HZ,-2.44966673851013,341,87.4762145927736,30,9.664248978800604
397_30_HZ,-2.41927242279053,339,85.8841666764599,30,9.66641222555385
398_30_HZ,-2.41927242279053,342,86.6442035497029,30,9.663159161955685
399_30_HZ,-2.40206933021545,340,85.5249980143449,30,9.665333333333328
400_30_HZ,-2.40206933021545,340,85.5249980143449,30,9.665333333333328
401_30_HZ,-2.39396238327026,333,83.48148700966459,30,9.67277087032085
402_30_HZ,-2.39396238327026,326,81.7266209163684,30,9.679940754010689
403_30_HZ,-2.44279623031616,320,81.8588910800475,30,9.685873338426273
404_30_HZ,-2.44279623031616,309,79.0449916991708,30,9.696239016997701
405_30_HZ,-2.54664754867554,303,80.8053429091282,30,9.701614445569131
406_30_HZ,-2.54664754867554,298,79.47192140897761,30,9.70594375579322
407_30_HZ,-2.63782978057861,301,83.1461006162203,30,9.703362556595359
408_30_HZ,-2.63782978057861,306,84.5272650782838,30,9.698951311688306
409_30_HZ,-2.62301754951477,313,85.9753876774674,30,9.69254615170613
410_30_HZ,-2.62301754951477,312,85.7007059276991,30,9.69347756149732
411_30_HZ,-2.47904396057129,314,81.515930275768,30,9.691609279602744
412_30_HZ,-2.47904396057129,314,81.515930275768,30,9.691609279602744
413_30_HZ,-2.46277523040772,322,83.0441885300105,30,9.683917659536535
414_30_HZ,-2.46277523040772,325,83.8178921498553,30,9.680943173860447
415_30_HZ,-2.46258282661438,330,85.1007504287395,30,9.67587645148968
416_30_HZ,-2.46258282661438,330,85.1007504287395,30,9.67587645148968
417_30_HZ,-2.44032311439514,335,85.60926045706981,30,9.670673171313974
418_30_HZ,-2.44032311439514,337,86.12036051950001,30,9.668553623058308
419_30_HZ,-2.41726636886597,339,85.812949372153,30,9.66641222555385
420_30_HZ,-2.41726636886597,337,85.3066782844116,30,9.668553623058308
421_30_HZ,-2.43306803703308,333,84.8451658637366,30,9.67277087032085
422_30_HZ,-2.43306803703308,331,84.33558528797839,30,9.674846720078934
423_30_HZ,-2.47942876815796,326,84.6443231083481,30,9.679940754010689
424_30_HZ,-2.47942876815796,325,84.384677945439,30,9.680943173860447
425_30_HZ,-2.5010838508606,324,84.85977365606121,30,9.681940131398008
426_30_HZ,-2.5010838508606,328,85.9074251826792,30,9.67791952737458
427_30_HZ,-2.49676918983459,323,84.451923864126,30,9.68293162662337
428_30_HZ,-2.49676918983459,320,83.66754067034151,30,9.685873338426273
429_30_HZ,-2.50542569160461,318,83.4328893364988,30,9.68780716806722
430_30_HZ,-2.50542569160461,320,83.9576244895585,30,9.685873338426273
431_30_HZ,-2.46593546867371,323,83.40898619957001,30,9.68293162662337
432_30_HZ,-2.46593546867371,325,83.92545051040331,30,9.680943173860447
433_30_HZ,-2.33641695976257,330,80.7407733590114,30,9.67587645148968
434_30_HZ,-2.33641695976257,328,80.25143533865369,30,9.67791952737458
435_30_HZ,-2.33982467651367,339,83.0637663099919,30,9.66641222555385
436_30_HZ,-2.33982467651367,359,87.9642834964221,30,9.643796541825814
437_30_HZ,-2.36417293548584,384,95.069031936894,30,9.612454386554615
438_30_HZ,-2.36417293548584,404,100.02054401694099,30,9.584922621848731
439_30_HZ,-2.17361879348755,415,94.462644519919,30,9.568848827030806
440_30_HZ,-2.17361879348755,425,96.7388528216038,30,9.553662743506486
441_30_HZ,-2.06998753547668,417,90.3925008994449,30,9.565855308823522
442_30_HZ,-2.06998753547668,384,83.23913751891331,30,9.612454386554615
443_30_HZ,-2.26743936538696,348,82.6311011135615,30,9.656505552330016
444_30_HZ,-2.26743936538696,313,74.3205018636343,30,9.69254615170613
445_30_HZ,-2.7957911491394,290,84.9046272910447,30,9.712586611917489
446_30_HZ,-2.7957911491394,270,79.0491357537313,30,9.727664304812828
447_30_HZ,-3.04540228843689,250,79.7284441418883,30,9.740557072829127
448_30_HZ,-3.04540228843689,225,71.7555997276994,30,9.753600482238344
449_30_HZ,-3.01190280914307,208,65.6043896080931,30,9.760519955182067
450_30_HZ,-3.01190280914307,201,63.3965495732054,30,9.762910315699003
451_30_HZ,-3.04367089271545,193,61.515367516844606,30,9.765314417557928
452_30_HZ,-3.04367089271545,192,61.1966350426641,30,9.765590349885404
453_30_HZ,-2.92346858978272,193,59.0859673315827,30,9.765314417557928
454_30_HZ,-2.92346858978272,192,58.779822423128905,30,9.765590349885404
455_30_HZ,-2.87713527679443,193,58.1495318692252,30,9.765314417557928
456_30_HZ,-2.87713527679443,199,59.9572893366623,30,9.763544115036918
457_30_HZ,-2.89818596839905,212,64.34143142454501,30,9.75903386401833
458_30_HZ,-2.89818596839905,219,66.46591265082711,30,9.75622290546218
459_30_HZ,-2.78416681289673,224,65.3088264278463,30,9.754051208556145
460_30_HZ,-2.78416681289673,226,65.8919409495235,30,9.753144293608347
461_30_HZ,-2.71150660514832,224,63.6044228322679,30,9.754051208556145
462_30_HZ,-2.71150660514832,222,63.036526199836906,30,9.75493627425515
463_30_HZ,-2.74517107009888,221,63.531674530026,30,9.755370613636359
464_30_HZ,-2.74517107009888,220,63.244200889618696,30,9.755799490705368
465_30_HZ,-2.78018188476563,213,62.012815221751296,30,9.758648685446902
466_30_HZ,-2.78018188476563,206,59.9748353787829,30,9.761230226890751
467_30_HZ,-2.8259105682373,203,60.0735185558146,30,9.762254667112295
468_30_HZ,-2.8259105682373,200,59.185732567305,30,9.76322994652406
469_30_HZ,-2.86776423454285,201,60.3626267955207,30,9.762910315699003
470_30_HZ,-2.86776423454285,200,60.0623152194236,30,9.76322994652406
471_30_HZ,-2.84168481826782,197,58.62336421877,30,9.764156065126045
472_30_HZ,-2.84168481826782,195,58.028203160711406,30,9.764746165966383
473_30_HZ,-2.78251791000366,190,55.3630724607318,30,9.766125827603764
474_30_HZ,-2.78251791000366,182,53.031995725543105,30,9.7680492459893
475_30_HZ,-2.72640156745911,177,50.5349323383227,30,9.769073857333838
476_30_HZ,-2.72640156745911,168,47.9653595075605,30,9.770574032085557
477_30_HZ,-2.67902398109436,158,44.3263846193703,30,9.771721973262029
478_30_HZ,-2.67902398109436,155,43.4847444050784,30,9.771959840527115
479_30_HZ,-2.62829375267029,152,41.8356121371975,30,9.772148546982425
480_30_HZ,-2.62829375267029,155,42.6613150083264,30,9.771959840527115
481_30_HZ,-2.53447341918945,157,41.669280147285605,30,9.771806724662587
482_30_HZ,-2.53447341918945,162,42.9963272857342,30,9.77132834453781
483_30_HZ,-2.48085761070251,174,45.204296822327,30,9.76962307639419
484_30_HZ,-2.48085761070251,185,48.0620397248879,30,9.767368931436206
485_30_HZ,-2.45988965034485,196,50.4894110501047,30,9.764453846702313
486_30_HZ,-2.45988965034485,211,54.3533965896535,30,9.759413580277561
487_30_HZ,-2.47887897491455,224,58.147623877438,30,9.754051208556145
488_30_HZ,-2.47887897491455,235,61.0030875499908,30,9.748792791889478
489_30_HZ,-2.5480489730835,244,65.106780745509,30,9.743998842882602
490_30_HZ,-2.5480489730835,247,65.9072739513965,30,9.742302538260754
491_30_HZ,-2.62125873565674,248,68.075397252266,30,9.74172617876241
492_30_HZ,-2.62125873565674,240,65.8794166957413,30,9.746184110007635
493_30_HZ,-2.73481059074402,225,64.4374583777161,30,9.753600482238344
494_30_HZ,-2.73481059074402,215,61.5735713387065,30,9.757861941367452
495_30_HZ,-2.96790552139282,206,64.02445729573681,30,9.761230226890751
496_30_HZ,-2.96790552139282,201,62.4704656138014,30,9.762910315699003
497_30_HZ,-3.02973794937134,199,63.137410905853706,30,9.763544115036918
498_30_HZ,-3.02973794937134,194,61.551043797666395,30,9.765033022918253
499_30_HZ,-2.92536473274231,195,59.7369781582875,30,9.764746165966383
500_30_HZ,-2.92536473274231,201,61.5750390246964,30,9.762910315699003
501_30_HZ,-2.86682987213135,204,61.2436009943468,30,9.761918649350644
502_30_HZ,-2.86682987213135,209,62.744669646168994,30,9.76015662585943
503_30_HZ,-2.80205702781677,212,62.2073123935945,30,9.75903386401833
504_30_HZ,-2.80205702781677,211,61.9138816747568,30,9.759413580277561
505_30_HZ,-2.84668636322022,210,62.6019012109372,30,9.759787834224595
506_30_HZ,-2.84668636322022,209,62.3037969194566,30,9.76015662585943
507_30_HZ,-2.89859819412231,205,62.2257994814382,30,9.761577169276796
508_30_HZ,-2.89859819412231,210,63.7435019078148,30,9.759787834224595
509_30_HZ,-2.9011538028717,206,62.5844731592588,30,9.761230226890751
510_30_HZ,-2.9011538028717,191,58.0273513272739,30,9.765860819900682
511_30_HZ,-2.91970372200012,179,54.7293659396317,30,9.768680399732617
512_30_HZ,-2.91970372200012,168,51.3661088148498,30,9.770574032085557
513_30_HZ,-3.07733535766602,160,51.561247739586705,30,9.771536083524314
514_30_HZ,-3.07733535766602,159,51.2389899412143,30,9.77163175954927
515_30_HZ,-3.07475209236145,161,51.8399526756572,30,9.771434945187162
516_30_HZ,-3.07475209236145,165,53.1279018104562,30,9.770975768716573
517_30_HZ,-2.92426538467407,175,53.5899638939236,30,9.76944546568627
518_30_HZ,-2.92426538467407,180,55.121105719464296,30,9.768475477463708
519_30_HZ,-2.7786705493927,185,53.831614075467996,30,9.767368931436206
520_30_HZ,-2.7786705493927,194,56.450449354815,30,9.765033022918253
521_30_HZ,-2.71139669418335,205,58.207045015327004,30,9.761577169276796
522_30_HZ,-2.71139669418335,215,61.0464130648552,30,9.757861941367452
523_30_HZ,-2.71477699279785,210,59.7010630187655,30,9.759787834224595
524_30_HZ,-2.71477699279785,208,59.132481466205796,30,9.760519955182067
525_30_HZ,-2.78982782363892,212,61.935819263585195,30,9.75903386401833
526_30_HZ,-2.78982782363892,213,62.2279693544512,30,9.758648685446902
527_30_HZ,-2.8281364440918,224,66.3402355628406,30,9.754051208556145
528_30_HZ,-2.8281364440918,227,67.2287208605572,30,9.752682642666151
529_30_HZ,-2.73896026611328,222,63.6747624027969,30,9.75493627425515
530_30_HZ,-2.73896026611328,222,63.6747624027969,30,9.75493627425515
531_30_HZ,-2.7264838218689,207,59.101962231058906,30,9.760877822192509
532_30_HZ,-2.7264838218689,197,56.2467949735199,30,9.764156065126045
533_30_HZ,-2.85199022293091,184,54.953386622401,30,9.767601165266102
534_30_HZ,-2.85199022293091,169,50.4734909738357,30,9.770429195250824
535_30_HZ,-3.02784180641174,158,50.097826672318,30,9.771721973262029
536_30_HZ,-3.02784180641174,159,50.414901524674505,30,9.77163175954927
537_30_HZ,-3.09497809410095,160,51.856856964884294,30,9.771536083524314
538_30_HZ,-3.09497809410095,160,51.856856964884294,30,9.771536083524314
539_30_HZ,-3.02418684959412,157,49.7206601510224,30,9.771806724662587
540_30_HZ,-3.02418684959412,148,46.8704312251676,30,9.772323683218739
541_30_HZ,-3.06845879554749,139,44.664628683772,30,9.772398194486883
542_30_HZ,-3.06845879554749,132,42.4153308363878,30,9.772150258212372
543_30_HZ,-3.15343046188355,128,42.2689881540978,30,9.771888409472876
544_30_HZ,-3.15343046188355,122,40.2876293343744,30,9.771331766997704
545_30_HZ,-3.15183663368225,121,39.937206354070696,30,9.77121987515915
546_30_HZ,-3.15183663368225,116,38.2869085708446,30,9.770578481283419
547_30_HZ,-3.09995222091675,115,37.3320176766158,30,9.77043381557168
548_30_HZ,-3.09995222091675,117,37.9812701579482,30,9.77071768468296
549_30_HZ,-3.05493807792664,124,39.669134946889095,30,9.771539163738218
550_30_HZ,-3.05493807792664,133,42.5483463543246,30,9.772202064616751
551_30_HZ,-2.95215892791748,135,41.735161981346494,30,9.772289290488919
552_30_HZ,-2.95215892791748,134,41.4260126333366,30,9.772248408708935
553_30_HZ,-2.88378572463989,135,40.768561255169296,30,9.772289290488919
554_30_HZ,-2.88378572463989,141,42.5804973109546,30,9.772419872612678
555_30_HZ,-2.93932509422302,149,45.863005805940595,30,9.772288092627957
556_30_HZ,-2.93932509422302,148,45.555200397847,30,9.772323683218739
557_30_HZ,-2.89546537399292,153,46.3914993862612,30,9.772091107142852
558_30_HZ,-2.89546537399292,156,47.3011366291291,30,9.771886013750951
559_30_HZ,-2.90744709968567,157,47.8013412814448,30,9.771806724662587
560_30_HZ,-2.90744709968567,153,46.5834727137647,30,9.772091107142852
561_30_HZ,-2.91992354393005,150,45.866050534916106,30,9.772247039724977
562_30_HZ,-2.91992354393005,149,45.560276864683395,30,9.772288092627957
563_30_HZ,-2.96488261222839,150,46.572266499557905,30,9.772247039724977
564_30_HZ,-2.96488261222839,143,44.3988940629119,30,9.772419701489683
565_30_HZ,-2.94072675704956,140,43.1133047369598,30,9.772411764705879
566_30_HZ,-2.94072675704956,143,44.0371612670376,30,9.772419701489683
567_30_HZ,-2.97114825248718,148,46.048411958092295,30,9.772323683218739
568_30_HZ,-2.97114825248718,147,45.7372740394566,30,9.772353811497322
569_30_HZ,-2.89763617515564,148,44.9090847355915,30,9.772323683218739
570_30_HZ,-2.89763617515564,151,45.819404020772396,30,9.7722005245098
571_30_HZ,-2.91624093055725,155,47.3351466546799,30,9.771959840527115
572_30_HZ,-2.91624093055725,152,46.4189825258796,30,9.772148546982425
573_30_HZ,-2.90744709968567,162,49.323676991045,30,9.77132834453781
574_30_HZ,-2.90744709968567,175,53.2817498360054,30,9.76944546568627
575_30_HZ,-2.91555404663086,179,54.651581459972704,30,9.768680399732617
576_30_HZ,-2.91555404663086,180,54.956897557514495,30,9.768475477463708
577_30_HZ,-2.84679627418518,183,54.5551919020278,30,9.7678279367838
578_30_HZ,-2.84679627418518,185,55.151423507514394,30,9.767368931436206
579_30_HZ,-2.85064363479614,178,53.1363280547288,30,9.768879859689326
580_30_HZ,-2.85064363479614,166,49.5541036914886,30,9.770847318818433
581_30_HZ,-2.87507438659668,155,46.666946634996904,30,9.771959840527115
582_30_HZ,-2.87507438659668,145,43.6561758843519,30,9.772397681117898
583_30_HZ,-3.03300833702087,139,44.148607556551404,30,9.772398194486883
584_30_HZ,-3.03300833702087,136,43.195759911446004,30,9.772324709956706
585_30_HZ,-3.10783934593201,135,43.9360434579519,30,9.772289290488919
586_30_HZ,-3.10783934593201,133,43.285139110426705,30,9.772202064616751
587_30_HZ,-3.05930757522583,137,43.8906833274111,30,9.772354667112296
588_30_HZ,-3.05930757522583,146,46.7740128890659,30,9.77237847746371
589_30_HZ,-2.98637270927429,152,47.535298734308405,30,9.772148546982425
590_30_HZ,-2.98637270927429,154,48.1607631913388,30,9.772028204991082
591_30_HZ,-2.90409445762634,162,49.2667998422056,30,9.77132834453781
592_30_HZ,-2.90409445762634,173,52.612076374701,30,9.769795224789911
593_30_HZ,-2.91332793235779,183,55.830187988510296,30,9.7678279367838
594_30_HZ,-2.91332793235779,180,54.9149390050921,30,9.768475477463708
595_30_HZ,-2.86402678489685,185,55.4852357357891,30,9.767368931436206
596_30_HZ,-2.86402678489685,200,59.98403863328549,30,9.76322994652406
597_30_HZ,-2.87655830383301,211,63.56005267031669,30,9.759413580277561
598_30_HZ,-2.87655830383301,224,67.4760748727532,30,9.754051208556145
599_30_HZ,-2.71771740913391,245,69.7266821262658,30,9.74343887032085
600_30_HZ,-2.71771740913391,250,71.1496756390467,30,9.740557072829127
601_30_HZ,-2.61015629768372,219,59.860350115924795,30,9.75622290546218
602_30_HZ,-2.61015629768372,192,52.4803069509478,30,9.765590349885404
603_30_HZ,-2.9347357749939,170,52.245218189123996,30,9.77027889610389
604_30_HZ,-2.9347357749939,151,46.4060467444572,30,9.7722005245098
605_30_HZ,-3.34582567214966,148,51.855360500737504,30,9.772323683218739
606_30_HZ,-3.34582567214966,140,49.052368041238196,30,9.772411764705879
607_30_HZ,-3.19951629638672,110,36.855782350989294,30,9.769628552330019
608_30_HZ,-3.19951629638672,73,24.4588373783838,30,9.759425387764194
609_30_HZ,-3.29179787635803,48,16.5463810481479,30,9.748298065699004
610_30_HZ,-3.29179787635803,39,13.4439346016202,30,9.743456495989303
611_30_HZ,-3.61379408836365,28,10.5961978641328,30,9.73693816755793
612_30_HZ,-3.61379408836365,23,8.70401967410912,30,9.733756798510312
613_30_HZ,-3.41702938079834,24,8.587931467924571,30,9.73440399694423
614_30_HZ,-3.41702938079834,37,13.239727679717,30,9.742320506175195
615_30_HZ,-3.18915605545044,65,21.707895970850497,30,9.75623608193277
616_30_HZ,-3.18915605545044,81,27.051378055983,30,9.76226510561497
617_30_HZ,-2.80123257637024,95,27.867716514932,30,9.766393415775397
618_30_HZ,-2.80123257637024,111,32.5612266648153,30,9.769800529602747
619_30_HZ,-2.66976284980774,138,38.5816141620227,30,9.772379161955687
620_30_HZ,-2.66976284980774,158,44.1731524463738,30,9.771721973262029
621_30_HZ,-2.66726207733154,79,22.0658876063581,30,9.761587950025461
622_30_HZ,-2.66726207733154,6,1.67589019795125,30,9.721918691367454
623_30_HZ,-3.28957200050354,0,0.0,30,9.717363636363634
624_30_HZ,-3.28957200050354,0,0.0,30,9.717363636363634
625_30_HZ,-3.94997072219849,0,0.0,30,9.717363636363634
626_30_HZ,-3.94997072219849,0,0.0,30,9.717363636363634
627_30_HZ,-3.36132502555847,0,0.0,30,9.717363636363634
628_30_HZ,-3.36132502555847,0,0.0,30,9.717363636363634
629_30_HZ,-3.30196595191956,0,0.0,30,9.717363636363634
630_30_HZ,-3.30196595191956,0,0.0,30,9.717363636363634
631_30_HZ,-3.14628529548645,0,0.0,30,9.717363636363634
632_30_HZ,-3.14628529548645,0,0.0,30,9.717363636363634
633_30_HZ,-3.15914654731751,0,0.0,30,9.717363636363634
634_30_HZ,-3.15914654731751,1,0.330825055612591,30,9.718136467978098
635_30_HZ,-3.24642658233643,0,0.0,30,9.717363636363634
636_30_HZ,-3.24642658233643,0,0.0,30,9.717363636363634
637_30_HZ,-3.188716173172,0,0.0,30,9.717363636363634
638_30_HZ,-3.188716173172,0,0.0,30,9.717363636363634
639_30_HZ,-3.14444422721863,0,0.0,30,9.717363636363634
640_30_HZ,-3.14444422721863,1,0.329285424230833,30,9.718136467978098
641_30_HZ,-3.09346675872803,0,0.0,30,9.717363636363634
642_30_HZ,-3.09346675872803,0,0.0,30,9.717363636363634
643_30_HZ,-3.05548787117004,0,0.0,30,9.717363636363634
644_30_HZ,-3.05548787117004,0,0.0,30,9.717363636363634
645_30_HZ,-3.20407819747925,0,0.0,30,9.717363636363634
646_30_HZ,-3.20407819747925,0,0.0,30,9.717363636363634
647_30_HZ,-3.21996235847473,0,0.0,30,9.717363636363634
648_30_HZ,-3.21996235847473,0,0.0,30,9.717363636363634
649_30_HZ,-3.18632531166077,0,0.0,30,9.717363636363634
650_30_HZ,-3.18632531166077,0,0.0,30,9.717363636363634
651_30_HZ,-3.2371654510498,0,0.0,30,9.717363636363634
652_30_HZ,-3.2371654510498,0,0.0,30,9.717363636363634
653_30_HZ,-3.18786430358887,0,0.0,30,9.717363636363634
654_30_HZ,-3.18786430358887,0,0.0,30,9.717363636363634
655_30_HZ,-3.09835839271545,0,0.0,30,9.717363636363634
656_30_HZ,-3.09835839271545,0,0.0,30,9.717363636363634
657_30_HZ,-3.01880049705505,0,0.0,30,9.717363636363634
658_30_HZ,-3.01880049705505,0,0.0,30,9.717363636363634
659_30_HZ,-3.01555776596069,1,0.315788468753368,30,9.718136467978098
660_30_HZ,-3.01555776596069,0,0.0,30,9.717363636363634
661_30_HZ,-3.02495622634888,5,1.58386340855713,30,9.721173171313978
662_30_HZ,-3.02495622634888,25,7.91931704278564,30,9.73504573306595
663_30_HZ,-2.94091892242432,101,31.105204461626,30,9.767834952826583
664_30_HZ,-2.94091892242432,236,72.68146785092799,30,9.748281980137504
665_30_HZ,-2.14064145088196,378,84.7352966172079,30,9.620287855614967
666_30_HZ,-2.14064145088196,499,111.85955823276899,30,9.424308859116366
667_30_HZ,-0.590981364250183,592,36.637356141876296,30,9.219324905525838
668_30_HZ,-0.590981364250183,658,40.721926252288206,30,9.045191670231718
669_30_HZ,-0.049828365445137,706,3.68391806170019,30,8.903604431117891
670_30_HZ,-0.049828365445137,739,3.8561125320062897,30,8.798962823975033
671_30_HZ,-0.0228293761610985,762,1.82170322597154,30,8.722513065698996
672_30_HZ,-0.0228293761610985,777,1.85756352569539,30,8.671097768716566
673_30_HZ,-0.0208184979856014,784,1.7092046967515,30,8.646683365418884
674_30_HZ,-0.0208184979856014,790,1.72228534494093,30,8.625543703845164
675_30_HZ,-0.0205227807164192,792,1.7021193456488999,30,8.618453451489675
676_30_HZ,-0.0205227807164192,790,1.69782106447301,30,8.625543703845164
677_30_HZ,-0.0190737657248974,790,1.57794609018025,30,8.625543703845164
678_30_HZ,-0.0190737657248974,792,1.5819408904085601,30,8.618453451489675
679_30_HZ,-0.0188963357359171,793,1.5692039808434302,30,8.614900131843635
680_30_HZ,-0.0188963357359171,794,1.5711828004914,30,8.611341349885397
681_30_HZ,-0.0186301898211241,795,1.55100441422192,30,8.60777710561496
682_30_HZ,-0.0186301898211241,792,1.5451515673758,30,8.618453451489675
683_30_HZ,-0.0177430380135775,792,1.47157292131028,30,8.618453451489675
684_30_HZ,-0.0177430380135775,797,1.48086315439936,30,8.600632230137498
685_30_HZ,-0.0176247507333756,798,1.4728363930104,30,8.59705159893047
686_30_HZ,-0.0176247507333756,800,1.47652771229113,30,8.58987394957982
687_30_HZ,-0.0195173416286707,801,1.63712487495769,30,8.586276931436199
688_30_HZ,-0.0195173416286707,799,1.6330371723985,30,8.593465505411244
689_30_HZ,-0.0200496334582567,799,1.67757454982755,30,8.593465505411244
690_30_HZ,-0.0200496334582567,798,1.67547495714942,30,8.59705159893047
691_30_HZ,-0.0203157793730497,794,1.68920592165508,30,8.611341349885397
692_30_HZ,-0.0203157793730497,793,1.6870784582776799,30,8.614900131843635
693_30_HZ,-0.0198722034692764,797,1.65856673292729,30,8.600632230137498
694_30_HZ,-0.0198722034692764,797,1.65856673292729,30,8.600632230137498
695_30_HZ,-0.0190737657248974,796,1.58993049086517,30,8.604207399032328
696_30_HZ,-0.0190737657248974,797,1.59192789097932,30,8.600632230137498
697_30_HZ,-0.01821618527174,797,1.52035283851669,30,8.600632230137498
698_30_HZ,-0.01821618527174,800,1.52607562209956,30,8.58987394957982
699_30_HZ,-0.0192511957138777,805,1.6228643671659602,30,8.57183423573974
700_30_HZ,-0.0192511957138777,805,1.6228643671659602,30,8.57183423573974
701_30_HZ,-0.0212029311805964,804,1.7851740294652698,30,8.57545310313215
702_30_HZ,-0.0212029311805964,804,1.7851740294652698,30,8.57545310313215
703_30_HZ,-0.0193694829940796,801,1.62472241378377,30,8.586276931436199
704_30_HZ,-0.0193694829940796,800,1.62269404622599,30,8.58987394957982
705_30_HZ,-0.0203749220818281,804,1.7154601203648099,30,8.57545310313215
706_30_HZ,-0.0203749220818281,809,1.7261284046954402,30,8.557304143048116
707_30_HZ,-0.0193399116396904,811,1.64249462968318,30,8.55000632282912
708_30_HZ,-0.0193399116396904,814,1.6485704421234402,30,8.539018625159143
01_40_HZ,-0.0915836468338966,1113,10.6743570463229,40,10.214135215009245
02_40_HZ,-0.0938015282154083,1120,11.0016178938632,40,10.146667568643077
03_40_HZ,-0.0938015282154083,1119,10.9917950207436,40,10.15635633239882
04_40_HZ,-0.0933579504489899,1128,11.0278039641969,40,10.068551115870225
05_40_HZ,-0.0933579504489899,1129,11.037580386151,40,10.058710766432753
06_40_HZ,-0.0935353860259056,1129,11.0585577324661,40,10.058710766432753
07_40_HZ,-0.0935353860259056,1130,11.0683527348864,40,10.048853574141756
08_40_HZ,-0.0931213796138763,1125,10.9706039990674,40,10.097971107061483
09_40_HZ,-0.0931213796138763,1125,10.9706039990674,40,10.097971107061483
10_40_HZ,-0.0924412310123444,1124,10.8807953157953,40,10.107744085084853
11_40_HZ,-0.0924412310123444,1132,10.9582386988259,40,10.02908866099919
12_40_HZ,-0.0925003737211227,1118,10.8296370989181,40,10.166028253301036
13_40_HZ,-0.0925003737211227,1112,10.7715174007128,40,10.223706078790311
14_40_HZ,-0.0908443555235863,1112,10.5786769357384,40,10.223706078790311
15_40_HZ,-0.0908443555235863,1112,10.5786769357384,40,10.223706078790311
16_40_HZ,-0.0959306955337524,1113,11.181018488302,40,10.214135215009245
17_40_HZ,-0.0959306955337524,1120,11.2513393592976,40,10.146667568643077
18_40_HZ,-0.0969361290335655,1124,11.4098678967297,40,10.107744085084853
19_40_HZ,-0.0969361290335655,1128,11.4504724088177,40,10.068551115870225
20_40_HZ,-0.0944521054625511,1119,11.0680306734726,40,10.15635633239882
21_40_HZ,-0.0944521054625511,1116,11.0383576689861,40,10.185321566544896
22_40_HZ,-0.0917315110564232,1123,10.787651438844199,40,10.117500220254698
23_40_HZ,-0.0917315110564232,1125,10.8068636408724,40,10.097971107061483
24_40_HZ,-0.0919976532459259,1132,10.9056559795417,40,10.02908866099919
25_40_HZ,-0.0919976532459259,1134,10.9249239229684,40,10.00925637644252
26_40_HZ,-0.0929439514875412,1129,10.988633244749,40,10.058710766432753
27_40_HZ,-0.0929439514875412,1119,10.8913025694191,40,10.15635633239882
28_40_HZ,-0.0925299450755119,1117,10.8234095460041,40,10.17568333134973
29_40_HZ,-0.0925299450755119,1120,10.852478685339799,40,10.146667568643077
30_40_HZ,-0.0931805223226547,1122,10.9482981494206,40,10.127239512571014
31_40_HZ,-0.0931805223226547,1122,10.9482981494206,40,10.127239512571014
32_40_HZ,-0.092382088303566,1123,10.8641596050771,40,10.117500220254698
33_40_HZ,-0.092382088303566,1122,10.854485375687,40,10.127239512571014
34_40_HZ,-0.0939493849873543,1115,10.9697678780894,40,10.19494295888654
35_40_HZ,-0.0939493849873543,1118,10.9992829486134,40,10.166028253301036
36_40_HZ,-0.0949843972921372,1118,11.1204585555387,40,10.166028253301036
37_40_HZ,-0.0949843972921372,1116,11.100565069750601,40,10.185321566544896
38_40_HZ,-0.0940085276961327,1121,11.035740919999299,40,10.136961962033809
39_40_HZ,-0.0940085276961327,1127,11.094808221979699,40,10.07837462245417
40_40_HZ,-0.0936241000890732,1120,10.9808077717436,40,10.146667568643077
41_40_HZ,-0.0936241000890732,1112,10.9023734305169,40,10.223706078790311
42_40_HZ,-0.0930030941963196,1112,10.8300582561515,40,10.223706078790311
43_40_HZ,-0.0930030941963196,1110,10.810579734108002,40,10.242797277791867
44_40_HZ,-0.0921159386634827,1115,10.755689940273399,40,10.19494295888654
45_40_HZ,-0.0921159386634827,1120,10.803921733727499,40,10.146667568643077
46_40_HZ,-0.0936241000890732,1123,11.0102206497037,40,10.117500220254698
47_40_HZ,-0.0936241000890732,1121,10.990612064397,40,10.136961962033809
48_40_HZ,-0.0962559804320335,1114,11.2290118324402,40,10.204547508374656
49_40_HZ,-0.0962559804320335,1111,11.198772123735301,40,10.233260099717851
50_40_HZ,-0.0923525169491768,1125,10.8800242264489,40,10.097971107061483
51_40_HZ,-0.0923525169491768,1134,10.9670644202605,40,10.00925637644252
52_40_HZ,-0.0897797718644142,1141,10.7273578260961,40,9.939312830608133
53_40_HZ,-0.0897797718644142,1135,10.6709475307792,40,9.9993149698839
54_40_HZ,-0.0927960872650147,1124,10.9225642037638,40,10.107744085084853
55_40_HZ,-0.0927960872650147,1125,10.932281787575,40,10.097971107061483
56_40_HZ,-0.0968769863247871,1121,11.372471611801801,40,10.136961962033809
57_40_HZ,-0.0968769863247871,1108,11.240587462869199,40,10.26182110537932
58_40_HZ,-0.107038944959641,1112,12.4645103288314,40,10.223706078790311
59_40_HZ,-0.107038944959641,1114,12.486928512876101,40,10.204547508374656
60_40_HZ,-0.136031523346901,1108,15.783667806334702,40,10.26182110537932
61_40_HZ,-0.136031523346901,1108,15.783667806334702,40,10.26182110537932
62_40_HZ,-0.16851419210434,1108,19.552616361301798,40,10.26182110537932
63_40_HZ,-0.16851419210434,1111,19.605556658309002,40,10.233260099717851
64_40_HZ,-0.204651862382889,1110,23.7885135307387,40,10.242797277791867
65_40_HZ,-0.204651862382889,1097,23.5099093182165,40,10.365247893083259
66_40_HZ,-0.234468877315521,1096,26.9106615033216,40,10.37454927120792
67_40_HZ,-0.234468877315521,1102,27.057982642938303,40,10.318488359657076
68_40_HZ,-0.261867552995682,1098,30.1101306272411,40,10.355929672105074
69_40_HZ,-0.261867552995682,1094,30.0004398052839,40,10.393101498896666
70_40_HZ,-0.329278737306595,1091,37.619848166165895,40,10.420803519028345
71_40_HZ,-0.329278737306595,1090,37.5853661788458,40,10.430003840031855
72_40_HZ,-0.43769171833992,1081,49.5476027058972,40,10.512048800654796
73_40_HZ,-0.43769171833992,1062,48.676738273508604,40,10.680774629598831
74_40_HZ,-0.59120124578476,1051,65.0678813111403,40,10.775678933418964
75_40_HZ,-0.59120124578476,1048,64.8821499658183,40,10.801208225445881
76_40_HZ,-0.719345688819885,1048,78.94552863409369,40,10.801208225445881
77_40_HZ,-0.719345688819885,1043,78.5688801196181,40,10.843420188420232
78_40_HZ,-0.776643812656403,1043,84.82713634858379,40,10.843420188420232
79_40_HZ,-0.776643812656403,1044,84.9084662971443,40,10.835011481532412
80_40_HZ,-0.806268453598023,1041,87.893955437156,40,10.860187073635295
81_40_HZ,-0.806268453598023,1043,88.0628199048547,40,10.843420188420232
82_40_HZ,-0.831990778446198,1039,90.5237782167191,40,10.876886587436259
83_40_HZ,-0.831990778446198,1036,90.2624006087786,40,10.90180953673626
84_40_HZ,-0.898824810981751,1036,97.5132068277893,40,10.90180953673626
85_40_HZ,-0.898824810981751,1033,97.23083267674359,40,10.926580900354537
86_40_HZ,-0.97873991727829,1030,105.568207123635,40,10.951200678291084
87_40_HZ,-0.97873991727829,1028,105.363220313686,40,10.967529649314491
88_40_HZ,-1.04035258293152,1021,111.23332252114,40,11.024150498010362
89_40_HZ,-1.04035258293152,1012,110.252813311845,40,11.095736046594089
90_40_HZ,-1.12488448619843,1008,118.740009720168,40,11.127113931772977
91_40_HZ,-1.12488448619843,1007,118.622212091477,40,11.134916295933886
92_40_HZ,-1.19078421592712,1002,124.948027921037,40,11.17367547393555
93_40_HZ,-1.19078421592712,995,124.07513750641901,40,11.227230923289817
94_40_HZ,-1.24134945869446,982,127.65392287993699,40,11.324501472560879
95_40_HZ,-1.24134945869446,969,125.96400333061,40,11.418925579586165
96_40_HZ,-1.36232137680054,965,137.668787590291,40,11.4474064939587
97_40_HZ,-1.36232137680054,968,138.09677345844702,40,11.426071072459587
98_40_HZ,-1.54567527770996,964,156.035683462727,40,11.454484615418021
99_40_HZ,-1.54567527770996,969,156.844997173633,40,11.418925579586165
100_40_HZ,-1.60168182849884,969,162.52817086444801,40,11.418925579586165
101_40_HZ,-1.60168182849884,976,163.70226497802003,40,11.368435529573505
102_40_HZ,-1.55463421344757,990,161.17290098775499,40,11.264979530079962
103_40_HZ,-1.55463421344757,993,161.661303718021,40,11.242380894566452
104_40_HZ,-1.40656590461731,993,146.264172600793,40,11.242380894566452
105_40_HZ,-1.40656590461731,990,145.822286882966,40,11.264979530079962
106_40_HZ,-1.37062060832977,990,142.095745819665,40,11.264979530079962
107_40_HZ,-1.37062060832977,987,141.665152650514,40,11.287426579911745
108_40_HZ,-1.40634608268738,984,144.91586128238202,40,11.3097220440618
109_40_HZ,-1.40634608268738,982,144.62131684888098,40,11.324501472560879
110_40_HZ,-1.41143012046814,980,144.848520395777,40,11.339213529645855
111_40_HZ,-1.41143012046814,979,144.70071578312903,40,11.346544293908055
112_40_HZ,-1.40997362136841,980,144.699046650043,40,11.339213529645855
113_40_HZ,-1.40997362136841,987,145.732611268971,40,11.287426579911745
114_40_HZ,-1.40590631961823,989,145.60668381102198,40,11.272478722877416
115_40_HZ,-1.40590631961823,997,146.78449318462,40,11.212013580599082
116_40_HZ,-1.37968933582306,1006,145.347619966877,40,11.14270181724127
117_40_HZ,-1.37968933582306,1003,144.914177760216,40,11.165957324042267
118_40_HZ,-1.36509692668915,996,142.38080497272801,40,11.219630673371212
119_40_HZ,-1.36509692668915,987,141.094231433818,40,11.287426579911745
120_40_HZ,-1.39505136013031,976,142.583288083046,40,11.368435529573505
121_40_HZ,-1.39505136013031,965,140.976304303422,40,11.4474064939587
122_40_HZ,-1.47051453590393,955,147.062280097492,40,11.517429780143267
123_40_HZ,-1.47051453590393,946,145.67635285050002,40,11.579010673732965
124_40_HZ,-1.62743163108826,942,160.539637650267,40,11.605942045581171
125_40_HZ,-1.62743163108826,933,159.005819456156,40,11.665552325308408
126_40_HZ,-1.81468796730042,927,176.16122112261502,40,11.704534583384595
127_40_HZ,-1.81468796730042,927,176.16122112261502,40,11.704534583384595
128_40_HZ,-1.87366247177124,940,184.436903835055,40,11.619306674384124
129_40_HZ,-1.87366247177124,948,186.006579612375,40,11.56544393068771
130_40_HZ,-1.79786956310272,947,178.294016358357,40,11.5722357236371
131_40_HZ,-1.79786956310272,943,177.540926532134,40,11.599234466899409
132_40_HZ,-1.71374988555908,936,167.977801180451,40,11.645833817747723
133_40_HZ,-1.71374988555908,932,167.259947329253,40,11.67209147545492
134_40_HZ,-1.78841602802277,924,173.049018880976,40,11.723798333900096
135_40_HZ,-1.78841602802277,918,171.925323953178,40,11.761871077885914
136_40_HZ,-1.89133274555206,912,180.630635766521,40,11.799337479144821
137_40_HZ,-1.89133274555206,908,179.838396135966,40,11.823978222913587
138_40_HZ,-2.01101303100586,905,190.586479355363,40,11.842281930778146
139_40_HZ,-2.01101303100586,899,189.32292258615698,40,11.87843458946208
140_40_HZ,-2.0888946056366,899,196.654923496391,40,11.87843458946208
141_40_HZ,-2.0888946056366,904,197.74866611873,40,11.848349481025949
142_40_HZ,-2.12970399856567,912,203.39613762838098,40,11.799337479144821
143_40_HZ,-2.12970399856567,919,204.957292193511,40,11.755567727688756
144_40_HZ,-2.05432319641113,920,197.917973770041,40,11.749247534638075
145_40_HZ,-2.05432319641113,918,197.487717305323,40,11.761871077885914
146_40_HZ,-1.98795640468597,917,190.899507998892,40,11.768157585229545
147_40_HZ,-1.98795640468597,913,190.06679476879802,40,11.793135186068817
148_40_HZ,-1.9748203754425,911,188.397270299102,40,11.805522929367301
149_40_HZ,-1.9748203754425,906,187.363256740929,40,11.836197537676819
150_40_HZ,-1.9841365814209,900,187.00046203107402,40,11.872451253481906
151_40_HZ,-1.9841365814209,889,184.714900828472,40,11.937341592319946
152_40_HZ,-2.06745934486389,887,192.03889565552203,40,11.948920878649215
153_40_HZ,-2.06745934486389,885,191.605887999027,40,11.960432793564383
154_40_HZ,-2.21756100654602,885,205.51687481648,40,11.960432793564383
155_40_HZ,-2.21756100654602,885,205.51687481648,40,11.960432793564383
156_40_HZ,-2.2414972782135,887,208.20465392575798,40,11.948920878649215
157_40_HZ,-2.2414972782135,886,207.969924890892,40,11.954685257533562
158_40_HZ,-2.21874284744263,885,205.626390091682,40,11.960432793564383
159_40_HZ,-2.21874284744263,883,205.16169768469499,40,11.971877337065452
160_40_HZ,-2.242431640625,881,206.882481807049,40,11.983254509152417
161_40_HZ,-2.242431640625,884,207.586962448844,40,11.96616348674168
162_40_HZ,-2.24226665496826,885,207.80650812825098,40,11.960432793564383
163_40_HZ,-2.24226665496826,885,207.80650812825098,40,11.960432793564383
164_40_HZ,-2.21514272689819,880,204.13290448414202,40,11.988917830915613
165_40_HZ,-2.21514272689819,878,203.66896606486,40,12.000193945881426
166_40_HZ,-2.2660927772522,875,207.641594901464,40,12.016981796928707
167_40_HZ,-2.2660927772522,868,205.98046214225198,40,12.055563949498978
168_40_HZ,-2.38055157661438,857,213.642200293777,40,12.114525603896112
169_40_HZ,-2.38055157661438,845,210.650710908099,40,12.176523094906495
170_40_HZ,-2.47316288948059,844,218.586733670831,40,12.18158007394278
171_40_HZ,-2.47316288948059,845,218.845722691768,40,12.176523094906495
172_40_HZ,-2.57264471054077,842,226.840452894103,40,12.19164350345477
173_40_HZ,-2.57264471054077,832,224.146385757594,40,12.240950079803213
174_40_HZ,-2.57533764839172,829,223.571965117046,40,12.255413617064002
175_40_HZ,-2.57533764839172,830,223.84165385663198,40,12.250609280830599
176_40_HZ,-2.65478563308716,834,231.859092902394,40,12.231223507361728
177_40_HZ,-2.65478563308716,834,231.859092902394,40,12.231223507361728
178_40_HZ,-2.63538408279419,825,227.680832625133,40,12.274462533462367
179_40_HZ,-2.63538408279419,820,226.300948791041,40,12.297894714756003
180_40_HZ,-2.68987894058228,817,230.135399308401,40,12.311751909289882
181_40_HZ,-2.68987894058228,817,230.135399308401,40,12.311751909289882
182_40_HZ,-2.77295446395874,812,235.791086981782,40,12.334510376442507
183_40_HZ,-2.77295446395874,807,234.339171421549,40,12.356847772256998
184_40_HZ,-2.77105832099915,802,232.72800329794498,40,12.378764096733358
185_40_HZ,-2.77105832099915,804,233.30837238347598,40,12.370048095503389
186_40_HZ,-2.85872292518616,807,241.587373217382,40,12.356847772256998
187_40_HZ,-2.85872292518616,807,241.587373217382,40,12.356847772256998
188_40_HZ,-2.85385894775391,805,240.578598102607,40,12.365664830608118
189_40_HZ,-2.85385894775391,804,240.279742701237,40,12.370048095503389
190_40_HZ,-2.78400182723999,806,234.981235119346,40,12.361264722859321
191_40_HZ,-2.78400182723999,813,237.02201507695798,40,12.329992368719031
192_40_HZ,-2.77630710601807,813,236.36690911855902,40,12.329992368719031
193_40_HZ,-2.77630710601807,815,236.948377529675,40,12.320905824711508
194_40_HZ,-2.76031303405762,820,237.02863980862298,40,12.297894714756003
195_40_HZ,-2.76031303405762,817,236.161461858104,40,12.311751909289882
196_40_HZ,-2.77020645141602,817,237.00788500203402,40,12.311751909289882
197_40_HZ,-2.77020645141602,816,236.71778967155498,40,12.316337288427457
198_40_HZ,-2.74745202064514,811,233.334836776349,40,12.339011541312455
199_40_HZ,-2.74745202064514,812,233.622549275457,40,12.334510376442507
200_40_HZ,-2.73351907730103,814,233.010305503599,40,12.325457518142032
201_40_HZ,-2.73351907730103,814,233.010305503599,40,12.325457518142032
202_40_HZ,-2.75756502151489,813,234.771258177031,40,12.329992368719031
203_40_HZ,-2.75756502151489,811,234.193715106485,40,12.339011541312455
204_40_HZ,-2.76754069328308,807,233.881659164651,40,12.356847772256998
205_40_HZ,-2.76754069328308,797,230.983497341049,40,12.400259349871583
206_40_HZ,-2.80804777145386,786,231.12965296532101,40,12.446066735665454
207_40_HZ,-2.80804777145386,778,228.777188304096,40,12.478101141193076
208_40_HZ,-2.957435131073,770,238.470454235865,40,12.509057604095075
209_40_HZ,-2.957435131073,764,236.612242904157,40,12.531567551423512
210_40_HZ,-3.13023638725281,763,250.10956386421302,40,12.535260259324247
211_40_HZ,-3.13023638725281,766,251.092956644806,40,12.524131607061468
212_40_HZ,-3.20525979995728,769,258.117949301887,40,12.512851369116962
213_40_HZ,-3.20525979995728,772,259.124911392792,40,12.501419545490727
214_40_HZ,-3.13930511474609,769,252.80665270717301,40,12.512851369116962
215_40_HZ,-3.13930511474609,771,253.464147252575,40,12.505246996219665
216_40_HZ,-3.08862996101379,774,250.34300939329103,40,12.493714115472278
217_40_HZ,-3.08862996101379,769,248.72580649023402,40,12.512851369116962
218_40_HZ,-3.07019019126892,767,246.597837351364,40,12.520388370600157
219_40_HZ,-3.07019019126892,761,244.66877995356901,40,12.542595146565139
220_40_HZ,-3.14631295204163,748,246.45187454074198,40,12.588629735412226
221_40_HZ,-3.14631295204163,737,242.827582268084,40,12.625358823155958
222_40_HZ,-3.28305888175964,728,250.287220058774,40,12.653894038129007
223_40_HZ,-3.28305888175964,722,248.22441330004798,40,12.672159586369066
224_40_HZ,-3.43467211723328,720,258.968185551576,40,12.678113359620886
225_40_HZ,-3.43467211723328,719,258.608507516087,40,12.681064981966506
226_40_HZ,-3.49793386459351,720,263.737992350419,40,12.678113359620886
227_40_HZ,-3.49793386459351,725,265.56950618618504,40,12.6631026050899
228_40_HZ,-3.49021148681641,733,267.907175997067,40,12.638209569457011
229_40_HZ,-3.49021148681641,734,268.27267009801795,40,12.635022147162035
230_40_HZ,-3.41279721260071,735,262.679661249861,40,12.631817882013534
231_40_HZ,-3.41279721260071,739,264.109210426731,40,12.61883239288428
232_40_HZ,-3.35387778282166,743,260.954422268854,40,12.605577418098619
233_40_HZ,-3.35387778282166,739,259.54955323914305,40,12.61883239288428
234_40_HZ,-3.34546852111816,722,252.943058291965,40,12.672159586369066
235_40_HZ,-3.34546852111816,700,245.235652083623,40,12.733945664363496
236_40_HZ,-3.50381469726563,680,249.504661400123,40,12.783040827695984
237_40_HZ,-3.50381469726563,673,246.93623106217998,40,12.798632485204214
238_40_HZ,-3.79063510894775,677,268.738116492709,40,12.789824023749235
239_40_HZ,-3.79063510894775,694,275.48634098366296,40,12.749381613211305
240_40_HZ,-3.77956032752991,720,284.97212791711604,40,12.678113359620886
241_40_HZ,-3.77956032752991,737,291.700636492936,40,12.625358823155958
242_40_HZ,-3.45283722877502,725,262.145696941958,40,12.6631026050899
243_40_HZ,-3.45283722877502,706,255.27567178072002,40,12.717903372788776
244_40_HZ,-3.36107778549194,690,242.860159141432,40,12.759335388706004
245_40_HZ,-3.36107778549194,680,239.340446690107,40,12.783040827695984
246_40_HZ,-3.75521206855774,670,263.474067875613,40,12.805061981333433
247_40_HZ,-3.75521206855774,660,259.54161910134997,40,12.82539884961835
248_40_HZ,-3.89226031303406,650,264.93775370192304,40,12.844051432550739
249_40_HZ,-3.89226031303406,650,264.93775370192304,40,12.844051432550739
250_40_HZ,-3.95810508728027,657,272.321106354917,40,12.831171474460083
251_40_HZ,-3.95810508728027,667,276.466024259862,40,12.811339891780925
252_40_HZ,-3.94211101531982,672,277.41295799377303,40,12.800792493434145
253_40_HZ,-3.94211101531982,678,279.88985940443104,40,12.787579801251676
254_40_HZ,-3.7833526134491,687,272.183739579691,40,12.766623870365015
255_40_HZ,-3.7833526134491,693,274.560890143706,40,12.751895321365268
256_40_HZ,-3.67073512077332,692,266.00374266997,40,12.754392186665704
257_40_HZ,-3.67073512077332,678,260.62216406104,40,12.787579801251676
258_40_HZ,-3.71280860900879,665,258.554931221818,40,12.815440951144957
259_40_HZ,-3.71280860900879,660,256.610909182557,40,12.82539884961835
260_40_HZ,-3.8840708732605,662,269.261188268314,40,12.82146621878957
261_40_HZ,-3.8840708732605,662,269.261188268314,40,12.82146621878957
262_40_HZ,-3.95313096046448,662,274.04873967855696,40,12.82146621878957
263_40_HZ,-3.95313096046448,666,275.704623301993,40,12.813398842889704
264_40_HZ,-3.91616892814636,671,275.177263581045,40,12.80293565881055
265_40_HZ,-3.91616892814636,676,277.22776479998004,40,12.792051403393266
266_40_HZ,-3.84174990653992,680,273.568840893588,40,12.783040827695984
267_40_HZ,-3.84174990653992,681,273.971148012549,40,12.78074607663785
268_40_HZ,-3.76035094261169,673,265.015978487379,40,12.798632485204214
269_40_HZ,-3.76035094261169,661,260.29058213990703,40,12.823440955630723
270_40_HZ,-3.73883318901062,655,256.451953034199,40,12.834935676753611
271_40_HZ,-3.73883318901062,657,257.235012432777,40,12.831171474460083
272_40_HZ,-3.96167755126953,665,275.885827843271,40,12.815440951144957
273_40_HZ,-3.96167755126953,670,277.960157375927,40,12.805061981333433
274_40_HZ,-3.96904253959656,673,279.723809440454,40,12.798632485204214
275_40_HZ,-3.96904253959656,677,281.38635808497395,40,12.789824023749235
276_40_HZ,-3.84172248840332,684,275.176100943515,40,12.773760766342296
277_40_HZ,-3.84172248840332,690,277.589926390388,40,12.759335388706004
278_40_HZ,-3.76087307929993,692,272.53569355793,40,12.754392186665704
279_40_HZ,-3.76087307929993,688,270.960342728115,40,12.764211219332203
280_40_HZ,-3.70431685447693,683,264.94605620012203,40,12.776106045961006
281_40_HZ,-3.70431685447693,677,262.618565223254,40,12.789824023749235
282_40_HZ,-3.75298595428467,666,261.745841721944,40,12.813398842889704
283_40_HZ,-3.75298595428467,654,257.029700429657,40,12.836792513620088
284_40_HZ,-3.9073748588562,648,265.14821411727,40,12.847579834894912
285_40_HZ,-3.9073748588562,645,263.920676088949,40,12.852746117009733
286_40_HZ,-4.08619451522827,642,274.71519574194605,40,12.857760813442827
287_40_HZ,-4.08619451522827,634,271.29195342740496,40,12.870392251709296
288_40_HZ,-4.15264368057251,630,273.96422398805396,40,12.876303742357923
289_40_HZ,-4.15264368057251,626,272.22476859765396,40,12.881945747350144
290_40_HZ,-4.15143489837647,623,270.841290371794,40,12.886000401132296
291_40_HZ,-4.15143489837647,615,267.363392582108,40,12.896071725662917
292_40_HZ,-4.18889141082764,607,266.266429684039,40,12.905065107567921
293_40_HZ,-4.18889141082764,602,264.073131251715,40,12.910138578518975
294_40_HZ,-4.26787233352661,601,268.605247743371,40,12.91110274414861
295_40_HZ,-4.26787233352661,606,270.83990038682697,40,12.906113487465182
296_40_HZ,-4.27400064468384,607,271.67637492199697,40,12.905065107567921
297_40_HZ,-4.27400064468384,604,270.33365807724203,40,12.90815971869913
298_40_HZ,-4.21455860137939,602,265.691234911077,40,12.910138578518975
299_40_HZ,-4.21455860137939,607,267.897972742564,40,12.905065107567921
300_40_HZ,-4.19823503494263,616,270.817096575483,40,12.894871760083928
301_40_HZ,-4.19823503494263,622,273.454925438232,40,12.887318266685963
302_40_HZ,-4.12782859802246,620,268.00441163281704,40,12.889903469232719
303_40_HZ,-4.12782859802246,618,267.139881272712,40,12.892421300365374
304_40_HZ,-4.10614585876465,611,262.726690513489,40,12.900703159443623
305_40_HZ,-4.10614585876465,603,259.286733845554,40,12.909157570035816
306_40_HZ,-4.21521854400635,598,263.967147056337,40,12.913894183916364
307_40_HZ,-4.21521854400635,592,261.318647253096,40,12.919022306406687
308_40_HZ,-4.32396125793457,585,264.89042802328197,40,12.92423876614333
309_40_HZ,-4.32396125793457,585,264.89042802328197,40,12.92423876614333
310_40_HZ,-4.37243795394898,583,266.944399887911,40,12.925577597529212
311_40_HZ,-4.37243795394898,583,266.944399887911,40,12.925577597529212
312_40_HZ,-4.41181802749634,585,270.272648385105,40,12.92423876614333
313_40_HZ,-4.41181802749634,590,272.582671020875,40,12.920596937741925
314_40_HZ,-4.34550619125366,598,272.12609405406903,40,12.913894183916364
315_40_HZ,-4.34550619125366,602,273.946335485869,40,12.910138578518975
316_40_HZ,-4.21494340896606,602,265.71548914151697,40,12.910138578518975
317_40_HZ,-4.21494340896606,609,268.805204131534,40,12.902917819212822
318_40_HZ,-4.15860748291016,620,270.002766831869,40,12.889903469232719
319_40_HZ,-4.15860748291016,632,275.228626835067,40,12.873381682740659
320_40_HZ,-4.07797765731812,640,273.30868635730496,40,12.861019730130597
321_40_HZ,-4.07797765731812,643,274.589820824605,40,12.856106090818654
322_40_HZ,-3.97695708274841,645,268.62055196708803,40,12.852746117009733
323_40_HZ,-3.97695708274841,649,270.286415855256,40,12.845824055149588
324_40_HZ,-3.94362258911133,649,268.020892883141,40,12.845824055149588
325_40_HZ,-3.94362258911133,645,266.368992156589,40,12.852746117009733
326_40_HZ,-3.95247149467468,625,258.688648926778,40,12.883314141464387
327_40_HZ,-3.95247149467468,584,241.71867355718098,40,12.924916603263032
328_40_HZ,-4.14316272735596,542,235.158082647705,40,12.938176665557284
329_40_HZ,-4.14316272735596,515,223.44356561543898,40,12.931011873259052
330_40_HZ,-4.73384189605713,503,249.350565882426,40,12.923886293401583
331_40_HZ,-4.73384189605713,500,247.863385569012,40,12.921725934232898
332_40_HZ,-5.02709293365479,503,264.797278885778,40,12.923886293401583
333_40_HZ,-5.02709293365479,502,264.270842943659,40,12.923183016532214
334_40_HZ,-4.86146450042725,501,255.05476489450203,40,12.922462896809318
335_40_HZ,-4.86146450042725,500,254.54567354740797,40,12.921725934232898
336_40_HZ,-4.76376867294312,498,248.43263477480602,40,12.92020148051948
337_40_HZ,-4.76376867294312,502,250.428077624403,40,12.923183016532214
338_40_HZ,-4.79278898239136,500,250.94984287169396,40,12.921725934232898
339_40_HZ,-4.79278898239136,492,246.934645385747,40,12.91522389089462
340_40_HZ,-4.80812358856201,488,245.710687360116,40,12.911568640740875
341_40_HZ,-4.80812358856201,489,246.214192867002,40,12.912507717559599
342_40_HZ,-4.806969165802,491,247.161857566091,40,12.914335342636472
343_40_HZ,-4.806969165802,493,248.168626843346,40,12.916095596299243
344_40_HZ,-4.80081367492676,495,248.856303919462,40,12.917788478547914
345_40_HZ,-4.80081367492676,495,248.856303919462,40,12.917788478547914
346_40_HZ,-4.80042886734009,497,249.841760093889,40,12.919413989382484
347_40_HZ,-4.80042886734009,501,251.852558967884,40,12.922462896809318
348_40_HZ,-4.78196144104004,502,251.384444838069,40,12.923183016532214
349_40_HZ,-4.78196144104004,503,251.88521066443897,40,12.923886293401583
350_40_HZ,-4.73738718032837,503,249.5372987076,40,12.923886293401583
351_40_HZ,-4.73738718032837,509,252.51388676375402,40,12.927752254693775
352_40_HZ,-4.70539903640747,514,253.272591208344,40,12.930510710631987
353_40_HZ,-4.70539903640747,515,253.76533944026602,40,12.931011873259052
354_40_HZ,-4.67901706695557,515,252.342547374582,40,12.931011873259052
355_40_HZ,-4.67901706695557,509,249.402634201286,40,12.927752254693775
356_40_HZ,-4.70080947875977,498,245.14928307983,40,12.92020148051948
357_40_HZ,-4.70080947875977,485,238.74980380264498,40,12.90865035316355
358_40_HZ,-4.81650495529175,474,239.077656074674,40,12.896653065658574
359_40_HZ,-4.81650495529175,468,236.05135663069098,40,12.88925010512607
360_40_HZ,-4.99502229690552,465,243.231052024574,40,12.885321246337227
361_40_HZ,-4.99502229690552,468,244.80028461828098,40,12.88925010512607
362_40_HZ,-5.01263809204102,471,247.238361417778,40,12.893027378233187
363_40_HZ,-5.01263809204102,471,247.238361417778,40,12.893027378233187
364_40_HZ,-4.92376375198364,475,244.917293725479,40,12.897827942426654
365_40_HZ,-4.92376375198364,477,245.94852443590202,40,12.900127167402236
366_40_HZ,-4.86500930786133,480,244.54204095160202,40,12.903449683464167
367_40_HZ,-4.86500930786133,484,246.579891292865,40,12.907643904930723
368_40_HZ,-4.82766246795654,481,243.17033586963498,40,12.904523503111093
369_40_HZ,-4.82766246795654,479,242.159232601986,40,12.902359020963715
370_40_HZ,-4.88053607940674,475,242.76706180461,40,12.897827942426654
371_40_HZ,-4.88053607940674,472,241.233796151107,40,12.894252783561841
372_40_HZ,-4.93769693374634,455,235.268855528353,40,12.871130264895271
373_40_HZ,-4.93769693374634,436,225.444441781015,40,12.839527194009332
374_40_HZ,-5.03294658660889,417,219.779398328901,40,12.801843853000758
375_40_HZ,-5.03294658660889,409,215.563006994054,40,12.784158154921679
376_40_HZ,-5.28192520141602,411,227.33311191374,40,12.7886806365626
377_40_HZ,-5.28192520141602,403,222.908136499361,40,12.770186481514306
378_40_HZ,-5.27862739562988,397,219.452305800209,40,12.755608465380023
379_40_HZ,-5.27862739562988,389,215.030093088869,40,12.735227910736894
380_40_HZ,-5.30138206481934,384,213.18121739118502,40,12.721942671345367
381_40_HZ,-5.30138206481934,386,214.291536231764,40,12.727307295662554
382_40_HZ,-5.34081745147705,395,220.919188879725,40,12.750614383840393
383_40_HZ,-5.34081745147705,395,220.919188879725,40,12.750614383840393
384_40_HZ,-5.20868825912476,394,214.908303929849,40,12.74809207879029
385_40_HZ,-5.20868825912476,398,217.09011412203,40,12.75808024186955
386_40_HZ,-5.15927696228027,403,217.73212889696,40,12.770186481514306
387_40_HZ,-5.15927696228027,407,219.893241838866,40,12.779568301866655
388_40_HZ,-5.17211055755615,412,223.14833626181,40,12.790916613102773
389_40_HZ,-5.17211055755615,405,219.35698103406,40,12.774911077397531
390_40_HZ,-5.13289546966553,406,218.231306169083,40,12.777248111058856
391_40_HZ,-5.13289546966553,404,217.156275104211,40,12.772557200882682
392_40_HZ,-5.1460862159729,394,212.325372278761,40,12.74809207879029
393_40_HZ,-5.1460862159729,381,205.31971278733,40,12.713769413468146
394_40_HZ,-5.24108839035034,364,199.779759348807,40,12.66459100039793
395_40_HZ,-5.24108839035034,345,189.351694987193,40,12.603866635766739
396_40_HZ,-5.41386222839356,329,186.522707218775,40,12.54801432972181
397_40_HZ,-5.41386222839356,319,180.853324020636,40,12.510917067485437
398_40_HZ,-5.59298419952393,310,181.56573592240898,40,12.47608946749629
399_40_HZ,-5.59298419952393,308,180.39434407774797,40,12.468164729443258
400_40_HZ,-5.61801958084106,308,181.201824620075,40,12.468164729443258
401_40_HZ,-5.61801958084106,311,182.96677745728297,40,12.480026572242519
402_40_HZ,-5.51870250701904,314,181.465996587028,40,12.491736829360054
403_40_HZ,-5.51870250701904,326,188.40100282602202,40,12.537062001012913
404_40_HZ,-5.37549829483032,336,189.14141875204902,40,12.572980263502513
405_40_HZ,-5.37549829483032,350,197.022311200051,40,12.6204362315957
406_40_HZ,-5.21322250366211,373,203.630915586113,40,12.69123297357378
407_40_HZ,-5.21322250366211,410,223.830228928435,40,12.786427817168903
408_40_HZ,-4.97479629516602,444,231.30599975375398,40,12.853574835726945
409_40_HZ,-4.97479629516602,484,252.144378109948,40,12.907643904930723
410_40_HZ,-4.56403636932373,530,253.31071651029703,40,12.936508170242014
411_40_HZ,-4.56403636932373,575,274.818230176266,40,12.930259208931737
412_40_HZ,-4.15976142883301,621,270.51331435369104,40,12.888619289386103
413_40_HZ,-4.15976142883301,602,262.236739518393,40,12.910138578518975
414_40_HZ,-3.7774441242218,532,210.444852120004,40,12.936954681329812
415_40_HZ,-3.7774441242218,462,182.754739998951,40,12.881240801866657
416_40_HZ,-4.53037166595459,414,196.409641511475,40,12.795338037622543
417_40_HZ,-4.53037166595459,372,176.484025705963,40,12.68834012574612
418_40_HZ,-5.76388931274414,343,207.032418881107,40,12.597120897460478
419_40_HZ,-5.76388931274414,328,197.978523011671,40,12.544380396339037
420_40_HZ,-5.95480060577393,322,200.794448374777,40,12.522223096118365
421_40_HZ,-5.95480060577393,326,203.28878934837698,40,12.537062001012913
422_40_HZ,-5.79975175857544,317,192.52950854822,40,12.50329550079586
423_40_HZ,-5.79975175857544,312,189.492765511182,40,12.483946834135223
424_40_HZ,-5.67383337020874,307,182.407873998811,40,12.464177096136453
425_40_HZ,-5.67383337020874,301,178.842899262678,40,12.439897596371594
426_40_HZ,-5.69235563278198,289,172.273507992892,40,12.389519568661143
427_40_HZ,-5.69235563278198,284,169.292997473984,40,12.367812902506962
428_40_HZ,-5.67520761489868,279,165.811470758742,40,12.34568516501465
429_40_HZ,-5.67520761489868,281,167.000083452353,40,12.354586788572151
430_40_HZ,-5.63085317611694,283,166.87421930634798,40,12.36342104071555
431_40_HZ,-5.63085317611694,289,170.412188620264,40,12.389519568661143
432_40_HZ,-5.60293245315552,295,173.08761902251499,40,12.415011753879824
433_40_HZ,-5.60293245315552,304,178.368258246931,40,12.452113139094887
434_40_HZ,-5.5468430519104,305,177.163541296848,40,12.456151300962267
435_40_HZ,-5.5468430519104,315,182.97218199510502,40,12.495606562692181
436_40_HZ,-5.49707508087158,316,181.906141226376,40,12.499459453170783
437_40_HZ,-5.49707508087158,325,187.087012337254,40,12.533377539069564
438_40_HZ,-5.44466829299927,332,189.294564590575,40,12.558815072748978
439_40_HZ,-5.44466829299927,349,198.987358560574,40,12.617155998136958
440_40_HZ,-5.34768772125244,393,220.083356097448,40,12.74555293088666
441_40_HZ,-5.34768772125244,501,280.56427838377,40,12.922462896809318
442_40_HZ,-4.84357404708862,665,337.299896248643,40,12.815440951144957
443_40_HZ,-4.84357404708862,819,415.411451169381,40,12.302530622454155
444_40_HZ,-3.0410327911377,938,298.711919236181,40,11.632603931772973
445_40_HZ,-3.0410327911377,1017,323.869959342427,40,11.05613472591616
446_40_HZ,-0.876647591590881,1070,98.2284821561503,40,10.610473260861719
447_40_HZ,-0.876647591590881,1105,101.441563348174,40,10.290230525359062
448_40_HZ,-0.142626985907555,1127,16.8327179513668,40,10.07837462245417
449_40_HZ,-0.142626985907555,1137,16.9820765844757,40,9.979381628206077
450_40_HZ,-0.0850778669118881,1138,10.1388215599028,40,9.969389693086878
451_40_HZ,-0.0850778669118881,1131,10.076456225175798,40,10.038979538997237
452_40_HZ,-0.082475557923317,1126,9.72505935207012,40,10.088181286184588
453_40_HZ,-0.082475557923317,1108,9.569596591557461,40,10.26182110537932
454_40_HZ,-0.0821798369288445,1090,9.3803793174878,40,10.430003840031855
455_40_HZ,-0.0821798369288445,1078,9.27710908646958,40,10.539093949498987
456_40_HZ,-0.0798732414841652,1064,8.899622142105349,40,10.663300344535706
457_40_HZ,-0.0798732414841652,1045,8.740700318139181,40,10.826585931791067
458_40_HZ,-0.0770343542098999,1022,8.2444934851296,40,11.0161123339001
459_40_HZ,-0.0770343542098999,1005,8.10735416101297,40,11.150470495695128
460_40_HZ,-0.0770343542098999,996,8.034750989421811,40,11.219630673371212
461_40_HZ,-0.0770343542098999,983,7.92987974156791,40,11.317120179738103
462_40_HZ,-0.0786903724074364,967,7.96850233726357,40,11.433199722479483
463_40_HZ,-0.0786903724074364,950,7.828414912513329,40,11.551809816228353
464_40_HZ,-0.077270932495594,934,7.5577346812299,40,11.658996332308371
465_40_HZ,-0.077270932495594,930,7.52536750914755,40,11.685119247187366
466_40_HZ,-0.0760289207100868,938,7.46810251238645,40,11.632603931772973
467_40_HZ,-0.0760289207100868,944,7.5158728909305,40,11.592510045364119
468_40_HZ,-0.0750826224684715,955,7.50881541052716,40,11.517429780143267
469_40_HZ,-0.0750826224684715,967,7.60316701777986,40,11.433199722479483
470_40_HZ,-0.0767977833747864,983,7.905526943897061,40,11.317120179738103
471_40_HZ,-0.0767977833747864,984,7.9135691890078395,40,11.3097220440618
472_40_HZ,-0.0755853429436684,978,7.74114246287451,40,11.35385821531673
473_40_HZ,-0.0755853429436684,975,7.717396627098821,40,11.375698922421602
474_40_HZ,-0.0728647410869598,977,7.454879413956331,40,11.36115529387188
475_40_HZ,-0.0728647410869598,977,7.454879413956331,40,11.36115529387188
476_40_HZ,-0.0740771815180779,979,7.5944403921648505,40,11.346544293908055
477_40_HZ,-0.0740771815180779,982,7.617712426053,40,11.324501472560879
478_40_HZ,-0.0766499266028404,997,8.002681104798299,40,11.212013580599082
479_40_HZ,-0.0766499266028404,1009,8.099002241465879,40,11.119294724758543
480_40_HZ,-0.0746390447020531,1018,7.9568740621804,40,11.04816393322
481_40_HZ,-0.0746390447020531,1020,7.97250642772496,40,11.0321718192671
482_40_HZ,-0.0727168843150139,1029,7.83572632595445,40,10.95937358522955
483_40_HZ,-0.0727168843150139,1042,7.9347199530073205,40,10.851812052454525
484_40_HZ,-0.074165903031826,1056,8.20156641476933,40,10.732793256303603
485_40_HZ,-0.074165903031826,1067,8.28699939825651,40,10.636962595539575
486_40_HZ,-0.0752600505948067,1082,8.527473985022981,40,10.503000065333016
487_40_HZ,-0.0752600505948067,1101,8.67721705869713,40,10.327873952049362
488_40_HZ,-0.0738110393285751,1122,8.67246974958862,40,10.127239512571014
489_40_HZ,-0.0738110393285751,1140,8.81160028033068,40,9.949355294287907
490_40_HZ,-0.0748164802789688,1144,8.96296914479542,40,9.90908438244766
491_40_HZ,-0.0748164802789688,1146,8.978638671272341,40,9.888847869406382
492_40_HZ,-0.074313759803772,1152,8.96500060909757,40,9.827734101797947
493_40_HZ,-0.074313759803772,1153,8.97278272768186,40,9.817489523875869
494_40_HZ,-0.0734857469797134,1150,8.84972120343954,40,9.848172729081526
495_40_HZ,-0.0734857469797134,1146,8.81893956447105,40,9.888847869406382
496_40_HZ,-0.0735448971390724,1139,8.77212607993517,40,9.959380915114156
497_40_HZ,-0.0735448971390724,1140,8.77982768316602,40,9.949355294287907
498_40_HZ,-0.0712678730487824,1140,8.507995462979538,40,9.949355294287907
499_40_HZ,-0.0712678730487824,1142,8.522921770809331,40,9.929253524074833
500_40_HZ,-0.0694935694336891,1141,8.30345549780162,40,9.939312830608133
501_40_HZ,-0.0694935694336891,1147,8.347119593320299,40,9.878704348605455
502_40_HZ,-0.0701441466808319,1147,8.42526284057693,40,9.878704348605455
503_40_HZ,-0.0701441466808319,1145,8.41057188531873,40,9.898974547353783
504_40_HZ,-0.0705581456422806,1142,8.4380462013075,40,9.929253524074833
505_40_HZ,-0.0705581456422806,1145,8.46021269745804,40,9.898974547353783
506_40_HZ,-0.069937139749527,1143,8.371103878411951,40,9.919177374688008
507_40_HZ,-0.069937139749527,1145,8.38575147924907,40,9.898974547353783
508_40_HZ,-0.0680741220712662,1146,8.16949653014582,40,9.888847869406382
509_40_HZ,-0.0680741220712662,1149,8.19088264671688,40,9.858366778443028
510_40_HZ,-0.0695527121424675,1145,8.339656439405411,40,9.898974547353783
511_40_HZ,-0.0695527121424675,1143,8.32508935392174,40,9.919177374688008
512_40_HZ,-0.0706172958016396,1153,8.52646444636063,40,9.817489523875869
513_40_HZ,-0.0706172958016396,1147,8.48209429312718,40,9.878704348605455
514_40_HZ,-0.0693161338567734,1146,8.31854902982702,40,9.888847869406382
515_40_HZ,-0.0693161338567734,1142,8.28951395467928,40,9.929253524074833
516_40_HZ,-0.0692865625023842,1137,8.24969911240384,40,9.979381628206077
517_40_HZ,-0.0692865625023842,1138,8.25695478444642,40,9.969389693086878
518_40_HZ,-0.0688429847359657,1140,8.2185117999238,40,9.949355294287907
01_40_HZ,-2.46074151992798,823,212.077428314353,40,12.36336505831571
02_40_HZ,-2.46074151992798,819,211.046675321331,40,12.380021324700488
03_40_HZ,-2.58152103424072,822,222.21639594752298,40,12.367547412966873
04_40_HZ,-2.58152103424072,831,224.649422180525,40,12.32946730778717
05_40_HZ,-2.65725898742676,839,233.466439286793,40,12.294789266913314
06_40_HZ,-2.65725898742676,856,238.196986924309,40,12.218507622269199
07_40_HZ,-2.5281252861023,866,229.268868866407,40,12.171990141649044
08_40_HZ,-2.5281252861023,900,238.27018704361,40,12.004711064129664
09_40_HZ,-2.30519843101501,954,230.295420248556,40,11.710064250176176
10_40_HZ,-2.30519843101501,1015,245.020808755015,40,11.334458910324168
11_40_HZ,-1.72545683383942,1070,193.33767113285998,40,10.956905761099364
12_40_HZ,-1.72545683383942,1107,200.02317938698698,40,10.682164614341083
13_40_HZ,-0.68532407283783,1118,80.2354692173342,40,10.597266116279068
14_40_HZ,-0.68532407283783,1117,80.1637022502346,40,10.60504512174066
15_40_HZ,-0.121191717684269,1115,14.150651306188001,40,10.620566556553909
16_40_HZ,-0.121191717684269,1112,14.1125778049157,40,10.643757268498941
17_40_HZ,-0.0623076371848583,1119,7.30129637727202,40,10.58947491878083
18_40_HZ,-0.0623076371848583,1121,7.31434605801782,40,10.573855947674417
19_40_HZ,-0.0589956007897854,1130,6.98114565478923,40,10.502967071881605
20_40_HZ,-0.0589956007897854,1124,6.9440776247638,40,10.550336050739956
21_40_HZ,-0.0592617467045784,1113,6.90713965800162,40,10.636039223220576
22_40_HZ,-0.0592617467045784,1109,6.8823161551876,40,10.666838252114163
23_40_HZ,-0.0600010417401791,1111,6.98073998127767,40,10.651463121740662
24_40_HZ,-0.0600010417401791,1116,7.01215645284058,40,10.612811935165608
25_40_HZ,-0.0613909140229225,1121,7.20673109465827,40,10.573855947674417
26_40_HZ,-0.0613909140229225,1123,7.21958877725356,40,10.558188208421422
27_40_HZ,-0.0615091994404793,1118,7.2012932115567905,40,10.597266116279068
28_40_HZ,-0.0615091994404793,1115,7.18196952673151,40,10.620566556553909
29_40_HZ,-0.0598236098885536,1119,7.01021479412496,40,10.58947491878083
30_40_HZ,-0.0598236098885536,1123,7.03527364951057,40,10.558188208421422
31_40_HZ,-0.0603854730725288,1120,7.08237822801658,40,10.581671529245945
32_40_HZ,-0.0603854730725288,1118,7.06973112403798,40,10.597266116279068
33_40_HZ,-0.0610360503196716,1125,7.19064041094799,40,10.542471701021844
34_40_HZ,-0.0610360503196716,1128,7.20981545204385,40,10.518805499647637
35_40_HZ,-0.0619823485612869,1125,7.302123208016949,40,10.542471701021844
36_40_HZ,-0.0619823485612869,1125,7.302123208016949,40,10.542471701021844
37_40_HZ,-0.0626920685172081,1125,7.385735305818661,40,10.542471701021844
38_40_HZ,-0.0626920685172081,1125,7.385735305818661,40,10.542471701021844
39_40_HZ,-0.0607994794845581,1127,7.17550352450151,40,10.526706425475686
40_40_HZ,-0.0607994794845581,1122,7.1436689924496,40,10.566028174066242
41_40_HZ,-0.060148898512125,1122,7.067228954592649,40,10.566028174066242
42_40_HZ,-0.060148898512125,1121,7.06093017655825,40,10.573855947674417
43_40_HZ,-0.0613317675888538,1119,7.186942898178541,40,10.58947491878083
44_40_HZ,-0.0613317675888538,1121,7.19978819379637,40,10.573855947674417
45_40_HZ,-0.0615979135036469,1123,7.243932284691311,40,10.558188208421422
46_40_HZ,-0.0615979135036469,1131,7.29553643275679,40,10.495029569943622
47_40_HZ,-0.060148898512125,1125,7.086125288695841,40,10.542471701021844
48_40_HZ,-0.060148898512125,1116,7.02943628638627,40,10.612811935165608
49_40_HZ,-0.0617753453552723,1118,7.23245265333758,40,10.597266116279068
50_40_HZ,-0.0617753453552723,1119,7.23892175231194,40,10.58947491878083
51_40_HZ,-0.0611247681081295,1128,7.22029483496834,40,10.518805499647637
52_40_HZ,-0.0611247681081295,1124,7.19469095257483,40,10.550336050739956
53_40_HZ,-0.0586111694574356,1122,6.88655250147622,40,10.566028174066242
54_40_HZ,-0.0586111694574356,1119,6.86813925949366,40,10.58947491878083
55_40_HZ,-0.0591138899326324,1112,6.88371588363968,40,10.643757268498941
56_40_HZ,-0.0591138899326324,1116,6.9084774515664495,40,10.612811935165608
57_40_HZ,-0.0597053244709969,1115,6.97134445888025,40,10.620566556553909
58_40_HZ,-0.0597053244709969,1122,7.015110746962909,40,10.566028174066242
59_40_HZ,-0.0608290508389473,1128,7.18536355855339,40,10.518805499647637
60_40_HZ,-0.0608290508389473,1122,7.1471435396249205,40,10.566028174066242
61_40_HZ,-0.0607107616961002,1117,7.10145727003718,40,10.60504512174066
62_40_HZ,-0.0607107616961002,1117,7.10145727003718,40,10.60504512174066
63_40_HZ,-0.0613909140229225,1124,7.2260176185512,40,10.550336050739956
64_40_HZ,-0.0613909140229225,1119,7.19387341206299,40,10.58947491878083
65_40_HZ,-0.0599714703857899,1116,7.00870048613144,40,10.612811935165608
66_40_HZ,-0.0599714703857899,1120,7.03382127640431,40,10.581671529245945
67_40_HZ,-0.0597348958253861,1125,7.03735156497817,40,10.542471701021844
68_40_HZ,-0.0597348958253861,1125,7.03735156497817,40,10.542471701021844
69_40_HZ,-0.0606516189873219,1119,7.10724198850731,40,10.58947491878083
70_40_HZ,-0.0606516189873219,1117,7.09453914313018,40,10.60504512174066
71_40_HZ,-0.0588773153722286,1112,6.8561672457862,40,10.643757268498941
72_40_HZ,-0.0588773153722286,1110,6.84383600973262,40,10.659156782945734
73_40_HZ,-0.0590251721441746,1112,6.873385144444621,40,10.643757268498941
74_40_HZ,-0.0590251721441746,1117,6.904290653187631,40,10.60504512174066
75_40_HZ,-0.0609769076108933,1118,7.13897432799525,40,10.597266116279068
76_40_HZ,-0.0609769076108933,1119,7.14535981487181,40,10.58947491878083
77_40_HZ,-0.060415044426918,1122,7.0984998791704905,40,10.566028174066242
78_40_HZ,-0.060415044426918,1123,7.10482652790415,40,10.558188208421422
79_40_HZ,-0.0608586221933365,1116,7.11237948740557,40,10.612811935165608
80_40_HZ,-0.0608586221933365,1116,7.11237948740557,40,10.612811935165608
81_40_HZ,-0.0610064789652824,1122,7.16799082267681,40,10.566028174066242
82_40_HZ,-0.0610064789652824,1119,7.14882507181403,40,10.58947491878083
83_40_HZ,-0.0602967590093613,1117,7.05303038168817,40,10.60504512174066
84_40_HZ,-0.0602967590093613,1120,7.071973166956799,40,10.581671529245945
85_40_HZ,-0.0615683421492577,1135,7.3178237019375,40,10.463157641825228
86_40_HZ,-0.0615683421492577,1130,7.285586593118389,40,10.502967071881605
87_40_HZ,-0.0617753453552723,1124,7.27126724718375,40,10.550336050739956
88_40_HZ,-0.0617753453552723,1124,7.27126724718375,40,10.550336050739956
89_40_HZ,-0.0610360503196716,1121,7.1650736894868405,40,10.573855947674417
90_40_HZ,-0.0610360503196716,1125,7.19064041094799,40,10.542471701021844
91_40_HZ,-0.0610064789652824,1126,7.1935451571605,40,10.534595159267088
92_40_HZ,-0.0610064789652824,1126,7.1935451571605,40,10.534595159267088
93_40_HZ,-0.060681190341711,1126,7.1551888814800595,40,10.534595159267088
94_40_HZ,-0.060681190341711,1126,7.1551888814800595,40,10.534595159267088
95_40_HZ,-0.0599123239517212,1122,7.03943257719012,40,10.566028174066242
96_40_HZ,-0.0599123239517212,1117,7.008062556792661,40,10.60504512174066
97_40_HZ,-0.0609177649021149,1114,7.10653283404818,40,10.628308985905566
98_40_HZ,-0.0609177649021149,1122,7.15756718115086,40,10.566028174066242
99_40_HZ,-0.0612134821712971,1127,7.22436395706134,40,10.526706425475686
100_40_HZ,-0.0612134821712971,1120,7.17949213124108,40,10.581671529245945
101_40_HZ,-0.061361338943243,1121,7.20325964422731,40,10.573855947674417
102_40_HZ,-0.061361338943243,1123,7.2161111333338805,40,10.558188208421422
103_40_HZ,-0.059468749910593,1124,6.9997694753884705,40,10.550336050739956
104_40_HZ,-0.059468749910593,1126,7.01222458121656,40,10.534595159267088
105_40_HZ,-0.0605924762785435,1127,7.1510733082216005,40,10.526706425475686
106_40_HZ,-0.0605924762785435,1124,7.132037620622071,40,10.550336050739956
107_40_HZ,-0.0658562406897545,1124,7.75160945882155,40,10.550336050739956
108_40_HZ,-0.0658562406897545,1119,7.71712721033924,40,10.58947491878083
109_40_HZ,-0.0821685343980789,1121,9.64583377394789,40,10.573855947674417
110_40_HZ,-0.0821685343980789,1120,9.63722910510405,40,10.581671529245945
111_40_HZ,-0.120971865952015,1113,14.099644901308901,40,10.636039223220576
112_40_HZ,-0.120971865952015,1105,13.9982997447856,40,10.697442208421421
113_40_HZ,-0.162935540080071,1109,18.922389119342903,40,10.666838252114163
114_40_HZ,-0.162935540080071,1106,18.8712014120769,40,10.689809507399575
115_40_HZ,-0.211522147059441,1102,24.4099030007849,40,10.720267159267088
116_40_HZ,-0.211522147059441,1097,24.2991502648467,40,10.758064903276953
117_40_HZ,-0.258542329072952,1100,29.7819387729636,40,10.73542283298097
118_40_HZ,-0.258542329072952,1103,29.8631622423444,40,10.712671034355177
119_40_HZ,-0.306249558925629,1091,34.9887821702347,40,10.80301985887949
120_40_HZ,-0.306249558925629,1093,35.0529229258172,40,10.788083641825226
121_40_HZ,-0.362091183662415,1090,41.3307281566075,40,10.810469679351653
122_40_HZ,-0.362091183662415,1087,41.2169738589288,40,10.83274598854827
123_40_HZ,-0.430601596832275,1082,48.790078165731295,40,10.869629329809722
124_40_HZ,-0.430601596832275,1085,48.9253556467823,40,10.847535901162788
125_40_HZ,-0.47050416469574,1085,53.4591240046308,40,10.847535901162788
126_40_HZ,-0.47050416469574,1093,53.8532926608861,40,10.788083641825226
127_40_HZ,-0.478226363658905,1092,54.6870850718545,40,10.79555784637068
128_40_HZ,-0.478226363658905,1088,54.4867660789173,40,10.825332744186044
129_40_HZ,-0.487460017204285,1082,55.2325232308215,40,10.869629329809722
130_40_HZ,-0.487460017204285,1080,55.1304298422248,40,10.884297322057785
131_40_HZ,-0.51680988073349,1082,58.5580579478424,40,10.869629329809722
132_40_HZ,-0.51680988073349,1077,58.2874569406897,40,10.906207870155036
133_40_HZ,-0.550804018974304,1071,61.775343628555305,40,10.94969978136011
134_40_HZ,-0.550804018974304,1074,61.9483838067865,40,10.928008689922478
135_40_HZ,-0.561136901378632,1083,63.6393739035416,40,10.862277045630723
136_40_HZ,-0.561136901378632,1085,63.7568981397439,40,10.847535901162788
137_40_HZ,-0.583506524562836,1084,66.23745149848389,40,10.85491256941508
138_40_HZ,-0.583506524562836,1085,66.2985561585379,40,10.847535901162788
139_40_HZ,-0.573998034000397,1083,65.0979775073841,40,10.862277045630723
140_40_HZ,-0.573998034000397,1083,65.0979775073841,40,10.862277045630723
141_40_HZ,-0.536156535148621,1083,60.8063169037709,40,10.862277045630723
142_40_HZ,-0.536156535148621,1075,60.357147434491,40,10.920753942036642
143_40_HZ,-0.525658786296845,1075,59.175372430904304,40,10.920753942036642
144_40_HZ,-0.525658786296845,1079,59.3955598632053,40,10.891613030126846
145_40_HZ,-0.527390062808991,1071,59.149359855091696,40,10.94969978136011
146_40_HZ,-0.527390062808991,1064,58.7627627318559,40,10.999885606765325
147_40_HZ,-0.570645332336426,1058,63.2237971765407,40,11.042426539112048
148_40_HZ,-0.570645332336426,1048,62.626218753322,40,11.112352730091612
149_40_HZ,-0.678398787975311,1045,74.2386366413597,40,11.133092842670893
150_40_HZ,-0.678398787975311,1048,74.4517619140143,40,11.112352730091612
151_40_HZ,-0.794479072093964,1046,87.0247428709602,40,11.126191663847777
152_40_HZ,-0.794479072093964,1046,87.0247428709602,40,11.126191663847777
153_40_HZ,-0.817233383655548,1049,89.773925933121,40,11.10541497515856
154_40_HZ,-0.817233383655548,1050,89.8595064154214,40,11.098465028188862
155_40_HZ,-0.799205780029297,1061,88.7978859715565,40,11.021210937103591
156_40_HZ,-0.799205780029297,1074,89.885890229455,40,10.928008689922478
157_40_HZ,-0.784640789031982,1081,88.82295174601471,40,10.876969421952076
158_40_HZ,-0.784640789031982,1075,88.3299473884975,40,10.920753942036642
159_40_HZ,-0.784723222255707,1058,86.94223589579201,40,11.042426539112048
160_40_HZ,-0.784723222255707,1044,85.79177152666061,40,11.139981829457362
161_40_HZ,-0.837926685810089,1033,90.6431442549481,40,11.214956009689919
162_40_HZ,-0.837926685810089,1024,89.8534169574704,40,11.275201237491189
163_40_HZ,-0.962031424045563,1014,102.154104751651,40,11.340982136011272
164_40_HZ,-0.962031424045563,982,98.9303065740846,40,11.54328796264975
165_40_HZ,-1.18644213676453,905,112.440761884843,40,11.97892247621564
166_40_HZ,-1.18644213676453,850,105.60734541670399,40,12.245832892882307
167_40_HZ,-1.93115293979645,912,184.433634636458,40,11.942306387596895
168_40_HZ,-1.93115293979645,954,192.92728886313702,40,11.710064250176176
169_40_HZ,-2.36442017555237,979,242.40187275212,40,11.561614051973217
170_40_HZ,-2.36442017555237,1005,248.839511865046,40,11.399142525546155
171_40_HZ,-1.29136514663696,1030,139.288379080352,40,11.235147480620153
172_40_HZ,-1.29136514663696,1076,145.509025136368,40,10.913487002114163
173_40_HZ,-1.005286693573,1104,116.221805899059,40,10.705062717406623
174_40_HZ,-1.005286693573,1110,116.85344614851,40,10.659156782945734
175_40_HZ,-0.436839818954468,1117,51.0980115073273,40,10.60504512174066
176_40_HZ,-0.436839818954468,1119,51.1895030230074,40,10.58947491878083
177_40_HZ,-0.0809044018387795,1121,9.49743633127177,40,10.573855947674417
178_40_HZ,-0.0809044018387795,1125,9.531325488564441,40,10.542471701021844
179_40_HZ,-0.0607994794845581,1127,7.17550352450151,40,10.526706425475686
180_40_HZ,-0.0607994794845581,1125,7.16276971168075,40,10.542471701021844
181_40_HZ,-0.0607994794845581,1123,7.15003589885998,40,10.558188208421422
182_40_HZ,-0.0607994794845581,1131,7.20097115014304,40,10.495029569943622
183_40_HZ,-0.0621597766876221,1136,7.39462915562929,40,10.455159179704015
184_40_HZ,-0.0621597766876221,1130,7.35557301572279,40,10.502967071881605
185_40_HZ,-0.0634017884731293,1124,7.4627079837060695,40,10.550336050739956
186_40_HZ,-0.0634017884731293,1113,7.38967436464844,40,10.636039223220576
187_40_HZ,-0.0621006339788437,1116,7.25753008918936,40,10.612811935165608
188_40_HZ,-0.0621006339788437,1121,7.29004590500114,40,10.573855947674417
189_40_HZ,-0.0623963512480259,1119,7.311692148098699,40,10.58947491878083
190_40_HZ,-0.0623963512480259,1116,7.29208975628074,40,10.612811935165608
191_40_HZ,-0.0710312947630882,1115,8.29379365538899,40,10.620566556553909
192_40_HZ,-0.0710312947630882,1117,8.30867041530897,40,10.60504512174066
193_40_HZ,-0.0759578049182892,1119,8.900842121011099,40,10.58947491878083
194_40_HZ,-0.0759578049182892,1129,8.980384946042479,40,10.510892381782943
195_40_HZ,-0.0786784365773201,1130,9.31028046719469,40,10.502967071881605
196_40_HZ,-0.0786784365773201,1127,9.28556290843222,40,10.526706425475686
197_40_HZ,-0.0967884883284569,1114,11.291132791360699,40,10.628308985905566
198_40_HZ,-0.0967884883284569,1105,11.1999117903533,40,10.697442208421421
199_40_HZ,-0.166315704584122,1098,19.123361376436403,40,10.750529738548272
200_40_HZ,-0.166315704584122,1090,18.984029053110902,40,10.810469679351653
201_40_HZ,-0.216853484511375,1081,24.5482597445994,40,10.876969421952076
202_40_HZ,-0.216853484511375,1079,24.502842057745298,40,10.891613030126846
203_40_HZ,-0.284374594688416,1076,32.0428888959829,40,10.913487002114163
204_40_HZ,-0.284374594688416,1075,32.013109259462496,40,10.920753942036642
205_40_HZ,-0.379431754350662,1079,42.8729869840693,40,10.891613030126846
206_40_HZ,-0.379431754350662,1080,42.9127209849813,40,10.884297322057785
207_40_HZ,-0.447145223617554,1071,50.1495093638789,40,10.94969978136011
208_40_HZ,-0.447145223617554,1068,50.0090345477335,40,10.971281144467932
209_40_HZ,-0.567759871482849,1071,63.677024365910896,40,10.94969978136011
210_40_HZ,-0.567759871482849,1070,63.617568694234,40,10.956905761099364
211_40_HZ,-0.663751363754273,1056,73.4003231819787,40,11.056509313601124
212_40_HZ,-0.663751363754273,1051,73.0527837729731,40,11.09150288918252
213_40_HZ,-0.734597682952881,1046,80.46552755737251,40,11.126191663847777
214_40_HZ,-0.734597682952881,1034,79.5424048702898,40,11.20820113530655
215_40_HZ,-0.861230671405792,1030,92.8935011384978,40,11.235147480620153
216_40_HZ,-0.861230671405792,1028,92.7131254081318,40,11.248547501057079
217_40_HZ,-0.966538310050964,1026,103.847261843604,40,11.261898753347426
218_40_HZ,-0.966538310050964,1029,104.150908808059,40,11.241853586856939
219_40_HZ,-1.00009274482727,1030,107.871351779962,40,11.235147480620153
220_40_HZ,-1.00009274482727,1035,108.394999118699,40,11.201434068886536
221_40_HZ,-0.978107869625092,1039,106.421876607414,40,11.174243882840024
222_40_HZ,-0.978107869625092,1042,106.729158253056,40,11.153723226920365
223_40_HZ,-0.929988443851471,1038,101.088910060728,40,11.181059717406622
224_40_HZ,-0.929988443851471,1036,100.894133740766,40,11.194654810429878
225_40_HZ,-0.926058650016785,1036,100.467791105355,40,11.194654810429878
226_40_HZ,-0.926058650016785,1028,99.6919780466264,40,11.248547501057079
227_40_HZ,-0.989814817905426,1018,105.518921652525,40,11.314816081042984
228_40_HZ,-0.989814817905426,1010,104.68969633502,40,11.36695311839323
229_40_HZ,-1.07462155818939,1010,113.659444874358,40,11.36695311839323
230_40_HZ,-1.07462155818939,1008,113.434376666686,40,11.379865457364337
231_40_HZ,-1.17984676361084,1008,124.541686104512,40,11.379865457364337
232_40_HZ,-1.17984676361084,1006,124.294579584463,40,11.392729028188862
233_40_HZ,-1.20872938632965,1011,127.970200577355,40,11.36047866085271
234_40_HZ,-1.20872938632965,1016,128.603089798805,40,11.32792349260042
235_40_HZ,-1.17168486118317,1014,124.416328454064,40,11.340982136011272
236_40_HZ,-1.17168486118317,1016,124.661725551606,40,11.32792349260042
237_40_HZ,-1.13623416423798,1020,121.365889892268,40,11.301659901338967
238_40_HZ,-1.13623416423798,1023,121.72284839195099,40,11.2818341915081
239_40_HZ,-1.15349233150482,1020,123.20930349581701,40,11.301659901338967
240_40_HZ,-1.15349233150482,1012,122.242956017418,40,11.353992011275542
241_40_HZ,-1.18842077255249,1006,125.197845343444,40,11.392729028188862
242_40_HZ,-1.18842077255249,1007,125.322296481957,40,11.386303338794923
243_40_HZ,-1.23813414573669,999,129.52744994662498,40,11.437367476920363
244_40_HZ,-1.23813414573669,991,128.490193090195,40,11.48765132470049
245_40_HZ,-1.31186604499817,990,136.00450362292398,40,11.4938819415081
246_40_HZ,-1.31186604499817,988,135.729747049948,40,11.506306599013387
247_40_HZ,-1.37916719913483,986,142.40409225710297,40,11.51868248837209
248_40_HZ,-1.37916719913483,979,141.393109857712,40,11.561614051973217
249_40_HZ,-1.41170489788055,975,144.137556035285,40,11.585878149224802
250_40_HZ,-1.41170489788055,974,143.98972264448003,40,11.591913693446084
251_40_HZ,-1.48637104034424,970,150.982843493051,40,11.61593394996476
252_40_HZ,-1.48637104034424,965,150.20458141319003,40,11.64568494978858
253_40_HZ,-1.56782507896423,955,156.794059836331,40,11.704272546687804
254_40_HZ,-1.56782507896423,952,156.301513051504,40,11.721611081042983
255_40_HZ,-1.64730048179626,958,165.25969852749301,40,11.686824284002814
256_40_HZ,-1.64730048179626,952,164.22466910039,40,11.721611081042983
257_40_HZ,-1.70682454109192,948,169.443864082503,40,11.744558438336853
258_40_HZ,-1.70682454109192,948,169.443864082503,40,11.744558438336853
259_40_HZ,-1.72537434101105,946,170.924016770058,40,11.755958964763913
260_40_HZ,-1.72537434101105,947,171.104697548884,40,11.750264797568706
261_40_HZ,-1.70105350017548,951,169.405350275433,40,11.727366208421419
262_40_HZ,-1.70105350017548,951,169.405350275433,40,11.727366208421419
263_40_HZ,-1.67711746692657,947,166.3190857864,40,11.750264797568706
264_40_HZ,-1.67711746692657,936,164.387185106727,40,11.812230074700489
265_40_HZ,-1.74642491340637,926,169.35168189106201,40,11.86728198097251
266_40_HZ,-1.74642491340637,921,168.437255962925,40,11.894350732734315
267_40_HZ,-1.86201047897339,918,179.000157499792,40,11.910445679351652
268_40_HZ,-1.86201047897339,908,177.05026471657,40,11.96330301902748
269_40_HZ,-1.92722308635712,904,182.443774749255,40,11.984104577871737
270_40_HZ,-1.92722308635712,902,182.040138079456,40,11.994432205073991
271_40_HZ,-1.97644186019897,901,186.48222498579,40,11.99957773062015
272_40_HZ,-1.97644186019897,899,186.068279980272,40,12.009832205602532
273_40_HZ,-2.02351689338684,906,191.983394102571,40,11.973728182522898
274_40_HZ,-2.02351689338684,912,193.25480730854798,40,11.942306387596895
275_40_HZ,-2.00370311737061,913,191.572321157088,40,11.937026749647634
276_40_HZ,-2.00370311737061,915,191.991975748889,40,11.926430897639177
277_40_HZ,-1.91914367675781,919,184.69350426899,40,11.905092889182518
278_40_HZ,-1.91914367675781,917,184.291559754802,40,11.91578627748414
279_40_HZ,-1.88578164577484,920,181.680301764105,40,11.89972790697674
280_40_HZ,-1.88578164577484,919,181.482823175231,40,11.905092889182518
281_40_HZ,-1.88740301132202,917,181.243564458507,40,11.91578627748414
282_40_HZ,-1.88740301132202,910,179.860025798518,40,11.952829087385478
283_40_HZ,-1.9446736574173,907,184.706693298191,40,11.968521696793513
284_40_HZ,-1.9446736574173,898,182.873881567558,40,12.014941155038755
285_40_HZ,-2.03783464431763,895,190.994380947981,40,12.03019485112755
286_40_HZ,-2.03783464431763,888,189.50057014727,40,12.065360087385478
287_40_HZ,-2.12044286727905,881,195.628038287625,40,12.099927913847775
288_40_HZ,-2.12044286727905,876,194.51777700335901,40,12.124253457364336
289_40_HZ,-2.19060206413269,880,201.871401820515,40,12.10481740662438
290_40_HZ,-2.19060206413269,880,201.871401820515,40,12.10481740662438
291_40_HZ,-2.20989394187927,883,204.343459867406,40,12.090112352184633
292_40_HZ,-2.20989394187927,882,204.11204032055798,40,12.095026229034525
293_40_HZ,-2.17054104804993,882,200.477290065766,40,12.095026229034525
294_40_HZ,-2.17054104804993,882,200.477290065766,40,12.095026229034525
295_40_HZ,-2.16930437088013,882,200.363069561949,40,12.095026229034525
296_40_HZ,-2.16930437088013,878,199.454393509514,40,12.114559816067649
297_40_HZ,-2.1861777305603,880,201.463672896837,40,12.10481740662438
298_40_HZ,-2.1861777305603,880,201.463672896837,40,12.10481740662438
299_40_HZ,-2.18914556503296,880,201.737180497813,40,12.10481740662438
300_40_HZ,-2.18914556503296,882,202.195674089854,40,12.095026229034525
301_40_HZ,-2.20027542114258,881,202.993246312839,40,12.099927913847775
302_40_HZ,-2.20027542114258,882,203.223658624204,40,12.095026229034525
303_40_HZ,-2.19068455696106,878,201.42018334647997,40,12.114559816067649
304_40_HZ,-2.19068455696106,868,199.126103809504,40,12.162540341085267
305_40_HZ,-2.20467257499695,856,197.62708416243598,40,12.218507622269199
306_40_HZ,-2.20467257499695,849,196.01097482933199,40,12.250344432522898
307_40_HZ,-2.3133602142334,842,203.97830822652,40,12.281583832980967
308_40_HZ,-2.3133602142334,838,203.00929013518203,40,12.299166694150806
309_40_HZ,-2.4662652015686,839,216.68575224268199,40,12.294789266913314
310_40_HZ,-2.4662652015686,839,216.68575224268199,40,12.294789266913314
311_40_HZ,-2.51985335350037,844,222.713394713186,40,12.272719250176175
312_40_HZ,-2.51985335350037,847,223.505030002451,40,12.259330935694145
313_40_HZ,-2.45942234992981,849,218.660046024944,40,12.250344432522898
314_40_HZ,-2.45942234992981,850,218.917596138048,40,12.245832892882307
315_40_HZ,-2.43295812606812,852,217.071517677191,40,12.236773237491185
316_40_HZ,-2.43295812606812,858,218.600190336889,40,12.209301662438332
317_40_HZ,-2.42300987243652,861,218.467563324068,40,12.19540128241719
318_40_HZ,-2.42300987243652,864,219.228774346103,40,12.181391174066238
319_40_HZ,-2.3360595703125,858,209.893911577482,40,12.209301662438332
320_40_HZ,-2.3360595703125,856,209.404648380332,40,12.218507622269199
321_40_HZ,-2.32424283027649,855,208.101987851844,40,12.223092314129664
322_40_HZ,-2.32424283027649,854,207.858593714005,40,12.227664813953483
323_40_HZ,-2.37184000015259,853,211.866872931089,40,12.232225121740656
324_40_HZ,-2.37184000015259,847,210.376601843649,40,12.259330935694145
325_40_HZ,-2.43103432655334,838,213.335802137544,40,12.299166694150806
326_40_HZ,-2.43103432655334,832,211.808338160426,40,12.325175224806195
327_40_HZ,-2.53977727890015,827,219.95292773579501,40,12.346513719344603
328_40_HZ,-2.53977727890015,820,218.091173813001,40,12.37587554615926
329_40_HZ,-2.6244740486145,812,223.165430486871,40,12.408700397462995
330_40_HZ,-2.6244740486145,812,223.165430486871,40,12.408700397462995
331_40_HZ,-2.69259977340698,813,229.240292156836,40,12.404639963178289
332_40_HZ,-2.69259977340698,813,229.240292156836,40,12.404639963178289
333_40_HZ,-2.74247789382935,814,233.773974180214,40,12.400567336856936
334_40_HZ,-2.74247789382935,812,233.19959095126998,40,12.408700397462995
335_40_HZ,-2.72406554222107,811,231.348680637909,40,12.412748639711058
336_40_HZ,-2.72406554222107,813,231.919207593859,40,12.404639963178289
337_40_HZ,-2.751629114151,817,235.418490431766,40,12.388276305673003
338_40_HZ,-2.751629114151,817,235.418490431766,40,12.388276305673003
339_40_HZ,-2.73475575447083,812,232.542953994936,40,12.408700397462995
340_40_HZ,-2.73475575447083,802,229.67912451224,40,12.448634178294569
341_40_HZ,-2.73700904846191,795,227.862048677674,40,12.47586239869626
342_40_HZ,-2.73700904846191,793,227.288810819365,40,12.483532161909789
343_40_HZ,-2.84995651245117,795,237.265167478281,40,12.47586239869626
344_40_HZ,-2.84995651245117,797,237.862060981371,40,12.468143867336146
345_40_HZ,-2.87394762039185,801,241.06822678234698,40,12.452560500176174
346_40_HZ,-2.87394762039185,801,241.06822678234698,40,12.452560500176174
347_40_HZ,-2.82255792617798,804,237.644365737437,40,12.440744958421417
348_40_HZ,-2.82255792617798,812,240.008986292039,40,12.408700397462995
349_40_HZ,-2.77177286148071,817,237.14190199982298,40,12.388276305673003
350_40_HZ,-2.77177286148071,818,237.43216136579602,40,12.38415491120507
351_40_HZ,-2.70994019508362,819,232.419325911705,40,12.380021324700488
352_40_HZ,-2.70994019508362,815,231.284188788815,40,12.396482518498937
353_40_HZ,-2.68017816543579,812,227.902096360494,40,12.408700397462995
354_40_HZ,-2.68017816543579,808,226.779425935073,40,12.424820214235371
355_40_HZ,-2.71524405479431,802,228.04043871523,40,12.448634178294569
356_40_HZ,-2.71524405479431,802,228.04043871523,40,12.448634178294569
357_40_HZ,-2.77688431739807,800,232.63571174951,40,12.456474630021136
358_40_HZ,-2.77688431739807,796,231.472533190763,40,12.472009229034525
359_40_HZ,-2.82618546485901,798,236.174037912568,40,12.464266313601122
360_40_HZ,-2.82618546485901,806,238.541697440514,40,12.432806970401685
361_40_HZ,-2.83132433891296,797,236.306987240745,40,12.468143867336146
362_40_HZ,-2.83132433891296,783,232.156048945424,40,12.521149455778712
363_40_HZ,-2.89664697647095,773,234.478851960571,40,12.55754754598308
364_40_HZ,-2.89664697647095,762,231.142154196578,40,12.596177264975328
365_40_HZ,-3.04097771644592,752,239.474737080384,40,12.630015027484138
366_40_HZ,-3.04097771644592,742,236.290232597932,40,12.662633586328393
367_40_HZ,-3.15807485580444,739,244.396774572371,40,12.672181409267083
368_40_HZ,-3.15807485580444,739,244.396774572371,40,12.672181409267083
369_40_HZ,-3.26324510574341,738,252.193951362625,40,12.675339632840021
370_40_HZ,-3.26324510574341,739,252.535677583983,40,12.672181409267083
371_40_HZ,-3.2421395778656,738,250.562851487712,40,12.675339632840021
372_40_HZ,-3.2421395778656,740,251.241883605565,40,12.6690109936575
373_40_HZ,-3.2393639087677,744,252.38369726080202,40,12.656207410852707
374_40_HZ,-3.2393639087677,748,253.740598858978,40,12.643208755461586
375_40_HZ,-3.23433494567871,747,253.007973179962,40,12.646476707364334
376_40_HZ,-3.23433494567871,735,248.943588068637,40,12.684741151338965
377_40_HZ,-3.20465540885925,721,241.960907935306,40,12.727164051973213
378_40_HZ,-3.20465540885925,710,238.26941003338,40,12.758819926004222
379_40_HZ,-3.35659837722778,702,246.754517147529,40,12.780915785059895
380_40_HZ,-3.35659837722778,700,246.051512825171,40,12.786317829457358
381_40_HZ,-3.53440117835999,701,259.455261608819,40,12.78362290327695
382_40_HZ,-3.53440117835999,705,260.935748122992,40,12.77272127818886
383_40_HZ,-3.53115844726563,711,262.915034915436,40,12.756003079457358
384_40_HZ,-3.53115844726563,715,264.394163100614,40,12.744613772903445
385_40_HZ,-3.47800993919373,715,260.414690818355,40,12.744613772903445
386_40_HZ,-3.47800993919373,716,260.77890716914897,40,12.741735966173355
387_40_HZ,-3.46861147880554,714,259.347746415506,40,12.747479387596893
388_40_HZ,-3.46861147880554,710,257.894817864159,40,12.758819926004222
389_40_HZ,-3.46888613700867,702,255.00916302744497,40,12.780915785059895
390_40_HZ,-3.46888613700867,695,252.466336615491,40,12.799609579809719
391_40_HZ,-3.54052948951721,682,252.86062614000397,40,12.83274166243833
392_40_HZ,-3.54052948951721,667,247.29917541845,40,12.868410660852707
393_40_HZ,-3.71269869804382,658,255.825725956016,40,12.888495319943615
394_40_HZ,-3.71269869804382,648,251.93779699011898,40,12.909653364341079
395_40_HZ,-3.88989686965942,640,260.703393286052,40,12.925701973220571
396_40_HZ,-3.88989686965942,632,257.444600869976,40,12.94097029175475
397_40_HZ,-4.02526903152466,632,266.40390869407497,40,12.94097029175475
398_40_HZ,-4.02526903152466,640,269.776110069949,40,12.925701973220571
399_40_HZ,-4.05060625076294,650,275.716036718928,40,12.90551929175475
400_40_HZ,-4.05060625076294,654,277.412750791044,40,12.897104842142348
401_40_HZ,-3.96137523651123,652,270.471931364402,40,12.90133645102184
402_40_HZ,-3.96137523651123,648,268.812594362167,40,12.909653364341079
403_40_HZ,-3.95010805130005,653,270.116288026479,40,12.899226742600415
404_40_HZ,-3.95010805130005,656,271.357251064886,40,12.892824465116272
405_40_HZ,-3.927903175354,653,268.59788341308,40,12.899226742600415
406_40_HZ,-3.927903175354,644,264.89592177339,40,12.917775205073989
407_40_HZ,-3.94018745422363,635,262.01081372165305,40,12.935336112579273
408_40_HZ,-3.94018745422363,627,258.70989008421503,40,12.950116749647632
409_40_HZ,-4.10974597930908,618,265.969634798686,40,12.965812275546153
410_40_HZ,-4.10974597930908,607,261.235547447901,40,12.98365457205778
411_40_HZ,-4.26133155822754,600,267.74736513745603,40,12.99424066243833
412_40_HZ,-4.26133155822754,597,266.408628311769,40,12.998594677766025
413_40_HZ,-4.33805894851685,596,270.751160062925,40,13.000021632135299
414_40_HZ,-4.33805894851685,593,269.388318653212,40,13.004229343023248
415_40_HZ,-4.34558868408203,586,266.670428958612,40,13.013620613812536
416_40_HZ,-4.34558868408203,586,266.670428958612,40,13.013620613812536
417_40_HZ,-4.34451723098755,591,268.879443142292,40,13.006973523431988
418_40_HZ,-4.34451723098755,592,269.33439989887796,40,13.00560752924594
419_40_HZ,-4.33022689819336,594,269.355413708877,40,13.00283896476391
420_40_HZ,-4.33022689819336,593,268.901953416438,40,13.004229343023248
421_40_HZ,-4.26781702041626,590,263.685616105282,40,13.008327325581387
422_40_HZ,-4.26781702041626,587,262.344841786102,40,13.012315579809718
423_40_HZ,-4.26814699172974,589,263.259031733355,40,13.009668935694144
424_40_HZ,-4.26814699172974,592,264.59990965389903,40,13.00560752924594
425_40_HZ,-4.28952741622925,595,267.272957224778,40,13.001436394467929
426_40_HZ,-4.28952741622925,597,268.171353719651,40,12.998594677766025
427_40_HZ,-4.29378700256348,596,267.988008083517,40,13.000021632135299
428_40_HZ,-4.29378700256348,593,266.639075156922,40,13.004229343023248
429_40_HZ,-4.31387567520142,583,263.36907940445496,40,13.01746256360112
430_40_HZ,-4.31387567520142,570,257.49635550692904,40,13.032843040873848
431_40_HZ,-4.4019250869751,556,256.298493513764,40,13.047102336856934
432_40_HZ,-4.4019250869751,536,247.079123243485,40,13.063327467230437
433_40_HZ,-4.61974048614502,515,249.145711451997,40,13.075115182346716
434_40_HZ,-4.61974048614502,493,238.502593681232,40,13.081697383897103
435_40_HZ,-4.89529371261597,477,244.52638851219,40,13.082778060429872
436_40_HZ,-4.89529371261597,473,242.47585275946702,40,13.082560548097243
437_40_HZ,-5.09678506851196,470,250.85501884547202,40,13.082269397462994
438_40_HZ,-5.09678506851196,461,246.05141210162301,40,13.080737575581388
439_40_HZ,-5.06782007217407,450,238.815389221692,40,13.077524224806194
440_40_HZ,-5.06782007217407,442,234.569782302196,40,13.074260647639175
441_40_HZ,-5.08527040481567,450,239.637725048491,40,13.077524224806194
442_40_HZ,-5.08527040481567,488,259.873799608142,40,13.082370376321345
443_40_HZ,-4.9841947555542,547,285.503188509011,40,13.055007151338964
444_40_HZ,-4.9841947555542,598,312.12231577402,40,12.997155531360105
445_40_HZ,-4.27520942687988,638,285.631901692526,40,12.92959220507399
446_40_HZ,-4.27520942687988,670,299.9582666677,40,12.86149631782945
447_40_HZ,-3.58430695533752,696,261.242028288783,40,12.796975613812537
448_40_HZ,-3.58430695533752,709,266.121548932108,40,12.76162458051444
449_40_HZ,-3.38855886459351,700,248.39434255954302,40,12.786317829457358
450_40_HZ,-3.38855886459351,672,238.458568857162,40,12.85682579563072
451_40_HZ,-3.49337196350098,646,236.322982140221,40,12.913738668780825
452_40_HZ,-3.49337196350098,633,231.56725649343602,40,12.939104424066237
453_40_HZ,-3.98737239837647,630,263.06069843322797,40,12.944665451021839
454_40_HZ,-3.98737239837647,625,260.97291511233,40,12.953689988548266
455_40_HZ,-4.16786861419678,621,271.040515794778,40,12.960690161909788
456_40_HZ,-4.16786861419678,617,269.29468316486,40,12.967495262684983
457_40_HZ,-4.15519952774048,610,265.430205518832,40,12.97893479563072
458_40_HZ,-4.15519952774048,605,263.254548096547,40,12.986740129492594
459_40_HZ,-4.25492858886719,596,265.562746197184,40,13.000021632135299
460_40_HZ,-4.25492858886719,595,265.117171119672,40,13.001436394467929
461_40_HZ,-4.35179948806763,596,271.608749131642,40,13.000021632135299
462_40_HZ,-4.35179948806763,598,272.520187887117,40,12.997155531360105
463_40_HZ,-4.30181121826172,599,269.840293992767,40,12.99570419291754
464_40_HZ,-4.30181121826172,600,270.29077862380603,40,12.99424066243833
465_40_HZ,-4.27713346481323,605,270.97971330536905,40,12.986740129492594
466_40_HZ,-4.27713346481323,608,272.323414363081,40,12.982093505285405
467_40_HZ,-4.25715446472168,600,267.48490834864003,40,12.99424066243833
468_40_HZ,-4.25715446472168,586,261.243593820505,40,13.013620613812536
469_40_HZ,-4.272873878479,572,255.94385453350898,40,13.03061092600422
470_40_HZ,-4.272873878479,568,254.154037368939,40,13.035026387596892
471_40_HZ,-4.4672474861145,568,265.715558209093,40,13.035026387596892
472_40_HZ,-4.4672474861145,574,268.522412697217,40,13.028330042988012
473_40_HZ,-4.49409675598145,582,273.901251625632,40,13.018718829457356
474_40_HZ,-4.49409675598145,592,278.607458698237,40,13.00560752924594
475_40_HZ,-4.31557941436768,598,270.25199717988005,40,12.997155531360105
476_40_HZ,-4.31557941436768,591,267.08851226305904,40,13.006973523431988
477_40_HZ,-4.19092512130737,571,250.59628019449798,40,13.031733079457357
478_40_HZ,-4.19092512130737,547,240.06333671872198,40,13.055007151338964
479_40_HZ,-4.40538787841797,529,244.044161574345,40,13.06785411539816
480_40_HZ,-4.40538787841797,512,236.201532563449,40,13.076360228329802
481_40_HZ,-4.79105758666992,497,249.35403652812,40,13.08093953329809
482_40_HZ,-4.79105758666992,494,247.848881378051,40,13.081526209302318
483_40_HZ,-4.97707748413086,492,256.429572261758,40,13.081856366455243
484_40_HZ,-4.97707748413086,491,255.908373944153,40,13.082003156976736
485_40_HZ,-4.99227428436279,487,254.59860808878298,40,13.082468398696257
486_40_HZ,-4.99227428436279,481,251.46186959077,40,13.082800500176173
487_40_HZ,-4.92862796783447,475,245.159246077668,40,13.08269368833685
488_40_HZ,-4.92862796783447,474,244.643121349084,40,13.082633214235369
489_40_HZ,-4.92843580245972,483,249.278514011575,40,13.08273856782945
490_40_HZ,-4.92843580245972,491,253.40735068257396,40,13.082003156976736
491_40_HZ,-4.82700300216675,495,250.21387029305802,40,13.081342842670887
492_40_HZ,-4.82700300216675,495,250.21387029305802,40,13.081342842670887
493_40_HZ,-4.74552154541016,496,246.487122027029,40,13.081147284002812
494_40_HZ,-4.74552154541016,505,250.959670612197,40,13.078838614341077
495_40_HZ,-4.77836132049561,511,255.69869341685097,40,13.076750859584207
496_40_HZ,-4.77836132049561,517,258.70102641196104,40,13.074224191508097
497_40_HZ,-4.7345290184021,524,259.79852746156,40,13.070721674418596
498_40_HZ,-4.7345290184021,526,260.790124894619,40,13.069611226920358
499_40_HZ,-4.69371938705444,522,256.576133658038,40,13.071783353770254
500_40_HZ,-4.69371938705444,516,253.62698269645202,40,13.074675782945729
501_40_HZ,-4.70413494110107,508,250.24885302030398,40,13.077849601127546
502_40_HZ,-4.70413494110107,500,246.307926201086,40,13.080243128964051
503_40_HZ,-4.74370765686035,494,245.39939403943401,40,13.081526209302318
504_40_HZ,-4.74370765686035,484,240.43179496981,40,13.08268931360112
505_40_HZ,-4.80405616760254,475,238.962805329226,40,13.08269368833685
506_40_HZ,-4.80405616760254,475,238.962805329226,40,13.08269368833685
507_40_HZ,-4.91777324676514,472,243.074331938989,40,13.082475689922473
508_40_HZ,-4.91777324676514,470,242.044355956197,40,13.082269397462994
509_40_HZ,-4.98683309555054,465,242.83227310762,40,13.081540305673002
510_40_HZ,-4.98683309555054,458,239.176733512452,40,13.0800075116279
511_40_HZ,-4.98795986175537,454,237.141421404607,40,13.07886340451021
512_40_HZ,-4.98795986175537,456,238.186097269825,40,13.079459842142347
513_40_HZ,-5.00288200378418,457,239.42256803797602,40,13.079739772903446
514_40_HZ,-5.00288200378418,453,237.326965691911,40,13.078546897639175
515_40_HZ,-4.99419784545898,444,232.208091363943,40,13.075149694150802
516_40_HZ,-4.99419784545898,438,229.07014418334902,40,13.072336250176173
517_40_HZ,-5.10368299484253,432,230.885171013161,40,13.069083892882304
518_40_HZ,-5.10368299484253,431,230.350714598778,40,13.068499161205066
519_40_HZ,-5.18321323394775,430,233.397469556522,40,13.067902237491182
520_40_HZ,-5.18321323394775,432,234.48303918236599,40,13.069083892882304
521_40_HZ,-5.1516375541687,437,235.75197458905402,40,13.071824670718808
522_40_HZ,-5.1516375541687,439,236.83093099449601,40,13.072835637596892
523_40_HZ,-5.08309936523438,442,235.277011257952,40,13.074260647639175
524_40_HZ,-5.08309936523438,448,238.47081684064,40,13.076781482734312
525_40_HZ,-5.02723026275635,458,241.114251688307,40,13.0800075116279
526_40_HZ,-5.02723026275635,463,243.746503344292,40,13.081163324700485
527_40_HZ,-4.95066785812378,464,240.552789851707,40,13.081357911205066
528_40_HZ,-4.95066785812378,461,238.997491641458,40,13.080737575581388
529_40_HZ,-4.93148612976074,457,236.005777786159,40,13.079739772903446
530_40_HZ,-4.93148612976074,447,230.84153757202,40,13.076391823643403
531_40_HZ,-5.02035999298096,423,222.384161089637,40,13.063382394467927
532_40_HZ,-5.02035999298096,405,212.92100529858902,40,13.049016732734312
533_40_HZ,-5.23520755767822,387,212.16487074339,40,13.030700851127547
534_40_HZ,-5.23520755767822,379,207.77903362208,40,13.021292487491184
535_40_HZ,-5.42760276794434,380,215.983346505984,40,13.022511205073988
536_40_HZ,-5.42760276794434,382,217.120100961278,40,13.02491206412966
537_40_HZ,-5.37887859344482,386,217.424096141429,40,13.02956747780126
538_40_HZ,-5.37887859344482,388,218.550645862369,40,13.031822032417187
539_40_HZ,-5.28516817092896,389,215.29652701893602,40,13.032931021670183
540_40_HZ,-5.28516817092896,394,218.063834564167,40,13.038293087385474
541_40_HZ,-5.27464294433594,398,219.83900364699298,40,13.042363283298089
542_40_HZ,-5.27464294433594,411,227.019674620387,40,13.054244199964756
543_40_HZ,-5.18450498580933,426,231.283949930115,40,13.065392622269195
544_40_HZ,-5.18450498580933,434,235.627310492183,40,13.070216780126842
545_40_HZ,-5.04718160629273,439,232.028895538,40,13.072835637596892
546_40_HZ,-5.04718160629273,445,235.200133290228,40,13.075575929351649
547_40_HZ,-4.97677516937256,448,233.482664411522,40,13.076781482734312
548_40_HZ,-4.97677516937256,446,232.440331088257,40,13.075989972515849
549_40_HZ,-4.96237468719482,437,227.090845879644,40,13.071824670718808
550_40_HZ,-4.96237468719482,422,219.295965586292,40,13.06268793446088
551_40_HZ,-5.04822587966919,411,217.274731752689,40,13.054244199964756
552_40_HZ,-5.04822587966919,405,214.10283785848898,40,13.049016732734312
553_40_HZ,-5.2983865737915,391,216.94468370730598,40,13.035112424066236
554_40_HZ,-5.2983865737915,369,204.738077462905,40,13.008434749647632
555_40_HZ,-5.41290044784546,348,197.25948350041799,40,12.977464992248054
556_40_HZ,-5.41290044784546,332,188.19008196016802,40,12.950260143763206
557_40_HZ,-5.59064817428589,328,192.028029023564,40,12.942971250176173
558_40_HZ,-5.59064817428589,330,193.198931639561,40,12.94664008104298
559_40_HZ,-5.6030421257019,334,195.974233756714,40,12.953831438336849
560_40_HZ,-5.6030421257019,337,197.734481365307,40,12.959096939922473
561_40_HZ,-5.44186544418335,342,194.89581838061702,40,12.967628935165601
562_40_HZ,-5.44186544418335,350,199.454784892445,40,12.980646141649041
563_40_HZ,-5.36351680755615,352,197.706488852316,40,12.983778522903446
564_40_HZ,-5.36351680755615,355,199.391487336853,40,12.98838565451021
565_40_HZ,-5.34864950180054,353,197.718569922485,40,12.98532642547568
566_40_HZ,-5.34864950180054,347,194.357914343066,40,12.975856129492593
567_40_HZ,-5.37722969055176,341,192.01784731173498,40,12.965946920190268
568_40_HZ,-5.37722969055176,331,186.386825396434,40,12.948456208421415
569_40_HZ,-5.4587664604187,327,186.926499290621,40,12.9411185466878
570_40_HZ,-5.4587664604187,324,185.21157727878,40,12.93548728400281
571_40_HZ,-5.49880647659302,325,187.145935613033,40,12.93737656360112
572_40_HZ,-5.49880647659302,327,188.29760290911298,40,12.9411185466878
573_40_HZ,-5.50743532180786,328,189.16982854831198,40,12.942971250176173
574_40_HZ,-5.50743532180786,328,189.16982854831198,40,12.942971250176173
575_40_HZ,-5.57182359695435,325,189.631001386738,40,12.93737656360112
576_40_HZ,-5.57182359695435,321,187.297081369671,40,12.929746292988012
577_40_HZ,-5.60416889190674,322,188.97123624477499,40,12.931672148696258
578_40_HZ,-5.60416889190674,323,189.558103438082,40,12.933585812367857
579_40_HZ,-5.55833053588867,328,190.917974942026,40,12.942971250176173
580_40_HZ,-5.55833053588867,328,190.917974942026,40,12.942971250176173
581_40_HZ,-5.5589075088501,327,190.355669905436,40,12.9411185466878
582_40_HZ,-5.5589075088501,327,190.355669905436,40,12.9411185466878
583_40_HZ,-5.61639785766602,325,191.148041915511,40,12.93737656360112
584_40_HZ,-5.61639785766602,322,189.383598451676,40,12.931672148696258
585_40_HZ,-5.59106016159058,322,188.529221025243,40,12.931672148696258
586_40_HZ,-5.59106016159058,317,185.601748649074,40,12.921920949788575
587_40_HZ,-5.54824495315552,312,181.275381588519,40,12.911864949964755
588_40_HZ,-5.54824495315552,317,184.180435780643,40,12.921920949788575
589_40_HZ,-5.50787496566773,317,182.84031472562,40,12.921920949788575
590_40_HZ,-5.50787496566773,313,180.53318141677897,40,12.913900534002812
591_40_HZ,-5.47074794769287,309,177.024678057476,40,12.905685045630719
592_40_HZ,-5.47074794769287,312,178.743364252209,40,12.911864949964755
593_40_HZ,-5.4747052192688,315,180.59258816559,40,12.917935125968985
594_40_HZ,-5.4747052192688,315,180.59258816559,40,12.917935125968985
595_40_HZ,-5.45978307723999,300,171.524144937958,40,12.886486962649746
596_40_HZ,-5.45978307723999,285,162.94793769106,40,12.852295591085264
597_40_HZ,-5.47401809692383,271,155.347459601634,40,12.817908660852705
598_40_HZ,-5.47401809692383,261,149.615081018548,40,12.791883523431988
599_40_HZ,-5.47676658630371,253,145.10198688845,40,12.770185586856934
600_40_HZ,-5.47676658630371,242,138.793204849822,40,12.739076856236778
601_40_HZ,-5.46236610412598,220,125.84388618249201,40,12.672433685694143
602_40_HZ,-5.46236610412598,205,117.263621215504,40,12.623611870155031
603_40_HZ,-5.59312152862549,199,116.556351970328,40,12.603315045630719
604_40_HZ,-5.59312152862549,184,107.770697299198,40,12.550652738548266
605_40_HZ,-5.65803194046021,175,103.688849602407,40,12.517738614341077
606_40_HZ,-5.65803194046021,175,103.688849602407,40,12.517738614341077
607_40_HZ,-5.59493541717529,174,101.946643020229,40,12.51402052924594
608_40_HZ,-5.59493541717529,177,103.704343761957,40,12.525138208421417
609_40_HZ,-5.50056505203247,178,102.53117342721501,40,12.528819717406616
610_40_HZ,-5.50056505203247,183,105.411262568428,40,12.54704438178294
611_40_HZ,-5.49124908447266,177,101.782478025515,40,12.525138208421417
612_40_HZ,-5.49124908447266,183,105.23273151790501,40,12.54704438178294
613_40_HZ,-5.48157548904419,191,109.63958820484599,40,12.575569858879485
614_40_HZ,-5.48157548904419,195,111.935705235314,40,12.589539988548266
615_40_HZ,-5.44868087768555,210,119.82274757539601,40,12.640190609584208
616_40_HZ,-5.44868087768555,221,126.09917721029801,40,12.675590937103587
617_40_HZ,-5.49636030197144,228,131.231675117632,40,12.697350319943615
618_40_HZ,-5.49636030197144,234,134.68514025230598,40,12.715525730091606
619_40_HZ,-5.53236055374146,242,140.202085554573,40,12.739076856236778
620_40_HZ,-5.53236055374146,250,144.836865242327,40,12.761847692036637
621_40_HZ,-5.56484317779541,260,151.51475016275302,40,12.789213953488364
622_40_HZ,-5.56484317779541,252,146.852757850052,40,12.767418480620147
623_40_HZ,-5.64374160766602,243,143.615733231681,40,12.74196588284002
624_40_HZ,-5.64374160766602,240,141.84269948808,40,12.73326222692036
625_40_HZ,-5.82580423355103,233,142.147888961732,40,12.712526975158555
626_40_HZ,-5.82580423355103,220,134.21689086515502,40,12.672433685694143
627_40_HZ,-5.84317207336426,207,126.662380125376,40,12.630279942036639
628_40_HZ,-5.84317207336426,208,127.27427568153702,40,12.633595689922473
629_40_HZ,-5.85281801223755,213,130.548907595043,40,12.649991548801966
630_40_HZ,-5.85281801223755,220,134.83924728126502,40,12.672433685694143
631_40_HZ,-5.7622127532959,226,136.372357532722,40,12.69119431360112
632_40_HZ,-5.7622127532959,225,135.768940021515,40,12.688098022374904
633_40_HZ,-5.7560567855835,224,135.021125231409,40,12.684989539112044
634_40_HZ,-5.7560567855835,217,130.801715067928,40,12.66288877924594
635_40_HZ,-5.81791687011719,212,129.161178835443,40,12.646736761099358
636_40_HZ,-5.81791687011719,217,132.20743305326098,40,12.66288877924594
637_40_HZ,-5.84369421005249,216,132.181250686324,40,12.659682759689915
638_40_HZ,-5.84369421005249,207,126.67369857439401,40,12.630279942036639
639_40_HZ,-5.92457103729248,193,119.740991710117,40,12.582579307787167
640_40_HZ,-5.92457103729248,187,116.01847383311801,40,12.561404656624376
641_40_HZ,-6.02254152297974,180,113.522230623363,40,12.536146159267082
642_40_HZ,-6.02254152297974,178,112.260872505325,40,12.528819717406616
643_40_HZ,-6.11072826385498,175,111.984944661373,40,12.517738614341077
644_40_HZ,-6.11072826385498,172,110.065202752893,40,12.506547782945729
645_40_HZ,-6.08297252655029,180,114.66132762061,40,12.536146159267082
646_40_HZ,-6.08297252655029,177,112.75030549360001,40,12.525138208421417
647_40_HZ,-6.00731706619263,184,115.75159384162299,40,12.550652738548266
648_40_HZ,-6.00731706619263,192,120.784271834737,40,12.579080679351648
649_40_HZ,-5.89915132522583,191,117.991714334845,40,12.575569858879485
650_40_HZ,-5.89915132522583,197,121.698260334893,40,12.596451901162784
651_40_HZ,-5.80552291870117,197,119.76673089344101,40,12.596451901162784
652_40_HZ,-5.80552291870117,195,118.550824996045,40,12.589539988548266
653_40_HZ,-5.78906202316284,194,117.608452599967,40,12.586065744186039
654_40_HZ,-5.78906202316284,187,113.364848640175,40,12.561404656624376
655_40_HZ,-5.83492803573608,182,111.207862485936,40,12.543423832980965
656_40_HZ,-5.83492803573608,196,119.762313446392,40,12.593002040873847
657_40_HZ,-5.88362455368042,227,139.86189608678,40,12.694278412790691
658_40_HZ,-5.88362455368042,337,207.63638317728999,40,12.959096939922473
659_40_HZ,-5.46981382369995,525,300.718715068584,40,13.0701725466878
660_40_HZ,-5.46981382369995,720,412.41423780834305,40,12.730102818886532
661_40_HZ,-3.46833658218384,884,321.07176995727497,40,12.085186283298093
662_40_HZ,-3.46833658218384,997,362.113749601135,40,11.450011591085268
663_40_HZ,-1.08599877357483,1071,121.800031408135,40,10.94969978136011
664_40_HZ,-1.08599877357483,1108,126.00787563045199,40,10.674507529245945
665_40_HZ,-0.177418082952499,1116,20.734362586731898,40,10.612811935165608
666_40_HZ,-0.177418082952499,1133,21.0502086117986,40,10.479117989957714
667_40_HZ,-0.0349242128431797,1148,4.19852884645924,40,10.35822665539112
668_40_HZ,-0.0349242128431797,1148,4.19852884645924,40,10.35822665539112
669_40_HZ,-0.0291281547397375,1142,3.48343483163784,40,10.406912374207186
670_40_HZ,-0.0291281547397375,1131,3.4498816064644497,40,10.495029569943622
671_40_HZ,-0.0285662915557623,1121,3.35342111630053,40,10.573855947674417
672_40_HZ,-0.0285662915557623,1117,3.3414552960818,40,10.60504512174066
673_40_HZ,-0.0256978329271078,1124,3.02476363705251,40,10.550336050739956
674_40_HZ,-0.0256978329271078,1125,3.02745470790398,40,10.542471701021844
675_40_HZ,-0.0274425651878119,1130,3.24737000884432,40,10.502967071881605
676_40_HZ,-0.0274425651878119,1131,3.2502437876131998,40,10.495029569943622
677_40_HZ,-0.0268807020038366,1132,3.18651278862212,40,10.487079875968991
678_40_HZ,-0.0268807020038366,1142,3.2146621948820298,40,10.406912374207186
679_40_HZ,-0.0251951143145561,1143,3.0157211435124602,40,10.398828567829456
680_40_HZ,-0.0251951143145561,1135,2.9946137339340697,40,10.463157641825228
681_40_HZ,-0.0258752647787333,1128,3.05648668630735,40,10.518805499647637
682_40_HZ,-0.0258752647787333,1135,3.0754542455308798,40,10.463157641825228
683_40_HZ,-0.0256386902183294,1140,3.06076019352832,40,10.423043410852712
684_40_HZ,-0.0256386902183294,1131,3.03659629726362,40,10.495029569943622
685_40_HZ,-0.0247515384107828,1127,2.92115586089872,40,10.526706425475686
686_40_HZ,-0.0247515384107828,1129,2.92633981096243,40,10.510892381782943
687_40_HZ,-0.0228885188698769,1123,2.69169639383153,40,10.558188208421422
688_40_HZ,-0.0228885188698769,1122,2.68929951369455,40,10.566028174066242
689_40_HZ,-0.0218830797821283,1121,2.56887331890517,40,10.573855947674417
690_40_HZ,-0.0218830797821283,1119,2.56429013724789,40,10.58947491878083
691_40_HZ,-0.0219717957079411,1112,2.55857974064246,40,10.643757268498941
01_40_HZ,0.122633963823318,0,0.0,40,12.624000000000004
02_40_HZ,0.122633963823318,0,0.0,40,12.624000000000004
03_40_HZ,0.0489163845777512,0,0.0,40,12.624000000000004
04_40_HZ,0.0489163845777512,0,0.0,40,12.624000000000004
05_40_HZ,-0.0258872099220753,0,0.0,40,12.624000000000004
06_40_HZ,-0.0258872099220753,0,0.0,40,12.624000000000004
07_40_HZ,-0.0291849449276924,0,0.0,40,12.624000000000004
08_40_HZ,-0.0291849449276924,0,0.0,40,12.624000000000004
09_40_HZ,-0.0314933583140373,0,0.0,40,12.624000000000004
10_40_HZ,-0.0314933583140373,0,0.0,40,12.624000000000004
11_40_HZ,-0.0288276895880699,0,0.0,40,12.624000000000004
12_40_HZ,-0.0288276895880699,0,0.0,40,12.624000000000004
13_40_HZ,-0.0112947383895516,0,0.0,40,12.624000000000004
14_40_HZ,-0.0112947383895516,0,0.0,40,12.624000000000004
15_40_HZ,0.0260795783251524,0,0.0,40,12.624000000000004
16_40_HZ,0.0260795783251524,0,0.0,40,12.624000000000004
17_40_HZ,0.0287727285176516,0,0.0,40,12.624000000000004
18_40_HZ,0.0287727285176516,0,0.0,40,12.624000000000004
19_40_HZ,0.0242933053523302,0,0.0,40,12.624000000000004
20_40_HZ,0.0242933053523302,0,0.0,40,12.624000000000004
21_40_HZ,-0.0567759834229946,0,0.0,40,12.624000000000004
22_40_HZ,-0.0567759834229946,0,0.0,40,12.624000000000004
23_40_HZ,-0.11228783428669,0,0.0,40,12.624000000000004
24_40_HZ,-0.11228783428669,0,0.0,40,12.624000000000004
25_40_HZ,-0.150733917951584,0,0.0,40,12.624000000000004
26_40_HZ,-0.150733917951584,0,0.0,40,12.624000000000004
27_40_HZ,-0.208581671118736,0,0.0,40,12.624000000000004
28_40_HZ,-0.208581671118736,0,0.0,40,12.624000000000004
29_40_HZ,-0.148068249225616,0,0.0,40,12.624000000000004
30_40_HZ,-0.148068249225616,0,0.0,40,12.624000000000004
31_40_HZ,-0.06705392152071,0,0.0,40,12.624000000000004
32_40_HZ,-0.06705392152071,0,0.0,40,12.624000000000004
33_40_HZ,0.0664476752281189,0,0.0,40,12.624000000000004
34_40_HZ,0.0664476752281189,0,0.0,40,12.624000000000004
35_40_HZ,0.0626033544540405,0,0.0,40,12.624000000000004
36_40_HZ,0.0626033544540405,0,0.0,40,12.624000000000004
37_40_HZ,-0.00956342834979296,0,0.0,40,12.624000000000004
38_40_HZ,-0.00956342834979296,0,0.0,40,12.624000000000004
39_40_HZ,-0.00728249549865723,0,0.0,40,12.624000000000004
40_40_HZ,-0.00728249549865723,0,0.0,40,12.624000000000004
41_40_HZ,0.0166260749101639,0,0.0,40,12.624000000000004
42_40_HZ,0.0166260749101639,0,0.0,40,12.624000000000004
43_40_HZ,0.0455636903643608,0,0.0,40,12.624000000000004
44_40_HZ,0.0455636903643608,0,0.0,40,12.624000000000004
45_40_HZ,0.0259696543216705,0,0.0,40,12.624000000000004
46_40_HZ,0.0259696543216705,0,0.0,40,12.624000000000004
47_40_HZ,-0.0190718937665224,0,0.0,40,12.624000000000004
48_40_HZ,-0.0190718937665224,0,0.0,40,12.624000000000004
49_40_HZ,-0.0322078689932823,0,0.0,40,12.624000000000004
50_40_HZ,-0.0322078689932823,0,0.0,40,12.624000000000004
51_40_HZ,-0.0106626730412245,0,0.0,40,12.624000000000004
52_40_HZ,-0.0106626730412245,0,0.0,40,12.624000000000004
53_40_HZ,0.00961839035153389,0,0.0,40,12.624000000000004
54_40_HZ,0.00961839035153389,0,0.0,40,12.624000000000004
55_40_HZ,0.0106351915746927,0,0.0,40,12.624000000000004
56_40_HZ,0.0106351915746927,0,0.0,40,12.624000000000004
57_40_HZ,0.00318780937232077,29,0.00968097190323998,40,12.712817160714291
58_40_HZ,0.00318780937232077,130,0.0433974602559034,40,12.966108928571435
59_40_HZ,-0.0570507943630219,260,1.55332978433199,40,13.163964285714295
60_40_HZ,-0.0570507943630219,378,2.25830253260574,40,13.21866150000001
61_40_HZ,-0.290585309267044,492,14.971571247678598,40,13.158628285714299
62_40_HZ,-0.290585309267044,583,17.740703328042,40,13.0310901607143
63_40_HZ,-0.5023273229599,644,33.8767136177302,40,12.906026000000015
64_40_HZ,-0.5023273229599,712,37.45375791277,40,12.729172571428586
65_40_HZ,-0.433404684066772,790,35.854964396533305,40,12.477708928571445
66_40_HZ,-0.433404684066772,860,39.031986558251496,40,12.207821428571446
67_40_HZ,-0.27827376127243,920,26.8095005270009,40,11.943200000000017
68_40_HZ,-0.27827376127243,962,28.033412507581403,40,11.739681500000017
69_40_HZ,-0.269672185182571,1000,28.240005138672398,40,11.542571428571447
70_40_HZ,-0.269672185182571,1025,28.9460052671392,40,11.406171875000018
71_40_HZ,-0.305122822523117,1047,33.454149554290105,40,11.281727303571447
72_40_HZ,-0.305122822523117,1065,34.0292925265702,40,11.176836160714304
73_40_HZ,-0.319962620735168,1080,36.186920433702895,40,11.087314285714305
74_40_HZ,-0.319962620735168,1085,36.3544524727479,40,11.057046875000019
75_40_HZ,-0.331697076559067,1087,37.757200552312604,40,11.044880160714305
76_40_HZ,-0.331697076559067,1092,37.9308767278062,40,11.014314000000018
77_40_HZ,-0.326640546321869,1092,37.3526429815,40,11.014314000000018
78_40_HZ,-0.326640546321869,1093,37.386848698516005,40,11.008175160714305
79_40_HZ,-0.325678706169128,1095,37.3449678471166,40,10.995871875000018
80_40_HZ,-0.325678706169128,1091,37.2085478732458,40,11.020444303571448
81_40_HZ,-0.338539868593216,1097,38.8906368861435,40,10.98353444642859
82_40_HZ,-0.338539868593216,1092,38.7133778301446,40,11.014314000000018
83_40_HZ,-0.354643791913986,1086,40.332097342058496,40,11.050967785714306
84_40_HZ,-0.354643791913986,1093,40.5920648203222,40,11.008175160714305
85_40_HZ,-0.373495846986771,1096,42.867182429869295,40,10.989707428571448
86_40_HZ,-0.373495846986771,1086,42.4760585025895,40,11.050967785714306
87_40_HZ,-0.437059670686722,1076,49.247207673145795,40,11.111374571428591
88_40_HZ,-0.437059670686722,1070,48.9725949909535,40,11.147208928571448
89_40_HZ,-0.486910402774811,1065,54.3034319540458,40,11.176836160714304
90_40_HZ,-0.486910402774811,1067,54.4054102300158,40,11.165010875000018
91_40_HZ,-0.587958455085754,1060,65.2651181634983,40,11.206250000000018
92_40_HZ,-0.587958455085754,1051,64.71098036777049,40,11.258657160714305
93_40_HZ,-0.698460042476654,1047,76.580263448783,40,11.281727303571447
94_40_HZ,-0.698460042476654,1052,76.94597626372469,40,11.252868285714305
95_40_HZ,-0.772796452045441,1047,84.73062592238061,40,11.281727303571447
96_40_HZ,-0.772796452045441,1041,84.2450635961779,40,11.31607644642859
97_40_HZ,-0.823801398277283,1042,89.891548015056,40,11.310372928571446
98_40_HZ,-0.823801398277283,1040,89.7190114545665,40,11.321771428571447
99_40_HZ,-0.859197080135346,1043,93.8438278170791,40,11.30466087500002
100_40_HZ,-0.859197080135346,1048,94.2937023511974,40,11.27597257142859
101_40_HZ,-0.881209433078766,1043,96.2480787712284,40,11.30466087500002
102_40_HZ,-0.881209433078766,1039,95.8789586225372,40,11.327457875000018
103_40_HZ,-0.844027519226074,1045,92.3637384414681,40,11.293211160714304
104_40_HZ,-0.844027519226074,1048,92.62889749919479,40,11.27597257142859
105_40_HZ,-0.797034800052643,1052,87.8054827501104,40,11.252868285714305
106_40_HZ,-0.797034800052643,1055,88.05587861346629,40,11.23545044642859
107_40_HZ,-0.777330815792084,1051,85.5533905437137,40,11.258657160714305
108_40_HZ,-0.777330815792084,1051,85.5533905437137,40,11.258657160714305
109_40_HZ,-0.837129712104797,1047,91.7842298228214,40,11.281727303571447
110_40_HZ,-0.837129712104797,1038,90.9952536352327,40,11.333135785714305
111_40_HZ,-0.907481372356415,1027,97.5970721319523,40,11.39502944642859
112_40_HZ,-0.907481372356415,1024,97.3119784451015,40,11.411730285714304
113_40_HZ,-0.974590301513672,1025,104.610326178928,40,11.406171875000018
114_40_HZ,-0.974590301513672,1020,104.100031904885,40,11.43387857142859
115_40_HZ,-1.06929016113281,1016,113.76742051817699,40,11.455890285714304
116_40_HZ,-1.06929016113281,1012,113.319517287791,40,11.477765428571447
117_40_HZ,-1.16022515296936,1013,123.077980133492,40,11.47230944642859
118_40_HZ,-1.16022515296936,1014,123.19947863313,40,11.466844928571447
119_40_HZ,-1.14961755275726,1015,122.193477732657,40,11.461371875000019
120_40_HZ,-1.14961755275726,1009,121.471151755913,40,11.494082160714305
121_40_HZ,-1.16283595561981,1004,122.25897969505101,40,11.52110600000002
122_40_HZ,-1.16283595561981,1003,122.137207802925,40,11.526485160714305
123_40_HZ,-1.24761509895325,998,130.388653551819,40,11.553252928571448
124_40_HZ,-1.24761509895325,993,129.735403784525,40,11.579807303571446
125_40_HZ,-1.31112396717072,994,136.476781952009,40,11.574513500000018
126_40_HZ,-1.31112396717072,990,135.92757961015002,40,11.595637500000018
127_40_HZ,-1.30483078956604,987,134.86522532328902,40,11.61139087500002
128_40_HZ,-1.30483078956604,989,135.138508454644,40,11.600897160714304
129_40_HZ,-1.28625357151032,994,133.887985312592,40,11.574513500000018
130_40_HZ,-1.28625357151032,998,134.426769961737,40,11.553252928571448
131_40_HZ,-1.30988740921021,998,136.89674159227098,40,11.553252928571448
132_40_HZ,-1.30988740921021,988,135.525030754673,40,11.606148285714305
133_40_HZ,-1.36484956741333,982,140.354034221782,40,11.637475785714305
134_40_HZ,-1.36484956741333,980,140.068180791595,40,11.647850000000018
135_40_HZ,-1.43138134479523,973,145.846771338659,40,11.683890875000017
136_40_HZ,-1.43138134479523,967,144.947407897722,40,11.714450160714303
137_40_HZ,-1.5141544342041,963,152.695097769769,40,11.734652303571448
138_40_HZ,-1.5141544342041,960,152.21941210693498,40,11.749714285714303
139_40_HZ,-1.60234141349792,961,161.252722960905,40,11.744702160714303
140_40_HZ,-1.60234141349792,962,161.420519758991,40,11.739681500000017
141_40_HZ,-1.60759031772614,962,161.949295365248,40,11.739681500000017
142_40_HZ,-1.60759031772614,969,163.127720591398,40,11.704297875000018
143_40_HZ,-1.56268608570099,968,158.407498556496,40,11.709378285714305
144_40_HZ,-1.56268608570099,968,158.407498556496,40,11.709378285714305
145_40_HZ,-1.50640487670898,964,152.071331223982,40,11.72961457142859
146_40_HZ,-1.50640487670898,957,150.967078818829,40,11.764699446428589
147_40_HZ,-1.55842661857605,956,156.017334510035,40,11.769677428571446
148_40_HZ,-1.55842661857605,955,155.854136461384,40,11.774646875000018
149_40_HZ,-1.65304410457611,963,166.701432375896,40,11.734652303571448
150_40_HZ,-1.65304410457611,963,166.701432375896,40,11.734652303571448
151_40_HZ,-1.62836599349976,965,164.553816389468,40,11.724568303571447
152_40_HZ,-1.62836599349976,968,165.065382658036,40,11.709378285714305
153_40_HZ,-1.57378852367401,963,158.70889794691502,40,11.734652303571448
154_40_HZ,-1.57378852367401,957,157.720057461264,40,11.764699446428589
155_40_HZ,-1.59984064102173,947,158.655566266977,40,11.814095160714304
156_40_HZ,-1.59984064102173,936,156.812682181511,40,11.867444571428589
157_40_HZ,-1.7609623670578,932,171.86783670741602,40,11.886588285714303
158_40_HZ,-1.7609623670578,923,170.208168756379,40,11.929162303571445
159_40_HZ,-1.87981820106506,917,180.515212335755,40,11.957160875000017
160_40_HZ,-1.87981820106506,914,179.924650027132,40,11.971044928571446
161_40_HZ,-1.94912552833557,914,186.558325943284,40,11.971044928571446
162_40_HZ,-1.94912552833557,907,185.129542265381,40,12.003142303571446
163_40_HZ,-1.97245705127716,905,186.932473635945,40,12.012236160714304
164_40_HZ,-1.97245705127716,900,185.899697538509,40,12.034821428571446
165_40_HZ,-2.01502537727356,900,189.911660359646,40,12.034821428571446
166_40_HZ,-2.01502537727356,895,188.85659557987,40,12.057193303571445
167_40_HZ,-2.08213424682617,895,195.146320723153,40,12.057193303571445
168_40_HZ,-2.08213424682617,893,194.710239559526,40,12.066082303571445
169_40_HZ,-2.10744428634644,895,197.518489788248,40,12.057193303571445
170_40_HZ,-2.10744428634644,895,197.518489788248,40,12.057193303571445
171_40_HZ,-2.10667490959168,899,198.32881361245398,40,12.039312875000018
172_40_HZ,-2.10667490959168,897,197.887592670046,40,12.048270160714303
173_40_HZ,-2.10615277290344,899,198.279657643049,40,12.039312875000018
174_40_HZ,-2.10615277290344,897,197.83854605763602,40,12.048270160714303
175_40_HZ,-2.11087942123413,900,198.945699300982,40,12.034821428571446
176_40_HZ,-2.11087942123413,901,199.166750077983,40,12.030321446428589
177_40_HZ,-2.0854594707489,902,196.986695353358,40,12.025812928571446
178_40_HZ,-2.0854594707489,896,195.676362568302,40,12.052736000000017
179_40_HZ,-2.06166076660156,898,193.875155009323,40,12.043795785714304
180_40_HZ,-2.06166076660156,894,193.011568572756,40,12.061642071428588
181_40_HZ,-2.10892820358276,892,196.99503526316002,40,12.070514000000017
182_40_HZ,-2.10892820358276,883,195.00741719436198,40,12.110015160714303
183_40_HZ,-2.18375945091248,875,200.097401130849,40,12.144546875000017
184_40_HZ,-2.18375945091248,870,198.953987410102,40,12.165851785714302
185_40_HZ,-2.263014793396,870,206.17465714345002,40,12.165851785714302
186_40_HZ,-2.263014793396,872,206.648621872515,40,12.157355428571446
187_40_HZ,-2.32762289047241,869,211.817106864763,40,12.170087160714303
188_40_HZ,-2.32762289047241,870,212.06085497392797,40,12.165851785714302
189_40_HZ,-2.3164656162262,869,210.801773208083,40,12.170087160714303
190_40_HZ,-2.3164656162262,868,210.559193492079,40,12.174314000000017
191_40_HZ,-2.31973600387573,861,209.155993595454,40,12.203662875000017
192_40_HZ,-2.31973600387573,859,208.67014924331602,40,12.211971446428588
193_40_HZ,-2.35733008384705,850,209.830173716093,40,12.248937500000016
194_40_HZ,-2.35733008384705,847,209.089596632389,40,12.261105875000016
195_40_HZ,-2.41179776191711,847,213.920741194354,40,12.261105875000016
196_40_HZ,-2.41179776191711,842,212.657926901589,40,12.281215785714302
197_40_HZ,-2.47099184989929,840,217.359805739432,40,12.289200000000017
198_40_HZ,-2.47099184989929,838,216.842282392433,40,12.297150071428588
199_40_HZ,-2.51507163047791,837,220.447126386815,40,12.301112303571445
200_40_HZ,-2.51507163047791,837,220.447126386815,40,12.301112303571445
201_40_HZ,-2.50869607925415,839,220.413720702554,40,12.293179303571446
202_40_HZ,-2.50869607925415,845,221.989980922119,40,12.269175446428589
203_40_HZ,-2.4696729183197,847,219.054136980177,40,12.261105875000016
204_40_HZ,-2.4696729183197,850,219.830007595219,40,12.248937500000016
205_40_HZ,-2.44590163230896,852,218.226362081768,40,12.24078257142859
206_40_HZ,-2.44590163230896,855,218.994764765154,40,12.228486160714302
207_40_HZ,-2.45249724388123,854,219.32846763643298,40,12.232593500000018
208_40_HZ,-2.45249724388123,848,217.7875182151,40,12.257058285714303
209_40_HZ,-2.46368193626404,844,217.748771304961,40,12.273197428571446
210_40_HZ,-2.46368193626404,839,216.45879043230102,40,12.293179303571446
211_40_HZ,-2.50201821327209,837,219.302978823072,40,12.301112303571445
212_40_HZ,-2.50201821327209,841,220.351021732621,40,12.285212160714302
213_40_HZ,-2.5256245136261,839,221.901044906752,40,12.293179303571446
214_40_HZ,-2.5256245136261,838,221.636562135707,40,12.297150071428588
215_40_HZ,-2.52666878700256,834,220.66983478564,40,12.312947785714302
216_40_HZ,-2.52666878700256,831,219.876058401519,40,12.324706446428587
217_40_HZ,-2.56470251083374,831,223.185845711211,40,12.324706446428587
218_40_HZ,-2.56470251083374,829,222.648695661364,40,12.332502875000017
219_40_HZ,-2.59050726890564,825,223.803767413378,40,12.347993303571446
220_40_HZ,-2.59050726890564,821,222.718658238041,40,12.363347160714302
221_40_HZ,-2.62975025177002,817,224.99102753362598,40,12.378564446428587
222_40_HZ,-2.62975025177002,813,223.889480275199,40,12.393645160714302
223_40_HZ,-2.73456335067749,809,231.667508080007,40,12.408589303571445
224_40_HZ,-2.73456335067749,808,231.381145276447,40,12.412304000000017
225_40_HZ,-2.81807851791382,812,239.628090121638,40,12.397394000000016
226_40_HZ,-2.81807851791382,811,239.33298163626702,40,12.401134303571444
227_40_HZ,-2.81227993965149,810,238.546025675277,40,12.404866071428588
228_40_HZ,-2.81227993965149,810,238.546025675277,40,12.404866071428588
229_40_HZ,-2.7761697769165,804,233.738732449558,40,12.427077428571446
230_40_HZ,-2.7761697769165,801,232.86657300011902,40,12.438067875000016
231_40_HZ,-2.8004355430603,797,233.728959387553,40,12.452602303571444
232_40_HZ,-2.8004355430603,791,231.969393821273,40,12.474147875000016
233_40_HZ,-2.88631415367126,788,238.176232117719,40,12.484805428571445
234_40_HZ,-2.88631415367126,786,237.571723914375,40,12.491867785714302
235_40_HZ,-2.9586169719696,782,242.28364632889398,40,12.505890071428588
236_40_HZ,-2.9586169719696,780,241.663995059511,40,12.512850000000016
237_40_HZ,-2.96493744850159,781,242.490762722437,40,12.509374303571445
238_40_HZ,-2.96493744850159,775,240.62783752866702,40,12.530100446428587
239_40_HZ,-2.99956369400024,767,240.92511588705102,40,12.557257303571445
240_40_HZ,-2.99956369400024,754,236.841639346592,40,12.600222071428588
241_40_HZ,-3.11723780632019,732,238.95143507952702,40,12.669645428571444
242_40_HZ,-3.11723780632019,712,232.422707345113,40,12.729172571428586
243_40_HZ,-3.44014096260071,697,251.09475240178298,40,12.771577303571444
244_40_HZ,-3.44014096260071,703,253.256256726619,40,12.754845875000015
245_40_HZ,-3.66642045974731,727,279.129218189898,40,12.684847303571445
246_40_HZ,-3.66642045974731,747,286.808151290033,40,12.622759446428587
247_40_HZ,-3.38207340240479,755,267.39827170799003,40,12.596968303571444
248_40_HZ,-3.38207340240479,761,269.523291085802,40,12.577266446428588
249_40_HZ,-3.11737537384033,777,253.652252795823,40,12.523225875000016
250_40_HZ,-3.11737537384033,796,259.854817536003,40,12.456214571428587
251_40_HZ,-2.99571633338928,803,251.909680731055,40,12.430749446428587
252_40_HZ,-2.99571633338928,801,251.28225935937098,40,12.438067875000016
253_40_HZ,-2.78655767440796,799,233.15429701049,40,12.445352160714302
254_40_HZ,-2.78655767440796,797,232.57068174888602,40,12.452602303571444
255_40_HZ,-2.87686061859131,798,240.408778200107,40,12.448981500000016
256_40_HZ,-2.87686061859131,800,241.011306466272,40,12.441714285714303
257_40_HZ,-2.89945006370544,800,242.903758048785,40,12.441714285714303
258_40_HZ,-2.89945006370544,803,243.814647141468,40,12.430749446428587
259_40_HZ,-2.86924839019775,803,241.274983448931,40,12.430749446428587
260_40_HZ,-2.86924839019775,802,240.974516470788,40,12.434412928571446
261_40_HZ,-2.8551230430603,799,238.891236931408,40,12.445352160714302
262_40_HZ,-2.8551230430603,796,237.994273588737,40,12.456214571428587
263_40_HZ,-2.88752317428589,793,239.787915370327,40,12.467000160714303
264_40_HZ,-2.88752317428589,794,240.090296095889,40,12.463413500000016
265_40_HZ,-2.95070242881775,792,244.725484433468,40,12.470578285714302
266_40_HZ,-2.95070242881775,790,244.107490785909,40,12.477708928571445
267_40_HZ,-2.94825649261475,788,243.287670170003,40,12.484805428571445
268_40_HZ,-2.94825649261475,785,242.36144807544798,40,12.495386160714302
269_40_HZ,-2.92528223991394,780,238.94117854449001,40,12.512850000000016
270_40_HZ,-2.92528223991394,778,238.328508855914,40,12.519775785714302
271_40_HZ,-2.98928570747376,782,244.795150595131,40,12.505890071428588
272_40_HZ,-2.98928570747376,784,245.421225149083,40,12.498896000000016
273_40_HZ,-3.01124310493469,776,244.701241714291,40,12.526667428571445
274_40_HZ,-3.01124310493469,775,244.385905062597,40,12.530100446428587
275_40_HZ,-3.01679444313049,775,244.836427105241,40,12.530100446428587
276_40_HZ,-3.01679444313049,773,244.204591164324,40,12.536940875000017
277_40_HZ,-3.0534815788269,769,245.895328013301,40,12.550519303571445
278_40_HZ,-3.0534815788269,764,244.296528741433,40,12.567300285714301
279_40_HZ,-3.09747886657715,755,244.89726412843697,40,12.596968303571444
280_40_HZ,-3.09747886657715,754,244.572896891181,40,12.600222071428588
281_40_HZ,-3.20460033416748,757,254.037816783234,40,12.590435160714302
282_40_HZ,-3.20460033416748,757,254.037816783234,40,12.590435160714302
283_40_HZ,-3.23584628105164,758,256.85363566716,40,12.587155785714302
284_40_HZ,-3.23584628105164,763,258.54792086285397,40,12.570630875000015
285_40_HZ,-3.18201088905334,768,255.912497854003,40,12.553892571428587
286_40_HZ,-3.18201088905334,770,256.578936650498,40,12.547137500000016
287_40_HZ,-3.14474654197693,768,252.91551759603396,40,12.553892571428587
288_40_HZ,-3.14474654197693,765,251.927566355424,40,12.563961160714301
289_40_HZ,-3.12092041969299,762,249.038374683256,40,12.573952928571444
290_40_HZ,-3.12092041969299,758,247.73108662717598,40,12.587155785714302
291_40_HZ,-3.1681604385376,751,249.158503342636,40,12.609932160714301
292_40_HZ,-3.1681604385376,745,247.167889467728,40,12.629121875000015
293_40_HZ,-3.25686931610107,746,254.42969182040198,40,12.625944928571444
294_40_HZ,-3.25686931610107,745,254.088633252278,40,12.629121875000015
295_40_HZ,-3.30553841590881,744,257.539453674355,40,12.632290285714301
296_40_HZ,-3.30553841590881,749,259.27022957270503,40,12.616362875000016
297_40_HZ,-3.28451538085938,749,257.621284362842,40,12.616362875000016
298_40_HZ,-3.28451538085938,749,257.621284362842,40,12.616362875000016
299_40_HZ,-3.25390148162842,743,253.17558867566098,40,12.635450160714301
300_40_HZ,-3.25390148162842,741,252.49409314759802,40,12.641744303571445
301_40_HZ,-3.26093673706055,739,252.35703429864898,40,12.648004303571444
302_40_HZ,-3.26093673706055,734,250.649611874436,40,12.663504928571443
303_40_HZ,-3.31075978279114,727,252.052328298028,40,12.684847303571445
304_40_HZ,-3.31075978279114,727,252.052328298028,40,12.684847303571445
305_40_HZ,-3.38333749771118,729,258.28635907471096,40,12.678792160714302
306_40_HZ,-3.38333749771118,728,257.93205679888797,40,12.681824000000015
307_40_HZ,-3.43126463890076,728,261.58582365960496,40,12.681824000000015
308_40_HZ,-3.43126463890076,725,260.50786010056896,40,12.690868303571444
309_40_HZ,-3.41691946983337,722,258.345293861752,40,12.699835785714301
310_40_HZ,-3.41691946983337,721,257.987474895184,40,12.702807875000016
311_40_HZ,-3.4152979850769,718,256.792107968203,40,12.711672928571444
312_40_HZ,-3.4152979850769,712,254.64621291554403,40,12.729172571428586
313_40_HZ,-3.45531058311462,705,255.09668891313703,40,12.749200446428587
314_40_HZ,-3.45531058311462,700,253.28749253786697,40,12.763250000000015
315_40_HZ,-3.53255987167358,698,258.210312795714,40,12.768810071428586
316_40_HZ,-3.53255987167358,699,258.58024161060797,40,12.766034303571443
317_40_HZ,-3.58914351463318,704,264.60138309552,40,12.752027428571443
318_40_HZ,-3.58914351463318,706,265.353091570223,40,12.746364928571444
319_40_HZ,-3.56729602813721,707,264.111426344794,40,12.743520875000016
320_40_HZ,-3.56729602813721,710,265.232125466484,40,12.734937500000015
321_40_HZ,-3.549241065979,712,264.63306209038103,40,12.729172571428586
322_40_HZ,-3.549241065979,712,264.63306209038103,40,12.729172571428586
323_40_HZ,-3.52340865135193,711,262.338027118603,40,12.732059303571445
324_40_HZ,-3.52340865135193,705,260.124204104944,40,12.749200446428587
325_40_HZ,-3.53453850746155,696,257.61466826462396,40,12.774336000000016
326_40_HZ,-3.53453850746155,687,254.28344410602998,40,12.798780160714301
327_40_HZ,-3.60310387611389,684,258.08425871387504,40,12.806774571428587
328_40_HZ,-3.60310387611389,685,258.461574881586,40,12.804118303571444
329_40_HZ,-3.69730925559998,687,265.993566713772,40,12.798780160714301
330_40_HZ,-3.69730925559998,681,263.670478794875,40,12.814692160714301
331_40_HZ,-3.74949598312378,675,265.03624694312,40,12.830296875000014
332_40_HZ,-3.74949598312378,672,263.85830806781803,40,12.837984000000015
333_40_HZ,-3.79456496238709,672,267.02989115792604,40,12.837984000000015
334_40_HZ,-3.79456496238709,673,267.427257067387,40,12.835430160714301
335_40_HZ,-3.77494335174561,676,267.230336774752,40,12.827717428571443
336_40_HZ,-3.77494335174561,676,267.230336774752,40,12.827717428571443
337_40_HZ,-3.73954772949219,676,264.72465720742497,40,12.827717428571443
338_40_HZ,-3.73954772949219,677,265.11626172992095,40,12.825129446428587
339_40_HZ,-3.74694013595581,680,266.817485339187,40,12.817314285714302
340_40_HZ,-3.74694013595581,678,266.032728029366,40,12.822532928571444
341_40_HZ,-3.77159070968628,669,264.228277172131,40,12.845594303571444
342_40_HZ,-3.77159070968628,655,258.69883639423904,40,12.880093303571444
343_40_HZ,-3.84235453605652,645,259.528927934259,40,12.9037111607143
344_40_HZ,-3.84235453605652,638,256.712334917918,40,12.9197357857143
345_40_HZ,-3.95315837860107,639,264.529247768015,40,12.9174721607143
346_40_HZ,-3.95315837860107,645,267.013090470062,40,12.9037111607143
347_40_HZ,-3.98209595680237,650,271.052680321602,40,12.892008928571443
348_40_HZ,-3.98209595680237,650,271.052680321602,40,12.892008928571443
349_40_HZ,-3.92147278785706,649,266.515524774713,40,12.894366446428586
350_40_HZ,-3.92147278785706,646,265.283557788081,40,12.9013877857143
351_40_HZ,-3.93529582023621,643,264.982359844759,40,12.908332303571443
352_40_HZ,-3.93529582023621,637,262.509740623812,40,12.921990875000015
353_40_HZ,-4.0056471824646,628,263.42741848365296,40,12.941902571428585
354_40_HZ,-4.0056471824646,614,257.554832721279,40,12.971502071428585
355_40_HZ,-4.14522409439087,605,262.62253660887404,40,12.989646875000014
356_40_HZ,-4.14522409439087,605,262.62253660887404,40,12.989646875000014
357_40_HZ,-4.30620813369751,602,271.468939090916,40,12.995541500000014
358_40_HZ,-4.30620813369751,601,271.017994009369,40,12.997489303571443
359_40_HZ,-4.3055214881897,603,271.87650110128396,40,12.9935851607143
360_40_HZ,-4.3055214881897,605,272.778247373594,40,12.989646875000014
361_40_HZ,-4.25764942169189,605,269.74528866415795,40,12.989646875000014
362_40_HZ,-4.25764942169189,600,267.51598875784197,40,12.999428571428586
363_40_HZ,-4.25907802581787,598,266.713757351292,40,13.003281500000014
364_40_HZ,-4.25907802581787,595,265.375728468259,40,13.008996875000014
365_40_HZ,-4.31571674346924,592,267.548957014121,40,13.014635428571442
366_40_HZ,-4.31571674346924,590,266.645075402587,40,13.0183517857143
367_40_HZ,-4.31634902954102,586,264.87609937907604,40,13.025682071428585
368_40_HZ,-4.31634902954102,586,264.87609937907604,40,13.025682071428585
369_40_HZ,-4.40384864807129,581,267.93974711478404,40,13.034652875000013
370_40_HZ,-4.40384864807129,578,266.556237232952,40,13.039932928571442
371_40_HZ,-4.45386457443237,584,272.382029712583,40,13.029296000000015
372_40_HZ,-4.45386457443237,592,276.11329039357804,40,13.014635428571442
373_40_HZ,-4.36666679382324,598,273.451213056021,40,13.003281500000014
374_40_HZ,-4.36666679382324,602,275.280318160074,40,12.995541500000014
375_40_HZ,-4.27268123626709,605,270.697658591862,40,12.989646875000014
376_40_HZ,-4.27268123626709,613,274.27713176332503,40,12.973552303571443
377_40_HZ,-4.21953296661377,618,273.074702676697,40,12.9632157857143
378_40_HZ,-4.21953296661377,620,273.95843957856397,40,12.959021428571443
379_40_HZ,-4.13675975799561,625,270.750293840409,40,12.9483861607143
380_40_HZ,-4.13675975799561,631,273.349496661276,40,12.9353421607143
381_40_HZ,-4.07786750793457,628,268.17691941515096,40,12.941902571428585
382_40_HZ,-4.07786750793457,625,266.89581948163897,40,12.9483861607143
383_40_HZ,-4.10952615737915,618,265.95540687803,40,12.9632157857143
384_40_HZ,-4.10952615737915,611,262.942966994298,40,12.9776271607143
385_40_HZ,-4.16704416275024,599,261.38672198269603,40,13.001359303571443
386_40_HZ,-4.16704416275024,580,253.09565734551498,40,13.036421428571442
387_40_HZ,-4.31175947189331,564,254.66088977544499,40,13.063557428571443
388_40_HZ,-4.31175947189331,562,253.75783697482302,40,13.0667957857143
389_40_HZ,-4.58302545547485,557,267.322858548441,40,13.074742303571442
390_40_HZ,-4.58302545547485,552,264.923191954649,40,13.082475428571442
391_40_HZ,-4.61292505264282,552,266.651538976575,40,13.082475428571442
392_40_HZ,-4.61292505264282,554,267.617667740983,40,13.079407785714299
393_40_HZ,-4.50767230987549,557,262.927587947374,40,13.074742303571442
394_40_HZ,-4.50767230987549,560,264.343714991974,40,13.070000000000013
395_40_HZ,-4.44463062286377,567,263.904842347151,40,13.058635875000014
396_40_HZ,-4.44463062286377,579,269.49013001587304,40,13.038181446428585
397_40_HZ,-4.35564708709717,585,266.83152907964205,40,13.027493303571442
398_40_HZ,-4.35564708709717,587,267.743773623504,40,13.023862303571443
399_40_HZ,-4.27625370025635,582,260.62440875726,40,13.0328757857143
400_40_HZ,-4.27625370025635,577,258.385367444912,40,13.041675875000013
401_40_HZ,-4.3267092704773,570,258.262401259284,40,13.053637500000013
402_40_HZ,-4.3267092704773,572,259.168585123352,40,13.050262571428584
403_40_HZ,-4.40211725234985,576,265.529467136813,40,13.0434102857143
404_40_HZ,-4.40211725234985,574,264.607489820365,40,13.046853500000013
405_40_HZ,-4.40390348434448,572,263.792509690411,40,13.050262571428584
406_40_HZ,-4.40390348434448,573,264.253685406653,40,13.048562303571442
407_40_HZ,-4.40786075592041,573,264.491139732955,40,13.048562303571442
408_40_HZ,-4.40786075592041,568,262.183189124465,40,13.0569782857143
409_40_HZ,-4.43888711929321,559,259.845099152496,40,13.071589303571441
410_40_HZ,-4.43888711929321,554,257.520903274567,40,13.079407785714299
411_40_HZ,-4.50313806533814,550,259.362129738209,40,13.085508928571443
412_40_HZ,-4.50313806533814,546,257.475859703749,40,13.091473500000014
413_40_HZ,-4.57862854003906,535,256.517984514674,40,13.107171875000013
414_40_HZ,-4.57862854003906,526,252.20272870040898,40,13.119247785714299
415_40_HZ,-4.65109634399414,523,254.73325245038703,40,13.123119446428584
416_40_HZ,-4.65109634399414,522,254.246190782222,40,13.124392928571442
417_40_HZ,-4.69929838180542,521,256.38897491614597,40,13.125657875000012
418_40_HZ,-4.69929838180542,523,257.37319362983504,40,13.123119446428584
419_40_HZ,-4.6891303062439,525,257.798396650241,40,13.120546875000013
420_40_HZ,-4.6891303062439,527,258.78048578033804,40,13.1179401607143
421_40_HZ,-4.67376804351807,530,259.401009027868,40,13.113966071428585
422_40_HZ,-4.67376804351807,537,262.827060090501,40,13.104394446428584
423_40_HZ,-4.61855888366699,542,262.140649253278,40,13.097301500000013
424_40_HZ,-4.61855888366699,540,261.17334058444703,40,13.1001642857143
425_40_HZ,-4.57942581176758,534,256.083077499839,40,13.108547785714299
426_40_HZ,-4.57942581176758,528,253.205739550403,40,13.116624000000012
427_40_HZ,-4.6789345741272,520,254.787985626555,40,13.1269142857143
428_40_HZ,-4.6789345741272,508,248.908262881327,40,13.141325428571442
429_40_HZ,-4.7752833366394,499,249.533192064643,40,13.151327160714299
430_40_HZ,-4.7752833366394,490,245.032593410171,40,13.160637500000012
431_40_HZ,-4.85118627548218,487,247.403326445249,40,13.163587303571441
432_40_HZ,-4.85118627548218,480,243.847221137001,40,13.170171428571441
433_40_HZ,-4.93893337249756,475,245.671856993324,40,13.17461830357144
434_40_HZ,-4.93893337249756,467,241.534225717647,40,13.181289446428584
435_40_HZ,-4.94995355606079,462,239.48135605641798,40,13.185181500000013
436_40_HZ,-4.94995355606079,463,239.99971396996,40,13.184420160714298
437_40_HZ,-4.9480299949646,469,243.01538276287,40,13.179672875000012
438_40_HZ,-4.9480299949646,472,244.569852162206,40,13.177184000000013
439_40_HZ,-4.89471626281738,476,243.98498792860298,40,13.173746000000012
440_40_HZ,-4.89471626281738,485,248.598149465068,40,13.1655111607143
441_40_HZ,-4.83074045181274,493,249.39585694539,40,13.157610875000012
442_40_HZ,-4.83074045181274,497,251.41935274210704,40,13.153455875000013
443_40_HZ,-4.77616310119629,498,249.07898641794603,40,13.152395785714297
444_40_HZ,-4.77616310119629,493,246.57819338162201,40,13.157610875000012
445_40_HZ,-4.76253223419189,483,240.887174765299,40,13.167400875000013
446_40_HZ,-4.76253223419189,471,234.90240023696902,40,13.178022160714297
447_40_HZ,-4.93673515319824,462,238.841842103302,40,13.185181500000013
448_40_HZ,-4.93673515319824,448,231.604210524414,40,13.194944000000012
449_40_HZ,-5.15716123580933,438,236.544809927452,40,13.20089292857144
450_40_HZ,-5.15716123580933,436,235.46469664011198,40,13.201980285714297
451_40_HZ,-5.20495080947876,431,234.92136216439798,40,13.20454930357144
452_40_HZ,-5.20495080947876,423,230.560872843481,40,13.208215875000011
453_40_HZ,-5.15221452713013,416,224.44807292958,40,13.210976000000011
454_40_HZ,-5.15221452713013,418,225.52715020328,40,13.210230071428583
455_40_HZ,-5.15336847305298,419,226.11733264023502,40,13.20984430357144
456_40_HZ,-5.15336847305298,417,225.03801363001898,40,13.21060730357144
457_40_HZ,-5.1992621421814,417,227.042095682247,40,13.21060730357144
458_40_HZ,-5.1992621421814,411,223.775302938618,40,13.212691446428583
459_40_HZ,-5.20558261871338,403,219.686324014604,40,13.21499230357144
460_40_HZ,-5.20558261871338,396,215.870432530479,40,13.21655742857144
461_40_HZ,-5.29855155944824,385,213.622257031206,40,13.21817187500001
462_40_HZ,-5.29855155944824,361,200.305544904585,40,13.218109303571438
463_40_HZ,-5.42771244049072,347,197.230892401768,40,13.215802303571438
464_40_HZ,-5.42771244049072,338,192.11539375157798,40,13.213435785714296
465_40_HZ,-5.55168008804321,340,197.665992230252,40,13.214021428571439
466_40_HZ,-5.55168008804321,341,198.247362795635,40,13.214301446428582
467_40_HZ,-5.51026582717896,339,195.61442334170502,40,13.21373287500001
468_40_HZ,-5.51026582717896,355,204.84696249647598,40,13.217325446428582
469_40_HZ,-5.42348051071167,364,206.732182128217,40,13.218386000000011
470_40_HZ,-5.42348051071167,389,220.93082101065002,40,13.21770430357144
471_40_HZ,-5.17579317092896,415,224.93323811722,40,13.211336160714296
472_40_HZ,-5.17579317092896,437,236.857409776447,40,13.201440875000012
473_40_HZ,-4.85635280609131,452,229.86734516811399,40,13.19232542857144
474_40_HZ,-4.85635280609131,458,232.918681608399,40,13.188141500000013
475_40_HZ,-4.76720380783081,450,224.649197710904,40,13.193651785714298
476_40_HZ,-4.76720380783081,437,218.159331999255,40,13.201440875000012
477_40_HZ,-4.96509552001953,417,216.816477019349,40,13.21060730357144
478_40_HZ,-4.96509552001953,396,205.897661629885,40,13.21655742857144
479_40_HZ,-5.24663972854614,375,206.03505430545098,40,13.21874330357144
480_40_HZ,-5.24663972854614,375,206.03505430545098,40,13.21874330357144
481_40_HZ,-5.4430193901062,388,221.156772707731,40,13.21783400000001
482_40_HZ,-5.4430193901062,397,226.286697847859,40,13.216359446428582
483_40_HZ,-5.26648092269898,412,227.21989288977602,40,13.21236542857144
484_40_HZ,-5.26648092269898,422,232.734938833702,40,13.208635785714296
485_40_HZ,-5.02964878082275,426,224.375724643715,40,13.20690492857144
486_40_HZ,-5.02964878082275,432,227.53594611757,40,13.204052571428583
487_40_HZ,-4.95707082748413,440,228.405437831886,40,13.19977142857144
488_40_HZ,-4.95707082748413,440,228.405437831886,40,13.19977142857144
489_40_HZ,-4.93090915679932,435,224.61816046893702,40,13.202511160714298
490_40_HZ,-4.93090915679932,435,224.61816046893702,40,13.202511160714298
491_40_HZ,-4.96712923049927,434,225.747941976871,40,13.203033500000013
492_40_HZ,-4.96712923049927,433,225.227785428537,40,13.20354730357144
493_40_HZ,-5.08793592453003,436,232.30403773827499,40,13.201980285714297
494_40_HZ,-5.08793592453003,434,231.238422886265,40,13.203033500000013
495_40_HZ,-5.14111232757568,435,234.193559704439,40,13.202511160714298
496_40_HZ,-5.14111232757568,430,231.501679707836,40,13.205037500000012
497_40_HZ,-5.10832691192627,429,229.490446283675,40,13.205517160714297
498_40_HZ,-5.10832691192627,430,230.025389048905,40,13.205037500000012
499_40_HZ,-5.09651041030884,428,228.42587032312102,40,13.205988285714298
500_40_HZ,-5.09651041030884,426,227.358459714134,40,13.20690492857144
501_40_HZ,-5.08134078979492,430,228.810202605427,40,13.205037500000012
502_40_HZ,-5.08134078979492,427,227.213852354691,40,13.206450875000012
503_40_HZ,-5.10769510269165,423,226.252791423673,40,13.208215875000011
504_40_HZ,-5.10769510269165,420,224.64816169726402,40,13.209450000000011
505_40_HZ,-5.14737796783447,423,228.010595766765,40,13.208215875000011
506_40_HZ,-5.14737796783447,420,226.393499342887,40,13.209450000000011
507_40_HZ,-5.16568040847778,411,222.32994304247399,40,13.212691446428583
508_40_HZ,-5.16568040847778,406,219.62519920984099,40,13.214193500000011
509_40_HZ,-5.22141170501709,403,220.354345609716,40,13.21499230357144
510_40_HZ,-5.22141170501709,409,223.63505546991,40,13.213317875000012
511_40_HZ,-5.34125709533691,420,234.920754945292,40,13.209450000000011
512_40_HZ,-5.34125709533691,422,236.039425206936,40,13.208635785714296
513_40_HZ,-5.27126264572144,426,235.154272419762,40,13.20690492857144
514_40_HZ,-5.27126264572144,432,238.46630442567402,40,13.204052571428583
515_40_HZ,-5.21157360076904,438,239.04056678636,40,13.20089292857144
516_40_HZ,-5.21157360076904,439,239.58632150505,40,13.200336446428583
517_40_HZ,-5.16573524475098,436,235.85617166090302,40,13.201980285714297
518_40_HZ,-5.16573524475098,431,233.151399050113,40,13.20454930357144
519_40_HZ,-5.1890664100647,423,229.85726417983298,40,13.208215875000011
520_40_HZ,-5.1890664100647,412,223.879888515582,40,13.21236542857144
521_40_HZ,-5.31874990463257,405,225.576170915348,40,13.21446830357144
522_40_HZ,-5.31874990463257,398,221.67732351681198,40,13.21615292857144
523_40_HZ,-5.38434743881226,380,214.26206739933502,40,13.218564285714297
524_40_HZ,-5.38434743881226,367,206.93204930409502,40,13.218585875000011
525_40_HZ,-5.44345951080322,355,202.36339318691702,40,13.217325446428582
526_40_HZ,-5.44345951080322,342,194.95290273218498,40,13.214572928571439
527_40_HZ,-5.47888231277466,342,196.221553235122,40,13.214572928571439
528_40_HZ,-5.47888231277466,325,186.467850296534,40,13.20879687500001
529_40_HZ,-5.44417381286621,326,185.856691461184,40,13.209204928571438
530_40_HZ,-5.44417381286621,323,184.14635380969997,40,13.207955160714295
531_40_HZ,-5.39163017272949,329,185.75674492307502,40,13.21037787500001
532_40_HZ,-5.39163017272949,317,178.981422919801,40,13.205225160714296
533_40_HZ,-5.38305568695068,306,172.49596026612298,40,13.19942207142858
534_40_HZ,-5.38305568695068,293,165.16770051625502,40,13.191232303571438
535_40_HZ,-5.36002683639526,285,159.970693492933,40,13.185475446428581
536_40_HZ,-5.36002683639526,275,154.357686703708,40,13.177511160714294
537_40_HZ,-5.32215785980225,269,149.923128163158,40,13.17232287500001
538_40_HZ,-5.32215785980225,246,137.104422037683,40,13.149587785714294
539_40_HZ,-5.34312582015991,241,134.84692817127998,40,13.144047875000009
540_40_HZ,-5.34312582015991,226,126.453965836968,40,13.126147785714295
541_40_HZ,-5.35780048370361,230,129.045542446319,40,13.131108928571438
542_40_HZ,-5.35780048370361,237,132.973015477294,40,13.139462303571436
543_40_HZ,-5.29069185256958,237,131.307468148849,40,13.139462303571436
544_40_HZ,-5.29069185256958,257,142.388267148752,40,13.16102444642858
545_40_HZ,-5.16650485992432,264,142.833266663131,40,13.167764571428581
546_40_HZ,-5.16650485992432,296,160.146389895025,40,13.193250285714296
547_40_HZ,-4.96564531326294,324,168.480371397245,40,13.208380285714295
548_40_HZ,-4.96564531326294,358,186.16041037103,40,13.217755785714296
549_40_HZ,-4.72164011001587,379,187.39617895215798,40,13.218617160714297
550_40_HZ,-4.72164011001587,398,196.790710350815,40,13.21615292857144
551_40_HZ,-4.70039749145508,403,198.366461197007,40,13.21499230357144
552_40_HZ,-4.70039749145508,395,194.428665441236,40,13.21674687500001
553_40_HZ,-4.94841432571411,398,206.242308834146,40,13.21615292857144
554_40_HZ,-4.94841432571411,406,210.387882881063,40,13.214193500000011
555_40_HZ,-5.16653203964233,421,227.776989080009,40,13.209047160714297
556_40_HZ,-5.16653203964233,436,235.892558762195,40,13.201980285714297
557_40_HZ,-5.02596616744995,448,235.79044235107298,40,13.194944000000012
558_40_HZ,-5.02596616744995,452,237.895714157779,40,13.19232542857144
559_40_HZ,-5.00939512252808,456,239.20967874620598,40,13.189570285714298
560_40_HZ,-5.00939512252808,462,242.35717451918202,40,13.185181500000013
561_40_HZ,-5.07419538497925,463,246.023623913544,40,13.184420160714298
562_40_HZ,-5.07419538497925,462,245.492255395372,40,13.185181500000013
563_40_HZ,-5.04979228973389,455,240.60992312614,40,13.190271875000011
564_40_HZ,-5.04979228973389,437,231.09128880466702,40,13.201440875000012
565_40_HZ,-5.13863897323608,417,224.394787294693,40,13.21060730357144
566_40_HZ,-5.13863897323608,391,210.403745401019,40,13.21741930357144
567_40_HZ,-5.42185926437378,370,210.077032743994,40,13.21870892857144
568_40_HZ,-5.42185926437378,370,210.077032743994,40,13.21870892857144
569_40_HZ,-5.55091047286987,368,213.914715048348,40,13.218635428571439
570_40_HZ,-5.55091047286987,376,218.56503494070301,40,13.218724571428583
571_40_HZ,-5.41996288299561,388,220.219951618074,40,13.21783400000001
572_40_HZ,-5.41996288299561,404,229.301186736346,40,13.214734571428583
573_40_HZ,-5.22743034362793,421,230.461806916965,40,13.209047160714297
574_40_HZ,-5.22743034362793,433,237.030789536926,40,13.20354730357144
575_40_HZ,-5.0745530128479,435,231.16157945232902,40,13.202511160714298
576_40_HZ,-5.0745530128479,443,235.412826890533,40,13.198025160714298
577_40_HZ,-5.04740142822266,450,237.853191553485,40,13.193651785714298
578_40_HZ,-5.04740142822266,444,234.681815666106,40,13.197426000000013
579_40_HZ,-5.13267517089844,422,226.82183918237,40,13.208635785714296
580_40_HZ,-5.13267517089844,407,218.759451533708,40,13.213910160714297
581_40_HZ,-5.36673212051392,395,221.991132048386,40,13.21674687500001
582_40_HZ,-5.36673212051392,382,214.685094791097,40,13.21843292857144
583_40_HZ,-5.51592683792114,371,214.29944159139998,40,13.218732875000011
584_40_HZ,-5.51592683792114,360,207.945549792195,40,13.21800000000001
585_40_HZ,-5.51905965805054,355,205.173882356229,40,13.217325446428582
586_40_HZ,-5.51905965805054,357,206.32979155260202,40,13.21762087500001
587_40_HZ,-5.50644588470459,349,201.24515459762299,40,13.216234303571438
588_40_HZ,-5.50644588470459,350,201.821788278419,40,13.21643750000001
589_40_HZ,-5.43848514556885,349,198.761378085336,40,13.216234303571438
590_40_HZ,-5.43848514556885,352,200.46992861329,40,13.216818285714297
591_40_HZ,-5.41419172286987,359,203.543254443085,40,13.217882160714296
592_40_HZ,-5.41419172286987,354,200.708390175076,40,13.217164928571439
593_40_HZ,-5.40993213653564,350,198.284377260742,40,13.21643750000001
594_40_HZ,-5.40993213653564,341,193.18563613118002,40,13.214301446428582
595_40_HZ,-5.50191164016724,338,194.74168832913298,40,13.213435785714296
596_40_HZ,-5.50191164016724,337,194.165529487923,40,13.213130160714297
597_40_HZ,-5.58784532546997,324,189.591117739411,40,13.208380285714295
598_40_HZ,-5.58784532546997,316,184.90985557300598,40,13.204740285714296
599_40_HZ,-5.66435241699219,302,179.137222104372,40,13.197055785714296
600_40_HZ,-5.66435241699219,303,179.73039171399,40,13.197660160714296
601_40_HZ,-5.74344301223755,292,175.62397322703498,40,13.190542571428582
602_40_HZ,-5.74344301223755,297,178.631233042566,40,13.19390587500001
603_40_HZ,-5.69488382339478,290,172.94639021866502,40,13.18913750000001
604_40_HZ,-5.69488382339478,300,178.910058846895,40,13.195821428571438
605_40_HZ,-5.64907312393189,295,174.513015511378,40,13.192586160714296
606_40_HZ,-5.64907312393189,304,179.83714140833501,40,13.19825600000001
607_40_HZ,-5.6412410736084,299,176.63406062575402,40,13.19519144642858
608_40_HZ,-5.6412410736084,302,178.406308725678,40,13.197055785714296
609_40_HZ,-5.70145225524902,294,175.534070265603,40,13.191913500000009
610_40_HZ,-5.70145225524902,295,176.13112492637,40,13.192586160714296
611_40_HZ,-5.74473476409912,283,170.249183385263,40,13.18395087500001
612_40_HZ,-5.74473476409912,287,172.655532267033,40,13.18696587500001
613_40_HZ,-5.74759292602539,275,165.518791149794,40,13.177511160714294
614_40_HZ,-5.74759292602539,267,160.703699043618,40,13.170525160714295
615_40_HZ,-5.7873854637146,253,153.331558360462,40,13.156985160714294
616_40_HZ,-5.7873854637146,239,144.846808095456,40,13.141772160714295
617_40_HZ,-5.86655855178833,241,148.057043127785,40,13.144047875000009
618_40_HZ,-5.86655855178833,232,142.527941932142,40,13.133538285714295
619_40_HZ,-5.83789587020874,241,147.333666748322,40,13.144047875000009
620_40_HZ,-5.83789587020874,242,147.94500976387502,40,13.145172928571437
621_40_HZ,-5.78675317764282,245,148.466913146319,40,13.148496875000008
622_40_HZ,-5.78675317764282,258,156.34474935408298,40,13.162012928571437
623_40_HZ,-5.74000787734985,252,151.475243509278,40,13.155954000000008
624_40_HZ,-5.74000787734985,258,155.081796926166,40,13.162012928571437
625_40_HZ,-5.77713489532471,242,146.405199957546,40,13.145172928571437
626_40_HZ,-5.77713489532471,232,140.355398306408,40,13.133538285714295
627_40_HZ,-5.80241775512695,225,136.716244993646,40,13.124886160714293
628_40_HZ,-5.80241775512695,205,124.5636898831,40,13.097861160714293
629_40_HZ,-5.85573101043701,195,119.576089994591,40,13.083068303571437
630_40_HZ,-5.85573101043701,187,114.670404251223,40,13.070619446428578
631_40_HZ,-6.03040075302124,177,111.775874230993,40,13.054290160714293
632_40_HZ,-6.03040075302124,183,115.56488691679,40,13.064190160714293
633_40_HZ,-6.03356122970581,195,123.20744730471101,40,13.083068303571437
634_40_HZ,-6.03356122970581,198,125.10294649401399,40,13.087595785714294
635_40_HZ,-5.7600417137146,203,122.447603245118,40,13.094970875000008
636_40_HZ,-5.7600417137146,219,132.098645865423,40,13.117137160714295
637_40_HZ,-5.71607208251953,220,131.688844914465,40,13.118450000000008
638_40_HZ,-5.71607208251953,232,138.87187281888998,40,13.133538285714295
639_40_HZ,-5.74371814727783,230,138.340570490479,40,13.131108928571438
640_40_HZ,-5.74371814727783,224,134.731686042902,40,13.123616000000009
641_40_HZ,-5.73610591888428,232,139.358592026991,40,13.133538285714295
642_40_HZ,-5.73610591888428,222,133.351756163759,40,13.121050071428579
643_40_HZ,-5.80063152313232,221,134.24439414948299,40,13.119754303571437
644_40_HZ,-5.80063152313232,226,137.281597637028,40,13.126147785714295
645_40_HZ,-5.86425018310547,216,132.64621360798301,40,13.113147428571438
646_40_HZ,-5.86425018310547,227,139.401344856538,40,13.127400875000008
647_40_HZ,-5.82379817962647,230,140.269340106707,40,13.131108928571438
648_40_HZ,-5.82379817962647,222,135.390406537778,40,13.121050071428579
649_40_HZ,-5.78111982345581,225,136.214425886741,40,13.124886160714293
650_40_HZ,-5.78111982345581,212,128.34425905773,40,13.107708285714294
651_40_HZ,-5.82934904098511,206,125.75229106544799,40,13.099293500000009
652_40_HZ,-5.82934904098511,206,125.75229106544799,40,13.099293500000009
653_40_HZ,-5.82734298706055,193,117.775921327068,40,13.080007303571437
654_40_HZ,-5.82734298706055,189,115.33496958971901,40,13.073782875000008
655_40_HZ,-5.86177682876587,202,123.99645514827199,40,13.093512928571437
656_40_HZ,-5.86177682876587,194,119.085704449331,40,13.08154207142858
657_40_HZ,-5.89096164703369,180,111.042013969056,40,13.059278571428578
658_40_HZ,-5.89096164703369,172,106.106813348209,40,13.045805428571436
659_40_HZ,-6.00171089172363,145,91.1321628377668,40,12.99630044642858
660_40_HZ,-6.00171089172363,122,76.6767163186728,40,12.949221500000007
661_40_HZ,-6.26459503173828,117,76.75514255122539,40,12.938389446428578
662_40_HZ,-6.26459503173828,126,82.6593842859351,40,12.957733500000007
663_40_HZ,-6.32230520248413,126,83.42085431138011,40,12.957733500000007
664_40_HZ,-6.32230520248413,123,81.43464349444241,40,12.951362303571434
665_40_HZ,-6.04546070098877,119,75.336419716894,40,12.942747875000006
666_40_HZ,-6.04546070098877,122,77.2356571887485,40,12.949221500000007
667_40_HZ,-6.08385181427002,134,85.37132841336701,40,12.974347785714292
668_40_HZ,-6.08385181427002,135,86.0084278791384,40,12.976386160714293
669_40_HZ,-6.00748157501221,123,77.3795479720904,40,12.951362303571434
670_40_HZ,-6.00748157501221,111,69.8303237796913,40,12.925109303571436
671_40_HZ,-6.13809967041016,111,71.3486104026482,40,12.925109303571436
672_40_HZ,-6.13809967041016,121,77.77641314162551,40,12.947072160714292
673_40_HZ,-6.17973327636719,121,78.30395992059181,40,12.947072160714292
674_40_HZ,-6.17973327636719,119,77.0096795913258,40,12.942747875000006
675_40_HZ,-6.03103303909302,122,77.0513330952876,40,12.949221500000007
676_40_HZ,-6.03103303909302,152,95.9983822170796,40,13.009732571428579
677_40_HZ,-5.97145414352417,182,113.80991434431401,40,13.062561500000008
678_40_HZ,-5.97145414352417,190,118.812547941866,40,13.075351785714293
679_40_HZ,-5.58847713470459,189,110.607328546027,40,13.073782875000008
680_40_HZ,-5.58847713470459,189,110.607328546027,40,13.073782875000008
681_40_HZ,-5.77801418304443,177,107.09778917308401,40,13.054290160714293
682_40_HZ,-5.77801418304443,160,96.8115608344265,40,13.024571428571436
683_40_HZ,-6.03592491149902,146,92.2837610662709,40,12.998244928571436
684_40_HZ,-6.03592491149902,130,82.17047218229601,40,12.966108928571435
685_40_HZ,-6.17327547073364,105,67.8787071848848,40,12.911521875000005
686_40_HZ,-6.17327547073364,94,60.7676045274207,40,12.885813500000006
687_40_HZ,-6.32087659835815,92,60.89669758260359,40,12.881028285714292
688_40_HZ,-6.32087659835815,102,67.5159038415823,40,12.904612928571435
689_40_HZ,-6.19671678543091,120,77.8702385658115,40,12.944914285714292
690_40_HZ,-6.19671678543091,125,81.11483183938701,40,12.955618303571436
691_40_HZ,-5.90687322616577,119,73.6093936123588,40,12.942747875000006
692_40_HZ,-5.90687322616577,111,68.6608629493431,40,12.925109303571436
693_40_HZ,-6.08665466308594,118,75.2123743503907,40,12.940572928571434
694_40_HZ,-6.08665466308594,134,85.41066239790129,40,12.974347785714292
695_40_HZ,-6.12172079086304,131,83.97952754459891,40,12.968181446428579
696_40_HZ,-6.12172079086304,115,73.7224860124342,40,12.933996875000007
697_40_HZ,-6.06513690948486,102,64.7842466768325,40,12.904612928571435
698_40_HZ,-6.06513690948486,105,66.6896656967394,40,12.911521875000005
699_40_HZ,-6.22177934646606,116,75.5790138219771,40,12.936197428571434
700_40_HZ,-6.22177934646606,117,76.2305570445804,40,12.938389446428578
701_40_HZ,-6.06244373321533,105,66.6600529735276,40,12.911521875000005
702_40_HZ,-6.06244373321533,89,56.5023306156567,40,12.873786446428577
703_40_HZ,-6.21576118469238,81,52.723951458749205,40,12.854099303571434
704_40_HZ,-6.21576118469238,90,58.5821682874992,40,12.876208928571435
705_40_HZ,-6.2772912979126,105,69.02242307627749,40,12.911521875000005
706_40_HZ,-6.2772912979126,104,68.36506666602719,40,12.909227428571434
707_40_HZ,-6.02353048324585,92,58.032004755207296,40,12.881028285714292
708_40_HZ,-6.02353048324585,85,53.6165261325285,40,12.864011160714291
709_40_HZ,-6.16456365585327,73,47.1252675580974,40,12.833865875000006
710_40_HZ,-6.16456365585327,79,50.9985772204068,40,12.849092160714292
711_40_HZ,-6.20446634292603,98,63.6735594758481,40,12.895281500000007
712_40_HZ,-6.20446634292603,104,67.5719406682469,40,12.909227428571434
713_40_HZ,-5.89153909683228,99,61.0790906617521,40,12.897627160714292
714_40_HZ,-5.89153909683228,83,51.2077224739942,40,12.859072303571434
715_40_HZ,-5.94106006622314,77,47.9052678386213,40,12.844050875000006
716_40_HZ,-5.94106006622314,71,44.172389825222204,40,12.82872216071429
717_40_HZ,-6.1458215713501,76,48.9127594476086,40,12.841517428571434
718_40_HZ,-6.1458215713501,92,59.2101824892104,40,12.881028285714292
719_40_HZ,-5.96084642410278,97,60.5491811961233,40,12.892927303571435
720_40_HZ,-5.96084642410278,94,58.6765261075834,40,12.885813500000006
721_40_HZ,-5.82363319396973,70,42.689460045548,40,12.826137500000005
722_40_HZ,-5.82363319396973,62,37.8106646117711,40,12.805152928571435
723_40_HZ,-6.13268566131592,55,35.321733931625,40,12.786343303571433
724_40_HZ,-6.13268566131592,53,34.0373072432023,40,12.780892303571434
725_40_HZ,-6.13796186447144,64,41.1370166284415,40,12.81045028571429
726_40_HZ,-6.13796186447144,77,49.4929731310936,40,12.844050875000006
727_40_HZ,-5.8411660194397,80,48.934838049404505,40,12.851600000000005
728_40_HZ,-5.8411660194397,77,47.0997816225519,40,12.844050875000006
729_40_HZ,-5.67715883255005,64,38.0486829899439,40,12.81045028571429
730_40_HZ,-5.67715883255005,51,30.3200442576116,40,12.775407160714291
731_40_HZ,-5.82890939712524,50,30.5200984915074,40,12.772651785714292
732_40_HZ,-5.82890939712524,52,31.7409024311677,40,12.778154000000006
733_40_HZ,-5.88032674789429,55,33.868249961854005,40,12.786343303571433
734_40_HZ,-5.88032674789429,64,39.4103272283392,40,12.81045028571429
735_40_HZ,-5.79304647445679,69,41.858603006559896,40,12.823544303571435
736_40_HZ,-5.79304647445679,78,47.3184207900242,40,12.846575785714291
737_40_HZ,-5.74407529830933,81,48.722970382196394,40,12.854099303571434
738_40_HZ,-5.74407529830933,82,49.324488535063,40,12.856590071428577
739_40_HZ,-5.73327493667603,87,52.233683903931194,40,12.868915875000006
740_40_HZ,-5.73327493667603,162,97.2627217521478,40,13.028195785714292
741_40_HZ,-5.70851469039917,339,202.652253934476,40,13.21373287500001
742_40_HZ,-5.70851469039917,563,336.558168038672,40,13.065180875000014
743_40_HZ,-3.87225413322449,772,313.04715363924004,40,12.540348285714302
744_40_HZ,-3.87225413322449,930,377.116389746753,40,11.896108928571447
745_40_HZ,-1.05860006809235,1032,114.403740095903,40,11.367024000000018
746_40_HZ,-1.05860006809235,1098,121.720258357851,40,10.977352928571447
747_40_HZ,-0.0633989349007607,1135,7.53540204375125,40,10.742636160714305
748_40_HZ,-0.0633989349007607,1150,7.63498885490214,40,10.644151785714305
749_40_HZ,0.040727011859417,1158,4.93878062353647,40,10.59084150000002
750_40_HZ,0.040727011859417,1158,4.93878062353647,40,10.59084150000002
751_40_HZ,0.0475148484110832,1161,5.7768379573231,40,10.570709303571448
752_40_HZ,0.0475148484110832,1156,5.75195924088329,40,10.604220285714305
753_40_HZ,0.0497682988643646,1153,6.00911797105619,40,10.62422444642859
754_40_HZ,0.0497682988643646,1155,6.01954141940148,40,10.61089687500002
755_40_HZ,0.0490812733769417,1148,5.9004660405547495,40,10.65739400000002
756_40_HZ,0.0490812733769417,1143,5.8747671466499,40,10.690350160714305
757_40_HZ,0.0498232617974281,1135,5.92183957751236,40,10.742636160714305
758_40_HZ,0.0498232617974281,1133,5.9114046179044,40,10.755622303571448
759_40_HZ,0.0547372736036778,1130,6.47724341203753,40,10.77503750000002
760_40_HZ,0.0547372736036778,1120,6.41992267387791,40,10.83920000000002
761_40_HZ,0.0546781308948994,1105,6.327097761596179,40,10.933843303571448
762_40_HZ,0.0546781308948994,1102,6.3099201206144695,40,10.952541500000018
763_40_HZ,0.0546485595405102,1097,6.27789359041205,40,10.98353444642859
764_40_HZ,0.0546485595405102,1095,6.2664480232463,40,10.995871875000018
765_40_HZ,0.0568072944879532,1098,6.53183282166895,40,10.977352928571447
766_40_HZ,0.0568072944879532,1095,6.5139862839048295,40,10.995871875000018
767_40_HZ,0.057457871735096,1089,6.55248500982599,40,11.032679303571449
768_40_HZ,0.057457871735096,1090,6.5585019841233505,40,11.02656607142859
769_40_HZ,0.0568960085511208,1097,6.5360753614463,40,10.98353444642859
770_40_HZ,0.0568960085511208,1097,6.5360753614463,40,10.98353444642859
771_40_HZ,0.0569551512598991,1094,6.52497662964923,40,11.002027785714304
772_40_HZ,0.0569551512598991,1090,6.50111931107647,40,11.02656607142859
01_50_HZ,-0.008575801737606525,0,0.0,50,11.820928809292552
02_50_HZ,-0.008694089017808437,0,0.0,50,11.820928809292552
03_50_HZ,-0.008694089017808437,0,0.0,50,11.820928809292552
04_50_HZ,-0.00825051311403513,0,0.0,50,11.820928809292552
05_50_HZ,-0.00825051311403513,0,0.0,50,11.820928809292552
06_50_HZ,-0.009285523556172848,0,0.0,50,11.820928809292552
07_50_HZ,-0.009285523556172848,0,0.0,50,11.820928809292552
08_50_HZ,-0.008694089017808437,0,0.0,50,11.820928809292552
09_50_HZ,-0.008694089017808437,0,0.0,50,11.820928809292552
10_50_HZ,-0.005677772220224142,0,0.0,50,11.820928809292552
11_50_HZ,-0.005677772220224142,0,0.0,50,11.820928809292552
12_50_HZ,-0.004997622221708298,0,0.0,50,11.820928809292552
13_50_HZ,-0.004997622221708298,0,0.0,50,11.820928809292552
14_50_HZ,-0.007866079919040203,0,0.0,50,11.820928809292552
15_50_HZ,-0.007866079919040203,0,0.0,50,11.820928809292552
16_50_HZ,-0.009403809905052185,0,0.0,50,11.820928809292552
17_50_HZ,-0.009403809905052185,0,0.0,50,11.820928809292552
18_50_HZ,-0.006801498122513294,0,0.0,50,11.820928809292552
19_50_HZ,-0.006801498122513294,0,0.0,50,11.820928809292552
20_50_HZ,-0.005382054951041937,0,0.0,50,11.820928809292552
21_50_HZ,-0.005382054951041937,0,0.0,50,11.820928809292552
22_50_HZ,-0.00612134812399745,0,0.0,50,11.820928809292552
23_50_HZ,-0.00612134812399745,0,0.0,50,11.820928809292552
24_50_HZ,-0.007097215391695499,0,0.0,50,11.820928809292552
25_50_HZ,-0.007097215391695499,0,0.0,50,11.820928809292552
26_50_HZ,-0.007245074026286602,0,0.0,50,11.820928809292552
27_50_HZ,-0.007245074026286602,0,0.0,50,11.820928809292552
28_50_HZ,-0.008575801737606525,0,0.0,50,11.820928809292552
29_50_HZ,-0.008575801737606525,0,0.0,50,11.820928809292552
30_50_HZ,-0.007481647655367851,0,0.0,50,11.820928809292552
31_50_HZ,-0.007481647655367851,0,0.0,50,11.820928809292552
32_50_HZ,-0.0062692067585885525,0,0.0,50,11.820928809292552
33_50_HZ,-0.0062692067585885525,0,0.0,50,11.820928809292552
34_50_HZ,-0.00727464584633708,0,0.0,50,11.820928809292552
35_50_HZ,-0.00727464584633708,0,0.0,50,11.820928809292552
36_50_HZ,-0.007866079919040203,0,0.0,50,11.820928809292552
37_50_HZ,-0.007866079919040203,0,0.0,50,11.820928809292552
38_50_HZ,-0.00828008446842432,0,0.0,50,11.820928809292552
39_50_HZ,-0.00828008446842432,0,0.0,50,11.820928809292552
40_50_HZ,-0.005796059034764767,0,0.0,50,11.820928809292552
41_50_HZ,-0.005796059034764767,0,0.0,50,11.820928809292552
42_50_HZ,-0.006624067667871714,0,0.0,50,11.820928809292552
43_50_HZ,-0.006624067667871714,0,0.0,50,11.820928809292552
44_50_HZ,-0.010054388083517551,0,0.0,50,11.820928809292552
45_50_HZ,-0.010054388083517551,0,0.0,50,11.820928809292552
46_50_HZ,-0.010409248992800713,0,0.0,50,11.820928809292552
47_50_HZ,-0.010409248992800713,0,0.0,50,11.820928809292552
48_50_HZ,-0.008309655822813511,0,0.0,50,11.820928809292552
49_50_HZ,-0.008309655822813511,0,0.0,50,11.820928809292552
50_50_HZ,-0.006949356757104397,0,0.0,50,11.820928809292552
51_50_HZ,-0.006949356757104397,0,0.0,50,11.820928809292552
52_50_HZ,-0.006742354482412338,0,0.0,50,11.820928809292552
53_50_HZ,-0.006742354482412338,0,0.0,50,11.820928809292552
54_50_HZ,-0.007185930386185646,0,0.0,50,11.820928809292552
55_50_HZ,-0.007185930386185646,0,0.0,50,11.820928809292552
56_50_HZ,-0.009048949927091599,0,0.0,50,11.820928809292552
57_50_HZ,-0.009048949927091599,0,0.0,50,11.820928809292552
58_50_HZ,-0.008960234001278877,0,0.0,50,11.820928809292552
59_50_HZ,-0.008960234001278877,0,0.0,50,11.820928809292552
60_50_HZ,-0.008339228108525276,0,0.0,50,11.820928809292552
61_50_HZ,-0.008339228108525276,0,0.0,50,11.820928809292552
62_50_HZ,-0.008161797188222408,0,0.0,50,11.820928809292552
63_50_HZ,-0.008161797188222408,0,0.0,50,11.820928809292552
64_50_HZ,-0.007304217200726271,0,0.0,50,11.820928809292552
65_50_HZ,-0.007304217200726271,0,0.0,50,11.820928809292552
66_50_HZ,-0.0070380717515945435,0,0.0,50,11.820928809292552
67_50_HZ,-0.0070380717515945435,0,0.0,50,11.820928809292552
68_50_HZ,-0.007925223559141159,0,0.0,50,11.820928809292552
69_50_HZ,-0.007925223559141159,0,0.0,50,11.820928809292552
70_50_HZ,-0.005943917669355869,0,0.0,50,11.820928809292552
71_50_HZ,-0.005943917669355869,0,0.0,50,11.820928809292552
72_50_HZ,-0.0055890572257339954,0,0.0,50,11.820928809292552
73_50_HZ,-0.0055890572257339954,0,0.0,50,11.820928809292552
74_50_HZ,-0.006180491764098406,0,0.0,50,11.820928809292552
75_50_HZ,-0.006180491764098406,0,0.0,50,11.820928809292552
76_50_HZ,-0.008102654479444027,0,0.0,50,11.820928809292552
77_50_HZ,-0.008102654479444027,0,0.0,50,11.820928809292552
78_50_HZ,-0.007452075835317373,0,0.0,50,11.820928809292552
79_50_HZ,-0.007452075835317373,0,0.0,50,11.820928809292552
80_50_HZ,-0.0077773649245500565,0,0.0,50,11.820928809292552
81_50_HZ,-0.0077773649245500565,0,0.0,50,11.820928809292552
82_50_HZ,-0.0077773649245500565,0,0.0,50,11.820928809292552
83_50_HZ,-0.0077773649245500565,0,0.0,50,11.820928809292552
84_50_HZ,-0.00671278266236186,0,0.0,50,11.820928809292552
85_50_HZ,-0.00671278266236186,0,0.0,50,11.820928809292552
86_50_HZ,-0.006949356757104397,0,0.0,50,11.820928809292552
87_50_HZ,-0.006949356757104397,0,0.0,50,11.820928809292552
88_50_HZ,-0.008427943103015423,0,0.0,50,11.820928809292552
89_50_HZ,-0.008427943103015423,0,0.0,50,11.820928809292552
90_50_HZ,-0.009403809905052185,0,0.0,50,11.820928809292552
91_50_HZ,-0.009403809905052185,0,0.0,50,11.820928809292552
92_50_HZ,-0.00653535220772028,0,0.0,50,11.820928809292552
93_50_HZ,-0.00653535220772028,0,0.0,50,11.820928809292552
94_50_HZ,-0.006919784937053919,0,0.0,50,11.820928809292552
95_50_HZ,-0.006919784937053919,0,0.0,50,11.820928809292552
96_50_HZ,-0.009226379916071892,0,0.0,50,11.820928809292552
97_50_HZ,-0.009226379916071892,0,0.0,50,11.820928809292552
98_50_HZ,-0.009403809905052185,5,0.00492382353721245,50,11.850828850175423
99_50_HZ,-0.009403809905052185,90,0.088628823669824,50,12.324821104481753
100_50_HZ,-0.009522097185254097,235,0.23433064595023,50,12.983829264124827
101_50_HZ,-0.009522097185254097,380,0.378917640259947,50,13.454253118991458
102_50_HZ,-0.024189675226807594,491,1.24377021247731,50,13.686931651301315
103_50_HZ,-0.024189675226807594,563,1.42615606848213,50,13.778767023102539
104_50_HZ,-0.046959906816482544,652,3.20629479161313,50,13.828023570523367
105_50_HZ,-0.046959906816482544,745,3.66363438612236,50,13.803584788515794
106_50_HZ,-0.045303892344236374,824,3.9092309880652802,50,13.721885996630258
107_50_HZ,-0.045303892344236374,890,4.22234900409964,50,13.61071212313425
108_50_HZ,-0.04009926691651344,947,3.9766285323821897,50,13.483255646464743
109_50_HZ,-0.04009926691651344,993,4.1697910587703495,50,13.35914722429582
110_50_HZ,-0.03516078740358353,1024,3.7703977447820702,50,13.264803809338797
111_50_HZ,-0.03516078740358353,1053,3.8771765871636,50,13.168743577840981
112_50_HZ,-0.02797485701739788,1077,3.15509322031485,50,13.083540836062156
113_50_HZ,-0.02797485701739788,1095,3.20782458332847,50,13.0162482985292
114_50_HZ,-0.0233912393450737,1119,2.74101824130146,50,12.922004273553481
115_50_HZ,-0.0233912393450737,1139,2.79000873712454,50,12.839520994202058
116_50_HZ,-0.023657383397221565,1156,2.86386918692708,50,12.766589290517809
117_50_HZ,-0.023657383397221565,1188,2.94314584262057,50,12.622273974429612
118_50_HZ,-0.03255847468972206,1204,4.10505671460564,50,12.546672018024793
119_50_HZ,-0.03255847468972206,1223,4.16983750993579,50,12.453912327072874
120_50_HZ,-0.045244745910167694,1242,5.88461944328511,50,12.357914636880798
121_50_HZ,-0.045244745910167694,1264,5.9888558585445795,50,12.242714159989944
122_50_HZ,-0.05077465996146202,1280,6.80590089128555,50,12.156205258776177
123_50_HZ,-0.05077465996146202,1300,6.91224309271189,50,12.044840102545793
124_50_HZ,-0.040808986872434616,1322,5.64957654613139,50,11.918194509227126
125_50_HZ,-0.040808986872434616,1338,5.71795266166702,50,11.82336188697495
126_50_HZ,-0.032795049250125885,1352,4.64315940210261,50,11.738499741838277
127_50_HZ,-0.032795049250125885,1382,4.74618808706051,50,11.550732400166488
128_50_HZ,-0.029749160632491112,1395,4.34587813674077,50,11.466859569317513
129_50_HZ,-0.029749160632491112,1407,4.38326203469123,50,11.38809306564053
130_50_HZ,-0.02847757562994957,1425,4.24958487077246,50,11.267521537840178
131_50_HZ,-0.02847757562994957,1442,4.30028167273957,50,11.150979993974094
132_50_HZ,-0.027176421135663986,1441,4.10095352832462,50,11.157907135123242
133_50_HZ,-0.027176421135663986,1447,4.11802897674235,50,11.116209745323642
134_50_HZ,-0.02395310252904892,1451,3.6396346173089,50,11.088232094917622
135_50_HZ,-0.02395310252904892,1452,3.6421429802429497,50,11.081215258498665
136_50_HZ,-0.01768389530479908,1452,2.68889074343863,50,11.081215258498665
137_50_HZ,-0.01768389530479908,1447,2.6796314777931802,50,11.116209745323642
138_50_HZ,-0.02102550119161606,1439,3.16836896339913,50,11.171734508840593
139_50_HZ,-0.02102550119161606,1430,3.14855289622013,50,11.233513698983113
140_50_HZ,-0.020877642557024956,1442,3.15264679226805,50,11.150979993974094
141_50_HZ,-0.020877642557024956,1443,3.15483309378834,50,11.144043883297966
142_50_HZ,-0.018571047112345695,1445,2.81017163967221,50,11.130144753364766
143_50_HZ,-0.018571047112345695,1434,2.7887793296124204,50,11.206145976411804
144_50_HZ,-0.019044194370508194,1430,2.85185381879854,50,11.233513698983113
145_50_HZ,-0.019044194370508194,1437,2.86581394238706,50,11.18552600445002
146_50_HZ,-0.01827532984316349,1440,2.75585474354472,50,11.164825306745408
147_50_HZ,-0.01827532984316349,1452,2.77882019974093,50,11.081215258498665
148_50_HZ,-0.020197492092847824,1460,3.08801154392297,50,11.024757664175684
149_50_HZ,-0.020197492092847824,1436,3.03724971032423,50,11.192408297964263
150_50_HZ,-0.02176479436457157,1432,3.26381991490071,50,11.219847776751422
151_50_HZ,-0.02176479436457157,1420,3.23646946868646,50,11.301305138522716
152_50_HZ,-0.022563230246305466,1429,3.3764639911058,50,11.240333205808488
153_50_HZ,-0.022563230246305466,1436,3.39300370274873,50,11.192408297964263
154_50_HZ,-0.027501709759235382,1438,4.141400106450121,50,11.178634741408798
155_50_HZ,-0.027501709759235382,1440,4.147160050965351,50,11.164825306745408
156_50_HZ,-0.02747213840484619,1441,4.145577614595839,50,11.157907135123242
157_50_HZ,-0.02747213840484619,1441,4.145577614595839,50,11.157907135123242
158_50_HZ,-0.025963978841900826,1430,3.8880864175545398,50,11.233513698983113
159_50_HZ,-0.025963978841900826,1429,3.8853674760038,50,11.240333205808488
160_50_HZ,-0.024810681119561195,1425,3.70239014182565,50,11.267521537840178
161_50_HZ,-0.024810681119561195,1432,3.7205773214696998,50,11.219847776751422
162_50_HZ,-0.02617098204791546,1441,3.9492316350025005,50,11.157907135123242
163_50_HZ,-0.02617098204791546,1437,3.9382691599573802,50,11.18552600445002
164_50_HZ,-0.028359290212392807,1437,4.26757076203291,50,11.18552600445002
165_50_HZ,-0.028359290212392807,1433,4.25569165065634,50,11.213001361345103
166_50_HZ,-0.02620055340230465,1442,3.9564377591352704,50,11.150979993974094
167_50_HZ,-0.02620055340230465,1442,3.9564377591352704,50,11.150979993974094
168_50_HZ,-0.03022230789065361,1437,4.54792212596209,50,11.18552600445002
169_50_HZ,-0.03022230789065361,1430,4.525768016789,50,11.233513698983113
170_50_HZ,-0.03918254375457764,1437,5.89627868581191,50,11.18552600445002
171_50_HZ,-0.03918254375457764,1447,5.93731054862201,50,11.116209745323642
172_50_HZ,-0.03465806692838669,1447,5.25171921734716,50,11.116209745323642
173_50_HZ,-0.03465806692838669,1434,5.204537220232081,50,11.206145976411804
174_50_HZ,-0.03595922514796257,1427,5.373569914543539,50,11.253945310878295
175_50_HZ,-0.03595922514796257,1430,5.38486683797986,50,11.233513698983113
176_50_HZ,-0.05766487494111061,1428,8.623194353284141,50,11.247143743106884
177_50_HZ,-0.05766487494111061,1433,8.65338761082365,50,11.213001361345103
178_50_HZ,-0.048704639077186584,1433,7.30878430514182,50,11.213001361345103
179_50_HZ,-0.048704639077186584,1433,7.30878430514182,50,11.213001361345103
180_50_HZ,-0.03927125781774521,1432,5.88906636819042,50,11.219847776751422
181_50_HZ,-0.03927125781774521,1434,5.89729132121862,50,11.206145976411804
182_50_HZ,-0.03998097777366638,1430,5.98712168170129,50,11.233513698983113
183_50_HZ,-0.03998097777366638,1427,5.97456128656486,50,11.253945310878295
184_50_HZ,-0.046398043632507324,1425,6.92377846546415,50,11.267521537840178
185_50_HZ,-0.046398043632507324,1430,6.9480724249921,50,11.233513698983113
186_50_HZ,-0.07283516973257065,1439,10.9756578858679,50,11.171734508840593
187_50_HZ,-0.07283516973257065,1435,10.9451487604034,50,11.199281621951524
188_50_HZ,-0.13240401446819305,1417,19.6471526059575,50,11.321467664608464
189_50_HZ,-0.13240401446819305,1397,19.3698462883011,50,11.453821513974493
190_50_HZ,-0.24180632829666138,1396,35.3493724732894,50,11.460345026409492
191_50_HZ,-0.24180632829666138,1396,35.3493724732894,50,11.460345026409492
192_50_HZ,-0.3609919250011444,1392,52.6217573466043,50,11.486349380879684
193_50_HZ,-0.3609919250011444,1372,51.8656976146128,50,11.614218466755188
194_50_HZ,-0.5219213366508484,1355,74.0581688208923,50,11.72008627351383
195_50_HZ,-0.5219213366508484,1347,73.62092501973571,50,11.769009465172735
196_50_HZ,-0.763865053653717,1335,106.789005307664,50,11.841317909423363
197_50_HZ,-0.763865053653717,1327,106.149071193461,50,11.8888059767653
198_50_HZ,-1.014520287513733,1323,140.55594464678302,50,11.912334741788722
199_50_HZ,-1.014520287513733,1315,139.70602207900203,50,11.958961734540479
200_50_HZ,-1.3051056861877441,1323,180.814864892064,50,11.912334741788722
201_50_HZ,-1.3051056861877441,1327,181.361546267399,50,11.8888059767653
202_50_HZ,-1.5056627988815308,1330,209.704614618549,50,11.871065222964432
203_50_HZ,-1.5056627988815308,1329,209.546941975979,50,11.876987777091703
204_50_HZ,-1.49717116355896,1318,206.640517943597,50,11.94154388371093
205_50_HZ,-1.49717116355896,1318,206.640517943597,50,11.94154388371093
206_50_HZ,-1.513275146484375,1320,209.180132713267,50,11.92988713552299
207_50_HZ,-1.513275146484375,1308,207.278495143147,50,11.99928945303176
208_50_HZ,-1.6033031940460205,1300,218.26677812499202,50,12.044840102545793
209_50_HZ,-1.6033031940460205,1291,216.755700430281,50,12.095398414435026
210_50_HZ,-1.739087462425232,1280,233.109515320899,50,12.156205258776177
211_50_HZ,-1.739087462425232,1271,231.47046404129802,50,12.205149055808825
212_50_HZ,-1.990869402885437,1273,265.399312167649,50,12.194335443157104
213_50_HZ,-1.990869402885437,1272,265.190828811665,50,12.199746734246455
214_50_HZ,-2.1491332054138184,1266,284.921777654209,50,12.232026120715958
215_50_HZ,-2.1491332054138184,1262,284.021550868571,50,12.253366321156006
216_50_HZ,-2.1798295974731445,1265,288.763088884119,50,12.237374625116443
217_50_HZ,-2.1798295974731445,1269,289.676173750155,50,12.215926790352622
218_50_HZ,-2.2364132404327393,1266,296.492944932478,50,12.232026120715958
219_50_HZ,-2.2364132404327393,1267,296.727141571445,50,12.226668646788493
220_50_HZ,-2.2927494049072266,1261,302.7612591272,50,12.258678947448567
221_50_HZ,-2.2927494049072266,1250,300.120201355273,50,12.316525847885972
222_50_HZ,-2.3602705001831055,1238,305.99268927191497,50,12.378393762730667
223_50_HZ,-2.3602705001831055,1231,304.262520592672,50,12.413886906179167
224_50_HZ,-2.505260944366455,1224,321.11677899430504,50,12.448940542805595
225_50_HZ,-2.505260944366455,1202,315.345072182316,50,12.55624783595313
226_50_HZ,-2.7474520206451416,1185,340.93931144263104,50,12.636193709736556
227_50_HZ,-2.7474520206451416,1179,339.213036447985,50,12.663791003121956
228_50_HZ,-3.054278612136841,1169,373.896830591663,50,12.709068929939138
229_50_HZ,-3.054278612136841,1165,372.61745734755095,50,12.72692895391054
230_50_HZ,-3.242386817932129,1167,396.245466465103,50,12.718016880978801
231_50_HZ,-3.242386817932129,1179,400.31996997631296,50,12.663791003121956
232_50_HZ,-3.329639434814453,1190,414.92803857148095,50,12.612949303256745
233_50_HZ,-3.329639434814453,1190,414.92803857148095,50,12.612949303256745
234_50_HZ,-3.2457945346832275,1188,403.799784391232,50,12.622273974429612
235_50_HZ,-3.2457945346832275,1177,400.060897498721,50,12.67291834470124
236_50_HZ,-3.0784895420074463,1169,376.860661290966,50,12.709068929939138
237_50_HZ,-3.0784895420074463,1169,376.860661290966,50,12.709068929939138
238_50_HZ,-3.2495594024658203,1156,393.378787944897,50,12.766589290517809
239_50_HZ,-3.2495594024658203,1142,388.614684976706,50,12.826839053618498
240_50_HZ,-3.4987306594848633,1137,416.58113646935203,50,12.847930773622858
241_50_HZ,-3.4987306594848633,1130,414.016432902698,50,12.87708246149576
242_50_HZ,-3.670212984085083,1126,432.771111558425,50,12.89354323925812
243_50_HZ,-3.670212984085083,1125,432.386767764856,50,12.897636009881257
244_50_HZ,-3.7540576457977295,1125,442.264510314316,50,12.897636009881257
245_50_HZ,-3.7540576457977295,1123,441.47826229597996,50,12.90579464254659
246_50_HZ,-3.7510898113250732,1125,441.914855710795,50,12.897636009881257
247_50_HZ,-3.7510898113250732,1126,442.307668915871,50,12.89354323925812
248_50_HZ,-3.737431764602661,1127,441.08856288745403,50,12.889441499108003
249_50_HZ,-3.737431764602661,1127,441.08856288745403,50,12.889441499108003
250_50_HZ,-3.785496234893799,1133,449.139588919864,50,12.864642698140688
251_50_HZ,-3.785496234893799,1137,450.725253841028,50,12.847930773622858
252_50_HZ,-3.796818256378174,1144,454.856562555685,50,12.818339578927885
253_50_HZ,-3.796818256378174,1137,452.073349323264,50,12.847930773622858
254_50_HZ,-3.7612853050231934,1121,441.540460525987,50,12.913917397103997
255_50_HZ,-3.7612853050231934,1088,428.54239166126104,50,13.042762945469676
256_50_HZ,-3.791212320327759,1053,418.05660119518603,50,13.168743577840981
257_50_HZ,-3.791212320327759,1031,409.32227524429,50,13.242307510485832
258_50_HZ,-4.272461414337158,1020,456.35934638564504,50,13.277461507661197
259_50_HZ,-4.272461414337158,1029,460.386046500813,50,13.248779872078726
260_50_HZ,-4.718672275543213,1047,517.362713083756,50,13.189237005857393
261_50_HZ,-4.718672275543213,1065,526.2572009877749,50,13.126788012894202
262_50_HZ,-4.6305131912231445,1079,523.213772784942,50,13.076207399879078
263_50_HZ,-4.6305131912231445,1085,526.123209890326,50,13.053991822682306
264_50_HZ,-4.341466426849365,1086,493.736128484959,50,13.05025783313841
265_50_HZ,-4.341466426849365,1085,493.28149116591203,50,13.053991822682306
266_50_HZ,-4.216509819030762,1076,475.109834941761,50,13.087194099863222
267_50_HZ,-4.216509819030762,1058,467.161900899984,50,13.15141905916866
268_50_HZ,-4.377357006072998,1033,473.522805935971,50,13.235799270785012
269_50_HZ,-4.377357006072998,1013,464.35489100981397,50,13.299267152936624
270_50_HZ,-4.682067394256592,1002,491.285576354546,50,13.332645183769742
271_50_HZ,-4.682067394256592,1005,492.75649125381096,50,13.323649718775393
272_50_HZ,-4.965782642364502,1014,527.295752861254,50,13.296178969335362
273_50_HZ,-4.965782642364502,1030,535.616001427112,50,13.24554817604577
274_50_HZ,-4.958060264587402,1047,543.609592014443,50,13.189237005857393
275_50_HZ,-4.958060264587402,1061,550.878488182736,50,13.140916713641493
276_50_HZ,-4.719194412231445,1060,523.844469110855,50,13.144426465010863
277_50_HZ,-4.719194412231445,1050,518.9025401569791,50,13.179030654720602
278_50_HZ,-4.594430446624756,1032,496.523695852484,50,13.239057875398911
279_50_HZ,-4.594430446624756,1010,485.93888838276,50,13.308477886578519
280_50_HZ,-4.74425745010376,995,494.333375959376,50,13.353320668645557
281_50_HZ,-4.74425745010376,982,487.874748936791,50,13.390551959193107
282_50_HZ,-5.129624843597412,983,528.04113014149,50,13.38774183092826
283_50_HZ,-5.129624843597412,985,529.115476286234,50,13.38209466581762
284_50_HZ,-5.35944938659668,980,550.015439897698,50,13.396145307141861
285_50_HZ,-5.35944938659668,985,552.821641121666,50,13.38209466581762
286_50_HZ,-5.315699577331543,994,553.318809678453,50,13.356238431234178
287_50_HZ,-5.315699577331543,1000,556.658762251965,50,13.338597312797738
288_50_HZ,-5.240813732147217,1007,552.658431561753,50,13.317607894477586
289_50_HZ,-5.240813732147217,1004,551.011981418073,50,13.326657176633823
290_50_HZ,-5.152984142303467,995,536.92111961018,50,13.353320668645557
291_50_HZ,-5.152984142303467,990,534.223023531737,50,13.36781978631885
292_50_HZ,-5.194672584533691,980,533.1051648141099,50,13.396145307141861
293_50_HZ,-5.194672584533691,969,527.1213313315029,50,13.426267399680862
294_50_HZ,-5.297836780548096,958,531.487078421643,50,13.455304179455155
295_50_HZ,-5.297836780548096,940,521.50089114441,50,13.500477863452856
296_50_HZ,-5.550140857696533,932,541.6871679817609,50,13.519622225534695
297_50_HZ,-5.550140857696533,930,540.524749166349,50,13.524318620785344
298_50_HZ,-5.825666904449463,926,564.9177709004321,50,13.53360377696287
299_50_HZ,-5.825666904449463,932,568.5781452259209,50,13.519622225534695
300_50_HZ,-5.774936676025391,943,570.279193288433,50,13.493150730476978
301_50_HZ,-5.774936676025391,951,575.117192807317,50,13.473217050020809
302_50_HZ,-5.6999406814575195,949,566.454665479492,50,13.478254287296737
303_50_HZ,-5.6999406814575195,943,562.8732871940571,50,13.493150730476978
304_50_HZ,-5.623735427856445,923,543.569650810803,50,13.540473464062714
305_50_HZ,-5.623735427856445,897,528.257829661203,50,13.596629240589502
306_50_HZ,-5.787879943847656,882,534.584954896892,50,13.626268674423672
307_50_HZ,-5.787879943847656,886,537.00937646105,50,13.61856215499481
308_50_HZ,-6.156649112701416,902,581.5399651245081,50,13.586300952962395
309_50_HZ,-6.156649112701416,908,585.408301921345,50,13.57361101341949
310_50_HZ,-6.123507022857666,904,579.691947015892,50,13.582106851222683
311_50_HZ,-6.123507022857666,899,576.4856862469991,50,13.592524834119603
312_50_HZ,-5.925780296325684,903,560.353281860341,50,13.58420838685603
313_50_HZ,-5.925780296325684,906,562.214920670508,50,13.577876871375048
314_50_HZ,-6.026993274688721,905,571.186464966822,50,13.579996346062357
315_50_HZ,-6.026993274688721,900,568.0307386410391,50,13.59045917659418
316_50_HZ,-5.955789566040039,893,556.954138374194,50,13.60473041920553
317_50_HZ,-5.955789566040039,884,551.340938771318,50,13.622433353763203
318_50_HZ,-5.983463287353516,883,553.276148939008,50,13.624355498856929
319_50_HZ,-5.983463287353516,899,563.301537821255,50,13.592524834119603
320_50_HZ,-6.116581916809082,914,585.441627026767,50,13.560598170905267
321_50_HZ,-6.116581916809082,902,577.755303696,50,13.586300952962395
322_50_HZ,-6.0135273933410645,885,557.315594899763,50,13.620502239142496
323_50_HZ,-6.0135273933410645,880,554.1669192223641,50,13.630068116976217
324_50_HZ,-6.03927755355835,870,550.215534421013,50,13.648527158120078
325_50_HZ,-6.03927755355835,867,548.318239474734,50,13.653889964687107
326_50_HZ,-6.341899394989014,864,573.8015418189079,50,13.659172045511305
327_50_HZ,-6.341899394989014,867,575.793908283557,50,13.653889964687107
328_50_HZ,-6.418269634246826,864,580.711338392661,50,13.659172045511305
329_50_HZ,-6.418269634246826,866,582.055577601903,50,13.655659627822153
330_50_HZ,-6.382791519165039,855,571.485714628938,50,13.674533933526925
331_50_HZ,-6.382791519165039,846,565.470075527581,50,13.68916928985708
332_50_HZ,-6.356904029846191,846,563.1766521325769,50,13.68916928985708
333_50_HZ,-6.356904029846191,840,559.182491479155,50,13.698522565363037
334_50_HZ,-6.392464637756348,843,564.318814003509,50,13.693886290481474
335_50_HZ,-6.392464637756348,840,562.310561996379,50,13.698522565363037
336_50_HZ,-6.423793315887451,846,569.1025465523641,50,13.68916928985708
337_50_HZ,-6.423793315887451,855,575.156828962496,50,13.674533933526925
338_50_HZ,-6.413790225982666,859,576.947797253332,50,13.667796123012016
339_50_HZ,-6.413790225982666,869,583.664302460006,50,13.65032372983607
340_50_HZ,-6.321316242218018,867,573.9251037123801,50,13.653889964687107
341_50_HZ,-6.321316242218018,862,570.6152703576371,50,13.662648585092533
342_50_HZ,-6.3290934562683105,847,561.375585586566,50,13.687579017261655
343_50_HZ,-6.3290934562683105,834,552.759431380396,50,13.707552937897677
344_50_HZ,-6.430553436279297,810,545.458850461612,50,13.740445398323057
345_50_HZ,-6.430553436279297,782,526.6034827913339,50,13.7722901198438
346_50_HZ,-6.691953659057617,772,541.0019830940121,50,13.78195902454624
347_50_HZ,-6.691953659057617,772,541.0019830940121,50,13.78195902454624
348_50_HZ,-7.049483299255371,782,577.2881593900639,50,13.7722901198438
349_50_HZ,-7.049483299255371,799,589.837901985501,50,13.753794475407506
350_50_HZ,-7.084961414337158,811,601.709619698568,50,13.739178028698948
351_50_HZ,-7.084961414337158,807,598.741878047773,50,13.744193690033498
352_50_HZ,-6.842385292053223,800,573.226347045947,50,13.752625770580188
353_50_HZ,-6.842385292053223,792,567.494083575487,50,13.761724262443257
354_50_HZ,-6.762800216674805,773,547.437656658838,50,13.781032496947411
355_50_HZ,-6.762800216674805,764,541.063867642112,50,13.789048342365556
356_50_HZ,-6.9927897453308105,767,561.661228936209,50,13.78645711963567
357_50_HZ,-6.9927897453308105,771,564.590361812017,50,13.782876582618089
358_50_HZ,-7.150613784790039,774,579.579338088848,50,13.7800969998216
359_50_HZ,-7.150613784790039,775,580.328148603175,50,13.779152533168809
360_50_HZ,-7.040853977203369,775,571.420301878831,50,13.779152533168809
361_50_HZ,-7.040853977203369,773,569.945668841724,50,13.781032496947411
362_50_HZ,-6.924361705780029,777,563.416264820629,50,13.777236691282283
363_50_HZ,-6.924361705780029,777,563.416264820629,50,13.777236691282283
364_50_HZ,-6.940767765045166,767,557.482839157242,50,13.78645711963567
365_50_HZ,-6.940767765045166,755,548.760812990506,50,13.796337656098236
366_50_HZ,-7.019144058227539,752,552.75236922075,50,13.798605975856805
367_50_HZ,-7.019144058227539,757,556.427584441633,50,13.794780595290952
368_50_HZ,-7.150503635406494,754,564.5944483102639,50,13.797102732211407
369_50_HZ,-7.150503635406494,757,566.840845319456,50,13.794780595290952
370_50_HZ,-7.151438236236572,762,570.659398783072,50,13.790730976550574
371_50_HZ,-7.151438236236572,765,572.906089329462,50,13.788193570982575
372_50_HZ,-7.078833103179932,749,555.228951193869,50,13.800793569872543
373_50_HZ,-7.078833103179932,735,544.850839956601,50,13.809934968235247
374_50_HZ,-7.081169128417969,736,545.772169764523,50,13.809340313134715
375_50_HZ,-7.081169128417969,738,547.255246312796,50,13.808124094352712
376_50_HZ,-7.230528831481934,730,552.740817668663,50,13.812773700833183
377_50_HZ,-7.230528831481934,724,548.197742454948,50,13.815884185560334
378_50_HZ,-7.291591644287109,720,549.773070262237,50,13.81777845150548
379_50_HZ,-7.291591644287109,727,555.11808622312,50,13.814369306068173
380_50_HZ,-7.401241302490234,735,569.66630200805,50,13.809934968235247
381_50_HZ,-7.401241302490234,736,570.4413582012589,50,13.809340313134715
382_50_HZ,-7.298077583312988,732,559.433103178685,50,13.811665116374952
383_50_HZ,-7.298077583312988,727,555.6118388127111,50,13.814369306068173
384_50_HZ,-7.17169189453125,726,545.238922032721,50,13.814883235425874
385_50_HZ,-7.17169189453125,727,545.989939831664,50,13.814369306068173
386_50_HZ,-7.241411209106445,730,553.572736621632,50,13.812773700833183
387_50_HZ,-7.241411209106445,727,551.2977801697621,50,13.814369306068173
388_50_HZ,-7.241631031036377,726,550.556175705865,50,13.814883235425874
389_50_HZ,-7.241631031036377,728,552.072859385496,50,13.813846407183492
390_50_HZ,-7.270293712615967,730,555.780683135699,50,13.812773700833183
391_50_HZ,-7.270293712615967,728,554.2579963325879,50,13.813846407183492
392_50_HZ,-7.29150915145874,726,554.348244631901,50,13.814883235425874
393_50_HZ,-7.29150915145874,726,554.348244631901,50,13.814883235425874
394_50_HZ,-7.293570518493652,714,545.339570757852,50,13.820350764613767
395_50_HZ,-7.293570518493652,700,534.646637997894,50,13.825097094755758
396_50_HZ,-7.425809383392334,686,533.4534668442669,50,13.828085397609467
397_50_HZ,-7.425809383392334,671,521.789032438052,50,13.829336278548633
398_50_HZ,-7.658657073974609,660,529.3283770892671,50,13.828970948879066
399_50_HZ,-7.658657073974609,654,524.51630093391,50,13.828314232274177
400_50_HZ,-7.864957809448242,659,542.7632436937209,50,13.828883919929037
401_50_HZ,-7.864957809448242,661,544.410476603262,50,13.829049008302114
402_50_HZ,-7.879220485687256,647,533.8461965926899,50,13.827139949424172
403_50_HZ,-7.879220485687256,631,520.6444359350651,50,13.822805481373928
404_50_HZ,-7.7567644119262695,621,504.42991307835405,50,13.818930400334992
405_50_HZ,-7.7567644119262695,620,503.617626583864,50,13.818493559832703
406_50_HZ,-7.954793453216553,627,522.306069434203,50,13.821363083282126
407_50_HZ,-7.954793453216553,645,537.3005020495391,50,13.826723714295625
408_50_HZ,-8.003682136535645,649,543.955240698556,50,13.827520306444793
409_50_HZ,-8.003682136535645,653,547.307815371582,50,13.828173386162263
410_50_HZ,-7.799497604370117,660,539.062588582343,50,13.828970948879066
411_50_HZ,-7.799497604370117,670,547.2302035608631,50,13.829347914395395
412_50_HZ,-7.706913948059082,677,546.3837746613019,50,13.829078103401454
413_50_HZ,-7.706913948059082,687,554.454436030007,50,13.827930249331008
414_50_HZ,-7.6133131980896,688,548.517836135939,50,13.827766131525566
415_50_HZ,-7.6133131980896,684,545.328778949102,50,13.828368785585443
416_50_HZ,-7.467471122741699,675,527.8444170515841,50,13.829200039891772
417_50_HZ,-7.467471122741699,672,525.498441864688,50,13.82931567317489
418_50_HZ,-7.535734176635742,661,521.621687457025,50,13.829049008302114
419_50_HZ,-7.535734176635742,638,503.47146232614506,50,13.824984351245813
420_50_HZ,-7.742914199829102,617,500.28585851810806,50,13.817129221163947
421_50_HZ,-7.742914199829102,592,480.014956633258,50,13.802620397814295
422_50_HZ,-8.074470520019531,565,477.73948057203603,50,13.780654260655977
423_50_HZ,-8.074470520019531,543,459.137235310824,50,13.757921351632342
424_50_HZ,-8.371292114257812,531,465.49567787643196,50,13.743691799569863
425_50_HZ,-8.371292114257812,518,454.099361845559,50,13.726818903367759
426_50_HZ,-8.559845924377441,507,454.467162433403,50,13.711357859789095
427_50_HZ,-8.559845924377441,523,468.809321405661,50,13.733487869369727
428_50_HZ,-8.582426071166992,587,527.565964881565,50,13.799045918620786
429_50_HZ,-8.582426071166992,695,624.630912423658,50,13.826366160132014
430_50_HZ,-8.158638954162598,775,662.137308591703,50,13.779152533168809
431_50_HZ,-8.158638954162598,775,662.137308591703,50,13.779152533168809
432_50_HZ,-6.652930736541748,754,525.306727540594,50,13.797102732211407
433_50_HZ,-6.652930736541748,757,527.396807358395,50,13.794780595290952
434_50_HZ,-6.5040106773376465,718,489.028643662197,50,13.818671767316166
435_50_HZ,-6.5040106773376465,650,442.713953176084,50,13.82769703066463
436_50_HZ,-7.314428806304932,603,461.876999630566,50,13.809694933665682
437_50_HZ,-7.314428806304932,583,446.557696160232,50,13.79602488378032
438_50_HZ,-8.196345329284668,578,496.10853443500105,50,13.792046775872663
439_50_HZ,-8.196345329284668,586,502.975088544828,50,13.798304114201141
440_50_HZ,-8.563874244689941,603,540.774513084034,50,13.809694933665682
441_50_HZ,-8.563874244689941,608,545.2585471892089,50,13.812551850700707
442_50_HZ,-8.173282623291016,607,519.53382514059,50,13.811998406347666
443_50_HZ,-8.173282623291016,611,522.957441780726,50,13.814158366597951
444_50_HZ,-7.973288536071777,609,508.4911297146289,50,13.81309632552677
445_50_HZ,-7.973288536071777,605,505.15128649811305,50,13.810864609060635
446_50_HZ,-8.021050453186035,600,503.97746865484606,50,13.807873149120894
447_50_HZ,-8.021050453186035,598,502.297543759329,50,13.80661377845613
448_50_HZ,-8.058067321777344,596,502.927963814938,50,13.805318529683444
449_50_HZ,-8.058067321777344,592,499.55260835309304,50,13.802620397814295
450_50_HZ,-8.114419937133789,577,490.30003068544096,50,13.79122424571019
451_50_HZ,-8.114419937133789,559,475.004709104266,50,13.774884913671894
452_50_HZ,-8.18088150024414,552,472.898362270096,50,13.767745895379493
453_50_HZ,-8.18088150024414,540,462.617963090312,50,13.754485052230967
454_50_HZ,-8.400699615478516,512,450.416232713669,50,13.71852014977502
455_50_HZ,-8.400699615478516,482,424.024656578103,50,13.672182837241571
456_50_HZ,-8.569253921508789,465,417.27713221803697,50,13.642341700777024
457_50_HZ,-8.569253921508789,465,417.27713221803697,50,13.642341700777024
458_50_HZ,-8.821011543273926,486,448.934829328067,50,13.678827560982379
459_50_HZ,-8.821011543273926,505,466.485779445831,50,13.708430157105857
460_50_HZ,-8.676918983459473,518,470.678043256873,50,13.726818903367759
461_50_HZ,-8.676918983459473,520,472.495332999177,50,13.72951339834949
462_50_HZ,-8.325408935546875,515,448.99489619056,50,13.722709889442804
463_50_HZ,-8.325408935546875,515,448.99489619056,50,13.722709889442804
464_50_HZ,-8.358603477478027,516,451.66041531776904,50,13.724088530278104
465_50_HZ,-8.358603477478027,507,443.78261737618004,50,13.711357859789095
466_50_HZ,-8.46474838256836,485,429.916814871322,50,13.677179834337649
467_50_HZ,-8.46474838256836,467,413.96113926785,50,13.645986965618745
468_50_HZ,-8.607321739196777,455,410.117259217252,50,13.623577204949553
469_50_HZ,-8.607321739196777,447,402.906406307938,50,13.607919802344943
470_50_HZ,-8.788565635681152,453,416.912388403697,50,13.619716671460289
471_50_HZ,-8.788565635681152,463,426.11575238611897,50,13.638660557827379
472_50_HZ,-8.712237358093262,482,439.74947757299,50,13.672182837241571
473_50_HZ,-8.712237358093262,495,451.609940661058,50,13.693253472070804
474_50_HZ,-8.502309799194336,505,449.631702951836,50,13.708430157105857
475_50_HZ,-8.502309799194336,517,460.316020645741,50,13.725458201586422
476_50_HZ,-8.349943161010742,522,456.438864710348,50,13.732172015223295
477_50_HZ,-8.349943161010742,514,449.44363306727803,50,13.721322279080525
478_50_HZ,-8.323188781738281,505,440.15917869417797,50,13.708430157105857
479_50_HZ,-8.323188781738281,498,434.05796235584296,50,13.697900657614621
480_50_HZ,-8.44284439086914,487,430.57256604954904,50,13.680466318100128
481_50_HZ,-8.44284439086914,468,413.774047045562,50,13.647796143749133
482_50_HZ,-8.632796287536621,443,400.482784067816,50,13.599875832395092
483_50_HZ,-8.632796287536621,427,386.018394575525,50,13.566264828278724
484_50_HZ,-8.809456825256348,416,383.770041665128,50,13.541825288192037
485_50_HZ,-8.809456825256348,411,379.15742097203696,50,13.53035762525521
486_50_HZ,-8.934443473815918,406,379.85875091684903,50,13.518665724143856
487_50_HZ,-8.934443473815918,402,376.1163001689,50,13.509150751769115
488_50_HZ,-8.960858345031738,391,366.906165812105,50,13.482244591762639
489_50_HZ,-8.960858345031738,377,353.76886064236203,50,13.446430720896352
490_50_HZ,-8.964356422424316,372,349.213232354446,50,13.433214000198221
491_50_HZ,-8.964356422424316,365,342.642015616593,50,13.414333871087635
492_50_HZ,-9.072287559509277,366,347.71746971215003,50,13.41705794097009
493_50_HZ,-9.072287559509277,375,356.267899295236,50,13.441170941198042
494_50_HZ,-9.095446586608887,383,364.797136090776,50,13.461994791343734
495_50_HZ,-9.095446586608887,393,374.321865492624,50,13.487217346597555
496_50_HZ,-8.919486045837402,398,371.750469726763,50,13.499492266962676
497_50_HZ,-8.919486045837402,394,368.014284101368,50,13.48969026972454
498_50_HZ,-8.799686431884766,393,362.14989444811704,50,13.487217346597555
499_50_HZ,-8.799686431884766,381,351.0918824039,50,13.456842645969198
500_50_HZ,-8.80728530883789,360,332.026839107849,50,13.40057897877064
501_50_HZ,-8.80728530883789,345,318.192387478355,50,13.357968872772505
502_50_HZ,-8.933019638061523,321,300.283827701934,50,13.285594964548357
503_50_HZ,-8.933019638061523,303,283.445482223321,50,13.227924052181411
504_50_HZ,-9.1817626953125,276,265.377283082193,50,13.13596869599001
505_50_HZ,-9.1817626953125,253,243.262509492011,50,13.052478877516569
506_50_HZ,-9.398660659790039,242,238.182568760302,50,13.010871662788164
507_50_HZ,-9.398660659790039,251,247.04059817700798,50,13.04499465512696
508_50_HZ,-9.546927452087402,256,255.93648105998702,50,13.063637939648622
509_50_HZ,-9.546927452087402,263,262.934744213971,50,13.089361817845745
510_50_HZ,-9.409420013427734,275,270.971855632844,50,13.13243736867926
511_50_HZ,-9.409420013427734,296,291.66425188117,50,13.204711641538982
512_50_HZ,-9.167746543884277,327,313.934433352077,50,13.30417279606137
513_50_HZ,-9.167746543884277,333,319.69469818422505,50,13.322427724603065
514_50_HZ,-8.963053703308105,331,310.67952282053903,50,13.316378626530424
515_50_HZ,-8.963053703308105,335,314.433958141633,50,13.328440944567783
516_50_HZ,-8.947397232055664,320,299.830172198759,50,13.282467265951754
517_50_HZ,-8.947397232055664,293,274.532001419489,50,13.194628922644652
518_50_HZ,-9.177395820617676,262,251.796316290254,50,13.085713886684243
519_50_HZ,-9.177395820617676,250,240.263660582303,50,13.041239089641685
520_50_HZ,-9.49245548248291,239,237.577373079077,50,12.999335880522905
521_50_HZ,-9.49245548248291,232,230.619039976343,50,12.972105121792966
522_50_HZ,-9.621615409851074,232,233.75697713302299,50,12.972105121792966
523_50_HZ,-9.621615409851074,230,231.741830778428,50,12.964244179270155
524_50_HZ,-9.514625549316406,234,233.150397061814,50,12.979930186207854
525_50_HZ,-9.514625549316406,233,232.154027843601,50,12.9760221387639
526_50_HZ,-9.429009437561035,230,227.102810677798,50,12.964244179270155
527_50_HZ,-9.429009437561035,233,230.065021251857,50,12.9760221387639
528_50_HZ,-9.428285598754883,224,221.161413068566,50,12.940446083054175
529_50_HZ,-9.428285598754883,216,213.26279117325998,50,12.908212994588595
530_50_HZ,-9.48741340637207,220,218.574311549913,50,12.924401295037233
531_50_HZ,-9.48741340637207,217,215.593752756051,50,12.912273523991226
532_50_HZ,-9.547747611999512,225,224.963498688703,50,12.944434856240957
533_50_HZ,-9.547747611999512,222,221.963985372853,50,12.932441628099665
534_50_HZ,-9.454483985900879,201,199.004322112289,50,12.846228710311404
535_50_HZ,-9.454483985900879,187,185.14332455222902,50,12.786555897675541
536_50_HZ,-9.534479141235352,167,166.740871017774,50,12.698259383307896
537_50_HZ,-9.534479141235352,148,147.770352758267,50,12.611054484912156
538_50_HZ,-9.724455833435059,140,142.567966774502,50,12.573367924042103
539_50_HZ,-9.724455833435059,137,139.512938915048,50,12.559087466520644
540_50_HZ,-9.811688423156738,134,137.681994742337,50,12.544726283256358
541_50_HZ,-9.811688423156738,130,133.572084451521,50,12.525452465526241
542_50_HZ,-9.676472663879395,131,132.744643652706,50,12.530284374249241
543_50_HZ,-9.676472663879395,132,133.75796154318502,50,12.53510731344526
544_50_HZ,-9.636354446411133,135,136.230757416584,50,12.549522313871435
545_50_HZ,-9.636354446411133,134,135.221640694979,50,12.544726283256358
546_50_HZ,-9.651769638061523,134,135.437954156215,50,12.544726283256358
547_50_HZ,-9.651769638061523,140,141.50234016321,50,12.573367924042103
548_50_HZ,-9.650056838989258,142,143.49833242134898,50,12.582843381421501
549_50_HZ,-9.650056838989258,137,138.44557423749902,50,12.559087466520644
550_50_HZ,-9.781243324279785,127,130.084758083278,50,12.510902922195353
551_50_HZ,-9.781243324279785,130,133.15762638445798,50,12.525452465526241
552_50_HZ,-9.715144157409668,135,137.344610313992,50,12.549522313871435
553_50_HZ,-9.715144157409668,140,142.431447733029,50,12.573367924042103
554_50_HZ,-9.635027885437012,149,150.33768882576402,50,12.615724942149498
555_50_HZ,-9.635027885437012,315,317.82799986654805,50,13.266694230064026
556_50_HZ,-9.32382869720459,683,666.873710927911,50,13.828497025282958
557_50_HZ,-9.32382869720459,1030,1005.68070608455,50,13.24554817604577
558_50_HZ,-7.019418716430664,1263,928.395711606828,50,12.248044725336467
559_50_HZ,-7.019418716430664,1395,1025.42519215481,50,11.466859569317513
560_50_HZ,-1.812764286994934,1437,272.788918314086,50,11.18552600445002
561_50_HZ,-1.812764286994934,1444,274.117743942617,50,11.137098803094858
562_50_HZ,-0.14207737147808075,1451,21.588423453441802,50,11.088232094917622
563_50_HZ,-0.14207737147808075,1460,21.7223282164198,50,11.024757664175684
564_50_HZ,-0.03983312100172043,1444,6.0233783647036105,50,11.137098803094858
565_50_HZ,-0.03983312100172043,1435,5.98583653279064,50,11.199281621951524
566_50_HZ,-0.02625969611108303,1437,3.9516192249063904,50,11.18552600445002
567_50_HZ,-0.02625969611108303,1422,3.9103705899908796,50,11.287818606830644
568_50_HZ,-0.021971795707941055,1430,3.29025991827223,50,11.233513698983113
569_50_HZ,-0.021971795707941055,1425,3.27875551296358,50,11.267521537840178
570_50_HZ,-0.023509524762630463,1432,3.5254576526441,50,11.219847776751422
571_50_HZ,-0.023509524762630463,1440,3.5451529467929497,50,11.164825306745408
572_50_HZ,-0.025254257023334503,1441,3.81089696756174,50,11.157907135123242
573_50_HZ,-0.025254257023334503,1437,3.80031848881764,50,11.18552600445002
574_50_HZ,-0.02501768432557583,1436,3.76209846988916,50,11.192408297964263
575_50_HZ,-0.02501768432557583,1444,3.78305723573813,50,11.137098803094858
576_50_HZ,-0.02345038205385208,1446,3.55096863270672,50,11.123181734107694
577_50_HZ,-0.02345038205385208,1446,3.55096863270672,50,11.123181734107694
578_50_HZ,-0.02670327201485634,1447,4.04633315124957,50,11.116209745323642
579_50_HZ,-0.02670327201485634,1451,4.05751859188882,50,11.088232094917622
01_50_HZ,-0.00505676586180925,0,0.0,50,14.090327762542112
02_50_HZ,-0.00505676586180925,0,0.0,50,14.090327762542112
03_50_HZ,-0.00532291131094098,0,0.0,50,14.090327762542112
04_50_HZ,-0.00532291131094098,0,0.0,50,14.090327762542112
05_50_HZ,-0.00683106994256377,0,0.0,50,14.090327762542112
06_50_HZ,-0.00683106994256377,0,0.0,50,14.090327762542112
07_50_HZ,-0.00629877857863903,0,0.0,50,14.090327762542112
08_50_HZ,-0.00629877857863903,0,0.0,50,14.090327762542112
09_50_HZ,-0.00490890722721815,0,0.0,50,14.090327762542112
10_50_HZ,-0.00490890722721815,0,0.0,50,14.090327762542112
11_50_HZ,-0.00550034176558256,0,0.0,50,14.090327762542112
12_50_HZ,-0.00550034176558256,0,0.0,50,14.090327762542112
13_50_HZ,-0.00411047041416168,0,0.0,50,14.090327762542112
14_50_HZ,-0.00411047041416168,0,0.0,50,14.090327762542112
15_50_HZ,-0.00416961405426264,0,0.0,50,14.090327762542112
16_50_HZ,-0.00416961405426264,0,0.0,50,14.090327762542112
17_50_HZ,-0.00517505267634988,0,0.0,50,14.090327762542112
18_50_HZ,-0.00517505267634988,0,0.0,50,14.090327762542112
19_50_HZ,-0.00490890722721815,0,0.0,50,14.090327762542112
20_50_HZ,-0.00490890722721815,0,0.0,50,14.090327762542112
21_50_HZ,-0.00597348948940635,0,0.0,50,14.090327762542112
22_50_HZ,-0.00597348948940635,0,0.0,50,14.090327762542112
23_50_HZ,-0.00564820040017366,0,0.0,50,14.090327762542112
24_50_HZ,-0.00564820040017366,0,0.0,50,14.090327762542112
25_50_HZ,-0.00656492402777076,0,0.0,50,14.090327762542112
26_50_HZ,-0.00656492402777076,0,0.0,50,14.090327762542112
27_50_HZ,-0.00836879946291447,0,0.0,50,14.090327762542112
28_50_HZ,-0.00836879946291447,0,0.0,50,14.090327762542112
29_50_HZ,-0.00845751445740461,0,0.0,50,14.090327762542112
30_50_HZ,-0.00845751445740461,0,0.0,50,14.090327762542112
31_50_HZ,-0.00706764357164502,0,0.0,50,14.090327762542112
32_50_HZ,-0.00706764357164502,0,0.0,50,14.090327762542112
33_50_HZ,-0.00541162677109242,0,0.0,50,14.090327762542112
34_50_HZ,-0.00541162677109242,0,0.0,50,14.090327762542112
35_50_HZ,-0.00671278266236186,0,0.0,50,14.090327762542112
36_50_HZ,-0.00671278266236186,0,0.0,50,14.090327762542112
37_50_HZ,-0.00697892857715488,0,0.0,50,14.090327762542112
38_50_HZ,-0.00697892857715488,0,0.0,50,14.090327762542112
39_50_HZ,-0.00535248313099146,0,0.0,50,14.090327762542112
40_50_HZ,-0.00535248313099146,0,0.0,50,14.090327762542112
41_50_HZ,-0.00366689451038837,0,0.0,50,14.090327762542112
42_50_HZ,-0.00366689451038837,0,0.0,50,14.090327762542112
43_50_HZ,-0.00564820040017366,0,0.0,50,14.090327762542112
44_50_HZ,-0.00564820040017366,0,0.0,50,14.090327762542112
45_50_HZ,-0.00757036311551929,0,0.0,50,14.090327762542112
46_50_HZ,-0.00757036311551929,0,0.0,50,14.090327762542112
47_50_HZ,-0.00774779357016087,0,0.0,50,14.090327762542112
48_50_HZ,-0.00774779357016087,0,0.0,50,14.090327762542112
49_50_HZ,-0.00804351083934307,0,0.0,50,14.090327762542112
50_50_HZ,-0.00804351083934307,0,0.0,50,14.090327762542112
51_50_HZ,-0.00745207583531737,0,0.0,50,14.090327762542112
52_50_HZ,-0.00745207583531737,0,0.0,50,14.090327762542112
53_50_HZ,-0.00644663721323013,0,0.0,50,14.090327762542112
54_50_HZ,-0.00644663721323013,0,0.0,50,14.090327762542112
55_50_HZ,-0.00727464584633708,0,0.0,50,14.090327762542112
56_50_HZ,-0.00727464584633708,0,0.0,50,14.090327762542112
57_50_HZ,-0.0070972153916955,0,0.0,50,14.090327762542112
58_50_HZ,-0.0070972153916955,0,0.0,50,14.090327762542112
59_50_HZ,-0.0070972153916955,5,0.00371609323563203,50,14.087710527785498
60_50_HZ,-0.0070972153916955,85,0.0631735850057445,50,14.03713999420003
61_50_HZ,-0.0100580882281065,219,0.23066843695966,50,13.915767962355138
62_50_HZ,-0.0100580882281065,337,0.35495553997902,50,13.770866362956035
63_50_HZ,-0.0285253971815109,447,1.33526617999307,50,13.60372021562934
64_50_HZ,-0.0285253971815109,560,1.67281669081906,50,13.399794993231032
65_50_HZ,-0.0352582708001137,667,2.46272241286818,50,13.176598384943084
66_50_HZ,-0.0352582708001137,757,2.79502378791785,50,12.966192566393515
67_50_HZ,-0.0340765826404095,834,2.9761218500162503,50,12.769736619469427
68_50_HZ,-0.0340765826404095,900,3.21164228419019,50,12.589277968135935
69_50_HZ,-0.0294597558677197,956,2.94927758547599,50,12.427425842621892
70_50_HZ,-0.0294597558677197,997,3.0757633396648103,50,12.30384179883154
71_50_HZ,-0.0214627515524626,1032,2.31949640494536,50,12.194942032497122
72_50_HZ,-0.0214627515524626,1058,2.37793332987615,50,12.112017134237371
73_50_HZ,-0.0152245378121734,1083,1.72663759942025,50,12.030651384364019
74_50_HZ,-0.0152245378121734,1105,1.76171241676766,50,11.95772740684106
75_50_HZ,-0.011459625326097,1126,1.35125532383802,50,11.886963540265597
76_50_HZ,-0.011459625326097,1143,1.3716561591002199,50,11.828852501558226
77_50_HZ,-0.0107451165094972,1172,1.31876478495943,50,11.728016195357728
78_50_HZ,-0.0107451165094972,1199,1.3491458849542202,50,11.632200807825582
79_50_HZ,-0.0119542852044106,1222,1.52976047402059,50,11.549109852211357
80_50_HZ,-0.0119542852044106,1234,1.54478267180148,50,11.505221018908454
81_50_HZ,-0.0122016156092286,1257,1.60613194618711,50,11.420071446861545
82_50_HZ,-0.0122016156092286,1260,1.6099651966553399,50,11.408865246730118
83_50_HZ,-0.01401536911726,1270,1.86396120741038,50,11.371345022604912
84_50_HZ,-0.01401536911726,1299,1.9065241011229,50,11.261090226563944
85_50_HZ,-0.0159665271639824,1318,2.20371036940583,50,11.187688202612247
86_50_HZ,-0.0159665271639824,1336,2.23380656564961,50,11.11729786634355
87_50_HZ,-0.0170382913202047,1357,2.42122143313672,50,11.034128598134604
88_50_HZ,-0.0170382913202047,1381,2.46404333025925,50,10.937697070649039
89_50_HZ,-0.0137680387124419,1391,2.0055238378777602,50,10.89708252865607
90_50_HZ,-0.0137680387124419,1408,2.03003419391221,50,10.827450909788146
91_50_HZ,-0.00969952717423439,1426,1.44843404742975,50,10.75291776777914
92_50_HZ,-0.00969952717423439,1440,1.4626542975447698,50,10.69437471381792
93_50_HZ,-0.00647620903328061,1452,0.9847275465101331,50,10.643796016430665
94_50_HZ,-0.00647620903328061,1445,0.979980237401613,50,10.673345009104375
95_50_HZ,-0.00783650856465101,1442,1.1833589234433899,50,10.685970503794984
96_50_HZ,-0.00783650856465101,1428,1.17187000185656,50,10.744585161806036
97_50_HZ,-0.00473147677257657,1426,0.7065531938681711,50,10.75291776777914
98_50_HZ,-0.00473147677257657,1440,0.7134899012413509,50,10.69437471381792
99_50_HZ,-0.00384432496502996,1443,0.580918275060178,50,10.681764562852274
100_50_HZ,-0.00384432496502996,1437,0.578502814457017,50,10.706961849196118
101_50_HZ,-0.00609177630394697,1431,0.912876883799187,50,10.732067073190176
102_50_HZ,-0.00609177630394697,1432,0.91351481313797,50,10.727889262409903
103_50_HZ,-0.00544119859114289,1442,0.821652988353147,50,10.685970503794984
104_50_HZ,-0.00544119859114289,1433,0.816524779687974,50,10.723708894342133
105_50_HZ,-0.00399218359962106,1444,0.603679346128424,50,10.677556064622072
106_50_HZ,-0.00399218359962106,1451,0.606605769551485,50,10.648024972960819
107_50_HZ,-0.00405132723972201,1450,0.615168267715253,50,10.65225137220348
108_50_HZ,-0.00405132723972201,1448,0.6143197597597839,50,10.66069649882632
109_50_HZ,-0.004820192232728,1432,0.722829682240239,50,10.727889262409903
110_50_HZ,-0.004820192232728,1433,0.7233344515714131,50,10.723708894342133
111_50_HZ,-0.00156730168964714,1427,0.234209872920072,50,10.748752743436336
112_50_HZ,-0.00156730168964714,1435,0.235522892529995,50,10.715340486344115
113_50_HZ,-0.000739293231163174,1437,0.111250541241734,50,10.706961849196118
114_50_HZ,-0.000739293231163174,1448,0.11210214594156599,50,10.66069649882632
115_50_HZ,-0.00248402543365955,1450,0.377183463416651,50,10.65225137220348
116_50_HZ,-0.00248402543365955,1450,0.377183463416651,50,10.65225137220348
117_50_HZ,-0.00325289042666554,1442,0.491205590863294,50,10.685970503794984
118_50_HZ,-0.00325289042666554,1435,0.48882109770376303,50,10.715340486344115
119_50_HZ,-0.00212916452437639,1434,0.31973266199378103,50,10.71952596898687
120_50_HZ,-0.00212916452437639,1438,0.320624524370332,50,10.70276869469088
121_50_HZ,0.000443575961980969,1432,0.0665180689178134,50,10.727889262409903
122_50_HZ,0.000443575961980969,1446,0.067168385234049,50,10.669131396299184
123_50_HZ,-0.00195173418615013,1442,0.294723354517977,50,10.685970503794984
124_50_HZ,-0.00195173418615013,1442,0.294723354517977,50,10.685970503794984
125_50_HZ,-0.00570734404027462,1447,0.864830895006828,50,10.6649152262065
126_50_HZ,-0.00570734404027462,1440,0.8606471933723789,50,10.69437471381792
127_50_HZ,-0.00493847904726863,1440,0.7447050844206601,50,10.69437471381792
128_50_HZ,-0.00493847904726863,1439,0.744187928112035,50,10.698572982898147
129_50_HZ,-0.00275017088279128,1432,0.41241202729044296,50,10.727889262409903
130_50_HZ,-0.00275017088279128,1435,0.41327601896772803,50,10.715340486344115
131_50_HZ,-0.00118286919314414,1435,0.177753126437733,50,10.715340486344115
132_50_HZ,-0.00118286919314414,1440,0.178372475310338,50,10.69437471381792
133_50_HZ,-0.00425832904875279,1440,0.642140911117215,50,10.69437471381792
134_50_HZ,-0.00425832904875279,1438,0.641249048740663,50,10.70276869469088
135_50_HZ,-0.00479062041267753,1442,0.723411870180488,50,10.685970503794984
136_50_HZ,-0.00479062041267753,1442,0.723411870180488,50,10.685970503794984
137_50_HZ,-0.00322331860661507,1447,0.48842781116966,50,10.6649152262065
138_50_HZ,-0.00322331860661507,1447,0.48842781116966,50,10.6649152262065
139_50_HZ,-0.0102613903582096,1447,1.55490321537497,50,10.6649152262065
140_50_HZ,-0.0102613903582096,1427,1.53341180949556,50,10.748752743436336
141_50_HZ,-0.033224668353796,1428,4.96841061364223,50,10.744585161806036
142_50_HZ,-0.033224668353796,1431,4.97884845106585,50,10.732067073190176
143_50_HZ,-0.0841471776366234,1421,12.5216695036062,50,10.773704530180753
144_50_HZ,-0.0841471776366234,1410,12.4247389163158,50,10.819210366164828
145_50_HZ,-0.162111103534699,1402,23.8006809353781,50,10.852111165758245
146_50_HZ,-0.162111103534699,1404,23.834633404615403,50,10.843901309584854
147_50_HZ,-0.280032575130463,1390,40.761668886647094,50,10.90115549064909
148_50_HZ,-0.280032575130463,1383,40.556394295131696,50,10.929594620550397
149_50_HZ,-0.459759056568146,1383,66.5857189948532,50,10.929594620550397
150_50_HZ,-0.459759056568146,1364,65.6709477288357,50,11.00615489455721
151_50_HZ,-0.692276775836945,1353,98.0858086888356,50,11.050057311282533
152_50_HZ,-0.692276775836945,1349,97.7958284709824,50,11.065945107830558
153_50_HZ,-0.911823391914368,1330,126.996278688121,50,11.140853374116233
154_50_HZ,-0.911823391914368,1330,126.996278688121,50,11.140853374116233
155_50_HZ,-1.10666453838348,1324,153.437879260273,50,11.164316819539131
156_50_HZ,-1.10666453838348,1319,152.858431075756,50,11.183799365318794
157_50_HZ,-1.33192718029022,1309,182.57813132929198,50,11.222572660316072
158_50_HZ,-1.33192718029022,1303,181.741256777745,50,11.245713887514723
159_50_HZ,-1.5962131023407,1290,215.63000829841,50,11.295537388106293
160_50_HZ,-1.5962131023407,1284,214.62707802725402,50,11.318387084530627
161_50_HZ,-1.77327394485474,1276,236.94913151738,50,11.348710138330073
162_50_HZ,-1.77327394485474,1251,232.30671122903,50,11.442414800362066
163_50_HZ,-1.9701486825943,1242,256.241345850252,50,11.475757213706997
164_50_HZ,-1.9701486825943,1257,259.33604809482,50,11.420071446861545
165_50_HZ,-2.32242894172668,1264,307.410111333565,50,11.393887844529964
166_50_HZ,-2.32242894172668,1261,306.680498727552,50,11.40512473211132
167_50_HZ,-2.2629873752594,1253,296.93529685644296,50,11.434977245011869
168_50_HZ,-2.2629873752594,1259,298.35717377674496,50,11.412603204061421
169_50_HZ,-2.1880738735199,1256,287.7930088788,50,11.423801732330368
170_50_HZ,-2.1880738735199,1253,287.10560519517196,50,11.434977245011869
171_50_HZ,-2.22739934921265,1238,288.766861700459,50,11.490509574607678
172_50_HZ,-2.22739934921265,1225,285.734576399888,50,11.5381721672668
173_50_HZ,-2.3148717880249,1215,294.531555275667,50,11.574541612019699
174_50_HZ,-2.3148717880249,1215,294.531555275667,50,11.574541612019699
175_50_HZ,-2.57066607475281,1219,328.154203815066,50,11.560024521568469
176_50_HZ,-2.57066607475281,1215,327.077405771374,50,11.574541612019699
177_50_HZ,-2.72203207015991,1215,346.336381333295,50,11.574541612019699
178_50_HZ,-2.72203207015991,1215,346.336381333295,50,11.574541612019699
179_50_HZ,-2.74591302871704,1216,349.662431179321,50,11.570916175338132
180_50_HZ,-2.74591302871704,1213,348.79977715503003,50,11.58178481352035
181_50_HZ,-2.74368715286255,1212,348.229704893954,50,11.585402578339435
182_50_HZ,-2.74368715286255,1220,350.528250800845,50,11.556388855736925
183_50_HZ,-2.7276930809021,1234,352.483893459769,50,11.505221018908454
184_50_HZ,-2.7276930809021,1235,352.76953680941295,50,11.501546993764501
185_50_HZ,-2.7077968120575,1220,345.94296954256,50,11.556388855736925
186_50_HZ,-2.7077968120575,1206,341.973132187154,50,11.60705546421657
187_50_HZ,-2.66954302787781,1195,334.066900572204,50,11.646513315277291
188_50_HZ,-2.66954302787781,1196,334.346454463897,50,11.642939024345605
189_50_HZ,-2.84984660148621,1205,359.614464540219,50,11.610655328023196
190_50_HZ,-2.84984660148621,1218,363.49412266388896,50,11.563657630112518
191_50_HZ,-2.94718480110168,1223,377.45261070674104,50,11.545466514517333
192_50_HZ,-2.94718480110168,1219,376.218096853244,50,11.560024521568469
193_50_HZ,-2.9057981967926,1210,368.196312305824,50,11.592630436115122
194_50_HZ,-2.9057981967926,1204,366.370545467944,50,11.614252634542328
195_50_HZ,-2.86927580833435,1202,361.16476686247,50,11.621439575718112
196_50_HZ,-2.86927580833435,1195,359.061477870759,50,11.646513315277291
197_50_HZ,-2.911376953125,1181,360.061708750818,50,11.696284873134028
198_50_HZ,-2.911376953125,1169,356.403164716094,50,11.738547271590736
199_50_HZ,-3.0901415348053,1165,376.992672451235,50,11.752552904543164
200_50_HZ,-3.0901415348053,1154,373.433084986031,50,11.790857418944082
201_50_HZ,-3.28602695465088,1148,395.040496267242,50,11.811620368773298
202_50_HZ,-3.28602695465088,1147,394.696384336695,50,11.81507190990527
203_50_HZ,-3.40905976295471,1145,408.760318423395,50,11.821967320306737
204_50_HZ,-3.40905976295471,1143,408.04632660082103,50,11.828852501558226
205_50_HZ,-3.46339011192322,1140,413.461302260565,50,11.839161093779254
206_50_HZ,-3.46339011192322,1140,413.461302260565,50,11.839161093779254
207_50_HZ,-3.55556178092957,1129,420.36909011898297,50,11.876762354119318
208_50_HZ,-3.55556178092957,1125,418.879739932556,50,11.890358821072702
209_50_HZ,-3.6539990901947,1118,427.798096439716,50,11.914054182672606
210_50_HZ,-3.6539990901947,1117,427.41545055739,50,11.91742900517976
211_50_HZ,-3.70024967193604,1117,432.825487885449,50,11.91742900517976
212_50_HZ,-3.70024967193604,1118,433.212977131542,50,11.914054182672606
213_50_HZ,-3.76015853881836,1115,439.04561593464496,50,11.924170978331581
214_50_HZ,-3.76015853881836,1113,438.25809016615204,50,11.93090272233343
215_50_HZ,-3.82212853431702,1119,447.882389245465,50,11.910676802877958
216_50_HZ,-3.82212853431702,1116,446.68163216974,50,11.920801270399418
217_50_HZ,-3.82745981216431,1112,445.701448153615,50,11.934264758403113
218_50_HZ,-3.82745981216431,1107,443.697394879543,50,11.951036579439117
219_50_HZ,-3.76010370254517,1100,433.132841476483,50,11.974409722814773
220_50_HZ,-3.76010370254517,1099,432.739084347868,50,11.977738514147035
221_50_HZ,-3.8368034362793,1096,440.36086690667497,50,11.987709544418852
222_50_HZ,-3.8368034362793,1090,437.950132233828,50,12.007582558200149
223_50_HZ,-4.01218795776367,1087,456.70884558712,50,12.017484541709628
224_50_HZ,-4.01218795776367,1087,456.70884558712,50,12.017484541709628
225_50_HZ,-4.10304021835327,1091,468.769304840696,50,12.004276782455335
226_50_HZ,-4.10304021835327,1093,469.628643621339,50,11.997657559103224
227_50_HZ,-4.08523273468018,1098,469.729413214729,50,11.981064748191802
228_50_HZ,-4.08523273468018,1105,472.72404517511404,50,11.95772740684106
229_50_HZ,-4.04991960525513,1103,467.789549619106,50,11.964408005093027
230_50_HZ,-4.04991960525513,1099,466.093123328557,50,11.977738514147035
231_50_HZ,-4.00163507461548,1081,452.993320802192,50,12.037219461966249
232_50_HZ,-4.00163507461548,1053,441.259913787889,50,12.12809848764999
233_50_HZ,-4.06374263763428,1037,441.299616132829,50,12.179129194271376
234_50_HZ,-4.06374263763428,1026,436.61852087973205,50,12.213833047880717
235_50_HZ,-4.4218487739563,1020,472.31602846987,50,12.232632000914526
236_50_HZ,-4.4218487739563,1008,466.759369311401,50,12.269953719932792
237_50_HZ,-4.78226375579834,1002,501.79907730767604,50,12.288476485917247
238_50_HZ,-4.78226375579834,1006,503.802267237048,50,12.27613820441092
239_50_HZ,-5.00233268737793,1007,527.509931414443,50,12.273047240815602
240_50_HZ,-5.00233268737793,1015,531.700675656067,50,12.248227469703282
241_50_HZ,-5.03489780426025,1028,542.016332537734,50,12.207546271902828
242_50_HZ,-5.03489780426025,1040,548.343371438953,50,12.169610803885998
243_50_HZ,-4.8165602684021,1042,525.573334139601,50,12.163252423858278
244_50_HZ,-4.8165602684021,1034,521.5382221692389,50,12.188624569069306
245_50_HZ,-4.62158155441284,1027,497.038108280747,50,12.21069093853552
246_50_HZ,-4.62158155441284,1015,491.23045755107904,50,12.248227469703282
247_50_HZ,-4.69561576843262,987,485.331321061363,50,12.334380628098078
248_50_HZ,-4.69561576843262,981,482.38097868409,50,12.352581175858287
249_50_HZ,-4.95413064956665,989,513.088592766632,50,12.328293320544722
250_50_HZ,-4.95413064956665,994,515.6825694742489,50,12.313030299130189
251_50_HZ,-5.21248054504395,998,544.7579872341099,50,12.30077385082367
252_50_HZ,-5.21248054504395,995,543.120438174288,50,12.3099700229848
253_50_HZ,-5.01681518554688,989,519.580683029791,50,12.328293320544722
254_50_HZ,-5.01681518554688,982,515.903165556375,50,12.34955414445032
255_50_HZ,-4.87278652191162,967,493.437865913616,50,12.394691100382945
256_50_HZ,-4.87278652191162,951,485.27343379922297,50,12.442202979412562
257_50_HZ,-5.09367990493774,932,497.137084994977,50,12.497773037668471
258_50_HZ,-5.09367990493774,924,492.86981387914,50,12.520894769884762
259_50_HZ,-5.43150520324707,939,534.089938946223,50,12.477407264385779
260_50_HZ,-5.43150520324707,952,541.484155353359,50,12.439252666629416
261_50_HZ,-5.60320711135864,970,569.1634756656621,50,12.385709740371311
262_50_HZ,-5.60320711135864,983,576.791439772522,50,12.34652455575486
263_50_HZ,-5.37995052337647,994,560.006772709344,50,12.313030299130189
264_50_HZ,-5.37995052337647,996,561.133546899906,50,12.306907189551918
265_50_HZ,-5.10151195526123,975,520.873340271021,50,12.37068966126871
266_50_HZ,-5.10151195526123,941,502.709551994903,50,12.47156545643185
267_50_HZ,-4.96666193008423,921,479.019123055537,50,12.52952322422222
268_50_HZ,-4.96666193008423,902,469.137078171655,50,12.58363562860654
269_50_HZ,-5.37195348739624,902,507.419785131626,50,12.58363562860654
270_50_HZ,-5.37195348739624,897,504.607036877016,50,12.597722297773824
271_50_HZ,-5.89475440979004,895,552.481008470261,50,12.60333906442828
272_50_HZ,-5.89475440979004,891,550.0118196055889,50,12.614541910287263
273_50_HZ,-6.02597665786743,890,561.624519519563,50,12.617336228533274
274_50_HZ,-6.02597665786743,886,559.1003643756541,50,12.628487928642377
275_50_HZ,-6.04241037368774,882,558.094072815799,50,12.639598712151576
276_50_HZ,-6.04241037368774,882,558.094072815799,50,12.639598712151576
277_50_HZ,-5.9262752532959,900,558.538263663976,50,12.589277968135935
278_50_HZ,-5.9262752532959,911,565.364842442091,50,12.558118514993303
279_50_HZ,-5.88956022262573,919,566.796290977302,50,12.535262740676389
280_50_HZ,-5.88956022262573,924,569.880057522336,50,12.520894769884762
281_50_HZ,-5.81060695648193,932,567.108341163504,50,12.497773037668471
282_50_HZ,-5.81060695648193,932,567.108341163504,50,12.497773037668471
283_50_HZ,-5.67611455917358,942,559.926038468626,50,12.468640716523645
284_50_HZ,-5.67611455917358,951,565.2756503011291,50,12.442202979412562
285_50_HZ,-5.56231498718262,962,560.349877404407,50,12.409608887985785
286_50_HZ,-5.56231498718262,956,556.85497172413,50,12.427425842621892
287_50_HZ,-5.43004846572876,940,534.515352047174,50,12.474487639052562
288_50_HZ,-5.43004846572876,919,522.574051629099,50,12.535262740676389
289_50_HZ,-5.51980209350586,893,516.18284319414,50,12.60894560193276
290_50_HZ,-5.51980209350586,884,510.98055250125395,50,12.634048434971964
291_50_HZ,-5.91116046905518,873,540.400332561626,50,12.664448373728874
292_50_HZ,-5.91116046905518,868,537.3052562010209,50,12.678164236209525
293_50_HZ,-6.21490907669067,855,556.454322226993,50,12.71352627602242
294_50_HZ,-6.21490907669067,850,553.20020338356,50,12.727011982628612
295_50_HZ,-6.27690649032593,850,558.718702706287,50,12.727011982628612
296_50_HZ,-6.27690649032593,842,553.460173739639,50,12.748456134248828
297_50_HZ,-6.36723709106445,841,560.758196280296,50,12.75112514540763
298_50_HZ,-6.36723709106445,835,556.75754327473,50,12.767085509323081
299_50_HZ,-6.42706346511841,834,561.315781699193,50,12.769736619469427
300_50_HZ,-6.42706346511841,836,562.6618627104621,50,12.764431841889241
301_50_HZ,-6.46015071868897,832,562.852489220233,50,12.775031167899636
302_50_HZ,-6.46015071868897,840,568.264532385812,50,12.75379159927894
303_50_HZ,-6.54264879226685,841,576.2066071948921,50,12.75112514540763
304_50_HZ,-6.54264879226685,847,580.3174747848669,50,12.735072719142398
305_50_HZ,-6.51698160171509,854,582.818037595938,50,12.716228531918647
306_50_HZ,-6.51698160171509,852,581.453124158945,50,12.721625371848617
307_50_HZ,-6.40711212158203,852,571.650432164261,50,12.721625371848617
308_50_HZ,-6.40711212158203,846,567.6247248954979,50,12.737754516738672
309_50_HZ,-6.36550569534302,837,557.9393441786569,50,12.761775617167906
310_50_HZ,-6.36550569534302,822,547.940431200545,50,12.801350472801042
311_50_HZ,-6.45863914489746,792,535.66691574189,50,12.878774015008851
312_50_HZ,-6.45863914489746,781,528.227097467697,50,12.906585978821813
313_50_HZ,-6.73883676528931,785,553.96611963421,50,12.896508339460198
314_50_HZ,-6.73883676528931,787,555.37749828296,50,12.891454176054426
315_50_HZ,-7.0985369682312,789,586.508715320399,50,12.886389783498679
316_50_HZ,-7.0985369682312,798,593.1989288031409,50,12.863473431266858
317_50_HZ,-7.05503416061401,799,590.302375678497,50,12.860914383470298
318_50_HZ,-7.05503416061401,806,595.4739859785591,50,12.842929444844536
319_50_HZ,-6.89380264282227,808,583.309200151429,50,12.837767875364015
320_50_HZ,-6.89380264282227,798,576.090026882228,50,12.863473431266858
321_50_HZ,-6.83493804931641,796,569.7394244263289,50,12.8685838549975
322_50_HZ,-6.83493804931641,773,553.27710437381,50,12.926618507745331
323_50_HZ,-6.88050174713135,754,543.275445959551,50,12.97353981969647
324_50_HZ,-6.88050174713135,753,542.554921495414,50,12.9759837895558
325_50_HZ,-7.14247941970825,760,568.4485974758629,50,12.958822297503113
326_50_HZ,-7.14247941970825,770,575.928184284756,50,12.934088510848
327_50_HZ,-7.28645277023315,769,586.7743434620791,50,12.936573397307233
328_50_HZ,-7.28645277023315,775,591.352556805086,50,12.921625719239415
329_50_HZ,-7.13335561752319,775,578.9275157181249,50,12.921625719239415
330_50_HZ,-7.13335561752319,764,570.710480011158,50,12.948959470290996
331_50_HZ,-7.09097957611084,750,556.924240747231,50,12.983300355408828
332_50_HZ,-7.09097957611084,742,550.9837155125939,50,13.002698677033829
333_50_HZ,-7.15410375595093,746,558.8852936996091,50,12.99301997452128
334_50_HZ,-7.15410375595093,737,552.142709727362,50,13.014739516205898
335_50_HZ,-7.29563140869141,722,551.605651767616,50,13.050478440598006
336_50_HZ,-7.29563140869141,717,547.785668029613,50,13.062263551020674
337_50_HZ,-7.33193397521973,724,555.8859996778431,50,13.04574649541648
338_50_HZ,-7.33193397521973,727,558.1893947041319,50,13.038629397987988
339_50_HZ,-7.37279844284058,723,558.2121438369791,50,13.04811374665099
340_50_HZ,-7.37279844284058,710,548.1751343350691,50,13.078655299537662
341_50_HZ,-7.30470037460327,695,531.6377666055901,50,13.113358522494693
342_50_HZ,-7.30470037460327,693,530.107873752049,50,13.117942145001564
343_50_HZ,-7.42913484573364,683,531.358411283179,50,13.140706820286287
344_50_HZ,-7.42913484573364,672,522.800662345968,50,13.16545259639392
345_50_HZ,-7.60256814956665,653,519.878813221612,50,13.207466473644038
346_50_HZ,-7.60256814956665,630,501.567614593592,50,13.257090207824044
347_50_HZ,-7.71213531494141,624,503.95046323262704,50,13.269813045772066
348_50_HZ,-7.71213531494141,621,501.527624467086,50,13.276139941364907
349_50_HZ,-7.9959602355957,632,529.1957212982879,50,13.252828803541417
350_50_HZ,-7.9959602355957,642,537.5690713188301,50,13.231368344878646
351_50_HZ,-7.97796010971069,640,534.688020987184,50,13.235680894911152
352_50_HZ,-7.97796010971069,635,530.510770823222,50,13.246417517461273
353_50_HZ,-7.81606912612915,638,522.20097160605,50,13.239983215793682
354_50_HZ,-7.81606912612915,642,525.474958888846,50,13.231368344878646
355_50_HZ,-7.84539127349854,644,529.089437810081,50,13.227045565696164
356_50_HZ,-7.84539127349854,647,531.5541401601271,50,13.220542217266235
357_50_HZ,-7.78520774841309,650,529.922271908431,50,13.21401585324886
358_50_HZ,-7.78520774841309,648,528.291741841021,50,13.218369319881269
359_50_HZ,-7.71166801452637,638,515.2258313497649,50,13.239983215793682
360_50_HZ,-7.71166801452637,622,502.304807366072,50,13.274033533454787
361_50_HZ,-7.73324060440064,597,483.464381314736,50,13.325926544959579
362_50_HZ,-7.73324060440064,586,474.556327387664,50,13.348253127097871
363_50_HZ,-8.05039501190186,592,499.076954553914,50,13.336113350698486
364_50_HZ,-8.05039501190186,609,513.408556289415,50,13.301217367861813
365_50_HZ,-8.30159854888916,637,553.77042858477,50,13.242130540303707
366_50_HZ,-8.30159854888916,654,568.54923123146,50,13.20527823253411
367_50_HZ,-7.96908378601074,652,544.10736491252,50,13.209652157466472
368_50_HZ,-7.96908378601074,648,540.769282919192,50,13.218369319881269
369_50_HZ,-7.60493135452271,637,507.29824058693794,50,13.242130540303707
370_50_HZ,-7.60493135452271,618,492.166895891252,50,13.282443821370302
371_50_HZ,-7.77841997146606,594,483.84520266192897,50,13.332046300265405
372_50_HZ,-7.77841997146606,575,468.368672610453,50,13.370270277449388
373_50_HZ,-8.10778617858887,565,479.710632124498,50,13.390017353491167
374_50_HZ,-8.10778617858887,563,478.012541391314,50,13.393936081249596
375_50_HZ,-8.3546953201294,564,493.44451843195304,50,13.391977996014129
376_50_HZ,-8.3546953201294,564,493.44451843195304,50,13.391977996014129
377_50_HZ,-8.34420108795166,571,498.941344965715,50,13.378199795316029
378_50_HZ,-8.34420108795166,578,505.05796390575,50,13.36429628753072
379_50_HZ,-8.19031429290772,570,488.881988404191,50,13.380175781563953
380_50_HZ,-8.19031429290772,555,476.01667291986996,50,13.409508700783546
381_50_HZ,-8.12990760803223,536,456.33000315344304,50,13.44583772793446
382_50_HZ,-8.12990760803223,528,449.519107583989,50,13.460857973369702
383_50_HZ,-8.28092384338379,529,458.736277572363,50,13.458989393196527
384_50_HZ,-8.28092384338379,530,459.603453900477,50,13.457118255735857
385_50_HZ,-8.44120407104492,535,472.919024543231,50,13.447724209120095
386_50_HZ,-8.44120407104492,545,481.758632478619,50,13.42874431932652
387_50_HZ,-8.38924026489258,553,485.821134991265,50,13.413376282792093
388_50_HZ,-8.38924026489258,562,493.727808074306,50,13.395891609197568
389_50_HZ,-8.24314594268799,557,480.813654949168,50,13.405630889625023
390_50_HZ,-8.24314594268799,555,479.08721453642397,50,13.409508700783546
391_50_HZ,-8.109619140625,558,473.874448154038,50,13.403688148114519
392_50_HZ,-8.109619140625,552,468.779023980339,50,13.415306237865126
393_50_HZ,-8.18599605560303,532,456.049285242849,50,13.453368308952035
394_50_HZ,-8.18599605560303,524,449.191401254235,50,13.468306721187467
395_50_HZ,-8.3387975692749,525,458.4493324331,50,13.466448370164267
396_50_HZ,-8.3387975692749,532,464.561990198875,50,13.453368308952035
397_50_HZ,-8.47172069549561,541,479.951672609752,50,13.43636696269388
398_50_HZ,-8.47172069549561,546,484.387455166219,50,13.426832265265947
399_50_HZ,-8.33715724945068,555,484.551096125332,50,13.409508700783546
400_50_HZ,-8.33715724945068,559,488.043356277587,50,13.401742849316523
401_50_HZ,-8.2142448425293,558,479.988111370933,50,13.403688148114519
402_50_HZ,-8.2142448425293,558,479.988111370933,50,13.403688148114519
403_50_HZ,-8.15403175354004,557,475.615730338963,50,13.405630889625023
404_50_HZ,-8.15403175354004,543,463.661295465093,50,13.432560755585188
405_50_HZ,-8.19436740875244,516,442.785849009031,50,13.483081467023284
406_50_HZ,-8.19436740875244,500,429.056055241309,50,13.512139959496064
407_50_HZ,-8.39913177490234,495,435.379723850479,50,13.521086480800372
408_50_HZ,-8.39913177490234,494,434.50016885280104,50,13.522868113198752
409_50_HZ,-8.71054840087891,498,454.25890521242104,50,13.51572623988027
410_50_HZ,-8.71054840087891,512,467.029235881043,50,13.490407465041336
411_50_HZ,-8.61916637420654,518,467.54524956370904,50,13.479403124289293
412_50_HZ,-8.61916637420654,513,463.032264529311,50,13.488579801468063
413_50_HZ,-8.48124980926514,512,454.735044421538,50,13.490407465041336
414_50_HZ,-8.48124980926514,499,443.189037434272,50,13.513934378331914
415_50_HZ,-8.47794437408447,485,430.58701877782903,50,13.538787726846937
416_50_HZ,-8.47794437408447,472,419.045511058011,50,13.561417032227116
417_50_HZ,-8.55381488800049,465,416.525317511479,50,13.573423032691862
418_50_HZ,-8.55381488800049,470,421.00408436644096,50,13.564860104511656
419_50_HZ,-8.63236236572266,475,429.389963537139,50,13.556233244144101
420_50_HZ,-8.63236236572266,483,436.621794501976,50,13.542297288606322
421_50_HZ,-8.60594654083252,483,435.28569396071896,50,13.542297288606322
422_50_HZ,-8.60594654083252,479,431.680843493135,50,13.549285724675164
423_50_HZ,-8.45555782318115,466,412.626185648222,50,13.571715561630809
424_50_HZ,-8.45555782318115,447,395.802371211921,50,13.60372021562934
425_50_HZ,-8.467209815979,420,372.40732235395404,50,13.64761243788294
426_50_HZ,-8.467209815979,411,364.42716544637,50,13.661828898060108
427_50_HZ,-8.74873638153076,412,377.4602043245,50,13.660259520523732
428_50_HZ,-8.74873638153076,422,386.621859769269,50,13.6444250943478
429_50_HZ,-8.93625259399414,436,408.009740198862,50,13.621827273402502
430_50_HZ,-8.93625259399414,447,418.303563919476,50,13.60372021562934
431_50_HZ,-8.69088745117188,444,404.087763374613,50,13.608689191562858
432_50_HZ,-8.69088745117188,441,401.357440649109,50,13.613635151908928
433_50_HZ,-8.56257152557373,441,395.431647742304,50,13.613635151908928
434_50_HZ,-8.56257152557373,440,394.53497733926,50,13.615278690782631
435_50_HZ,-8.66051483154297,431,390.885543451175,50,13.629955462708724
436_50_HZ,-8.66051483154297,415,376.374711211689,50,13.65553604418964
437_50_HZ,-8.71445655822754,408,372.330897963824,50,13.666521686944273
438_50_HZ,-8.71445655822754,407,371.418322233521,50,13.668080835330672
439_50_HZ,-8.88472366333008,410,381.466487467255,50,13.66339571830899
440_50_HZ,-8.88472366333008,405,376.814457132289,50,13.67119146024099
441_50_HZ,-8.90530109405518,398,371.15926446840405,50,13.68199809287104
442_50_HZ,-8.90530109405518,389,362.766215774395,50,13.695708210124394
443_50_HZ,-8.81679058074951,385,355.46746673240096,50,13.701735106095486
444_50_HZ,-8.81679058074951,385,355.46746673240096,50,13.701735106095486
445_50_HZ,-8.88440990447998,386,359.12406509127896,50,13.700232218033953
446_50_HZ,-8.88440990447998,389,361.915184768154,50,13.695708210124394
447_50_HZ,-8.93777179718018,387,362.217027257297,50,13.698726772684928
448_50_HZ,-8.93777179718018,382,357.53722070358504,50,13.706228426555116
449_50_HZ,-8.90035629272461,381,355.10841457980104,50,13.707721085466671
450_50_HZ,-8.90035629272461,384,357.904543828461,50,13.703235436869523
451_50_HZ,-8.90416717529297,400,372.97689272942705,50,13.67892326998564
452_50_HZ,-8.90416717529297,416,387.89596843860403,50,13.653956437503288
453_50_HZ,-8.89319133758545,419,390.21167646898095,50,13.649202273719268
454_50_HZ,-8.89319133758545,396,368.79194243846405,50,13.685062686606468
455_50_HZ,-8.80277442932129,366,337.38771753469297,50,13.729804094640722
456_50_HZ,-8.80277442932129,346,318.951230237715,50,13.758353056249883
457_50_HZ,-9.07001972198486,351,333.38340234777297,50,13.751311714128619
458_50_HZ,-9.07001972198486,361,342.881504978763,50,13.737037233324038
459_50_HZ,-9.35793972015381,370,362.585631195534,50,13.723971552519178
460_50_HZ,-9.35793972015381,376,368.465398187894,50,13.715146020712039
461_50_HZ,-9.06939220428467,370,351.405494734165,50,13.723971552519178
462_50_HZ,-9.06939220428467,355,337.159326028726,50,13.745632609256713
463_50_HZ,-8.89212989807129,332,309.152300673737,50,13.77772869495272
464_50_HZ,-8.89212989807129,308,286.803941588889,50,13.80977795248888
465_50_HZ,-9.153151512146,306,293.305820093371,50,13.812382234475383
466_50_HZ,-9.153151512146,304,291.388788589493,50,13.814976287311907
467_50_HZ,-9.44775390625,310,306.70359268080597,50,13.807163441352401
468_50_HZ,-9.44775390625,317,313.629157676824,50,13.797932097818665
469_50_HZ,-9.30957126617432,327,318.790997202121,50,13.784527094762051
470_50_HZ,-9.30957126617432,329,320.740789233938,50,13.781815406700801
471_50_HZ,-9.10697746276856,330,314.714562370567,50,13.780455726738934
472_50_HZ,-9.10697746276856,337,321.39032581479097,50,13.770866362956035
473_50_HZ,-9.02732086181641,339,320.46984794604,50,13.768103529144904
474_50_HZ,-9.02732086181641,321,303.453749825011,50,13.792600784045948
475_50_HZ,-9.0289363861084,294,277.979364895114,50,13.827793114244898
476_50_HZ,-9.0289363861084,277,261.90572814947797,50,13.848994822551104
477_50_HZ,-9.25454425811768,267,258.758676249985,50,13.861121181860709
478_50_HZ,-9.25454425811768,274,265.542611582382,50,13.852659581862673
479_50_HZ,-9.47716045379639,286,283.83953822193604,50,13.83786245109172
480_50_HZ,-9.47716045379639,299,296.741335413842,50,13.821416666872079
481_50_HZ,-9.30747222900391,306,298.250926798423,50,13.812382234475383
482_50_HZ,-9.30747222900391,305,297.276250567055,50,13.813680539537392
483_50_HZ,-9.01236343383789,306,288.794386182057,50,13.812382234475383
484_50_HZ,-9.01236343383789,306,288.794386182057,50,13.812382234475383
485_50_HZ,-8.96582794189453,297,278.853106970615,50,13.823974917683689
486_50_HZ,-8.96582794189453,277,260.075119969227,50,13.848994822551104
487_50_HZ,-9.05636596679688,259,245.630523716942,50,13.870638144608822
488_50_HZ,-9.05636596679688,249,236.146719712427,50,13.882304192169505
489_50_HZ,-9.3142032623291,231,225.313024318257,50,13.90265864133024
490_50_HZ,-9.3142032623291,212,206.780784222816,50,13.923245006667978
491_50_HZ,-9.51431179046631,193,192.292920731017,50,13.942908191220376
492_50_HZ,-9.51431179046631,191,190.300247977328,50,13.944924297083254
493_50_HZ,-9.64639091491699,184,185.870846751334,50,13.951900113047266
494_50_HZ,-9.64639091491699,188,189.911517332885,50,13.947929276221366
495_50_HZ,-9.63828468322754,192,193.789213887723,50,13.943917522795562
496_50_HZ,-9.63828468322754,191,192.779895065391,50,13.944924297083254
497_50_HZ,-9.47855949401856,191,189.585160025487,50,13.944924297083254
498_50_HZ,-9.47855949401856,200,198.51849217328498,50,13.935771266144242
499_50_HZ,-9.42966079711914,202,199.46929020369,50,13.933709129106472
500_50_HZ,-9.42966079711914,209,206.381592339462,50,13.926411094918214
501_50_HZ,-9.37388610839844,233,228.720028278587,50,13.90043795246784
502_50_HZ,-9.37388610839844,249,244.426124641065,50,13.882304192169505
503_50_HZ,-9.27924728393555,241,234.184642482632,50,13.89145290551848
504_50_HZ,-9.27924728393555,206,200.17442469469802,50,13.929554167581003
505_50_HZ,-9.07814979553223,174,165.415120560028,50,13.961648194987434
506_50_HZ,-9.07814979553223,150,142.599241862093,50,13.984000218346278
507_50_HZ,-9.55722808837891,142,142.117944031905,50,13.991123559999991
508_50_HZ,-9.55722808837891,139,139.115452256583,50,13.993752617876483
509_50_HZ,-9.88213062286377,138,142.80988639792,50,13.994623855926992
510_50_HZ,-9.88213062286377,130,134.531052403838,50,14.00150169798128
511_50_HZ,-9.67958545684815,140,141.910128906263,50,13.99287882253848
512_50_HZ,-9.67958545684815,135,136.84191001675399,50,13.997222226353555
513_50_HZ,-9.54610729217529,140,139.95323808639,50,13.99287882253848
514_50_HZ,-9.54610729217529,137,136.954240127396,50,13.995492536690007
515_50_HZ,-9.39535617828369,133,130.855959302129,50,13.998941686867127
516_50_HZ,-9.39535617828369,120,118.065527189891,50,14.009868844674678
517_50_HZ,-9.5604362487793,116,116.135323771093,50,14.013144099302204
518_50_HZ,-9.5604362487793,121,121.14115669226099,50,14.00904363779906
519_50_HZ,-9.61423301696777,117,117.795616615703,50,14.012329121576563
520_50_HZ,-9.61423301696777,122,122.829617325776,50,14.00821587363595
521_50_HZ,-9.73427391052246,117,119.266384450517,50,14.012329121576563
522_50_HZ,-9.73427391052246,117,119.266384450517,50,14.012329121576563
523_50_HZ,-9.54603481292725,122,121.95832572159699,50,14.00821587363595
524_50_HZ,-9.54603481292725,127,126.956617759367,50,14.004038693507987
525_50_HZ,-9.48051357269287,132,131.049215596608,50,13.999797581192672
526_50_HZ,-9.48051357269287,127,126.085230157342,50,14.004038693507987
527_50_HZ,-9.57018280029297,131,131.28652227092,50,14.000650918230722
528_50_HZ,-9.57018280029297,137,137.299645428367,50,13.995492536690007
529_50_HZ,-9.42814064025879,141,139.211073689573,50,13.992002469912983
530_50_HZ,-9.42814064025879,136,134.27451079278,50,13.996358660165528
531_50_HZ,-9.48087596893311,128,127.082877662657,50,14.003195585619912
532_50_HZ,-9.48087596893311,145,143.961072352229,50,13.988471486536053
533_50_HZ,-9.43412303924561,250,246.98477290353497,50,13.88114909520716
534_50_HZ,-9.43412303924561,546,539.41474402132,50,13.426832265265947
535_50_HZ,-9.16813182830811,916,879.437455894582,50,12.543852835701438
536_50_HZ,-9.16813182830811,1178,1130.97961030984,50,11.706884996129375
537_50_HZ,-5.89849185943604,1330,821.525836801111,50,11.140853374116233
538_50_HZ,-5.89849185943604,1401,865.3817273371101,50,10.8562122579137
539_50_HZ,-1.1426922082901,1430,171.117308137137,50,10.736242326682957
540_50_HZ,-1.1426922082901,1431,171.23697059038,50,10.732067073190176
541_50_HZ,-0.0511148758232594,1437,7.691883270635509,50,10.706961849196118
542_50_HZ,-0.0511148758232594,1442,7.7186469563371,50,10.685970503794984
543_50_HZ,-0.00585520267486572,1427,0.874972732795741,50,10.748752743436336
544_50_HZ,-0.00585520267486572,1435,0.8798779758667751,50,10.715340486344115
545_50_HZ,0.00369646633043885,1427,0.552381775754887,50,10.748752743436336
546_50_HZ,0.00369646633043885,1437,0.5562527062086701,50,10.706961849196118
547_50_HZ,0.00505676586180925,1425,0.75459918266053,50,10.75708023483445
548_50_HZ,0.00505676586180925,1425,0.75459918266053,50,10.75708023483445
549_50_HZ,0.00431747268885374,1425,0.644277664727703,50,10.75708023483445
550_50_HZ,0.00431747268885374,1424,0.6438255400507019,50,10.761240144602267
551_50_HZ,0.00502719404175878,1427,0.751239215026647,50,10.748752743436336
552_50_HZ,0.00502719404175878,1446,0.761241699319223,50,10.669131396299184
553_50_HZ,0.00487933540716767,1453,0.742428977313835,50,10.639564502613016
554_50_HZ,0.00487933540716767,1434,0.7327206837357471,50,10.71952596898687
555_50_HZ,0.00147858646232635,1442,0.223275268574224,50,10.685970503794984
556_50_HZ,0.00147858646232635,1447,0.224049454664981,50,10.6649152262065
557_50_HZ,0.00280931429006159,1456,0.428341680293853,50,10.626854617435104
01_50_HZ,-0.0649986639618874,0,0.0,50,10.364826330868265
02_50_HZ,-0.0649986639618874,0,0.0,50,10.364826330868265
03_50_HZ,-0.0632539317011833,0,0.0,50,10.364826330868265
04_50_HZ,-0.0632539317011833,0,0.0,50,10.364826330868265
05_50_HZ,-0.0609473362565041,0,0.0,50,10.364826330868265
06_50_HZ,-0.0609473362565041,0,0.0,50,10.364826330868265
07_50_HZ,-0.0602376163005829,0,0.0,50,10.364826330868265
08_50_HZ,-0.0602376163005829,0,0.0,50,10.364826330868265
09_50_HZ,-0.0618936307728291,0,0.0,50,10.364826330868265
10_50_HZ,-0.0618936307728291,0,0.0,50,10.364826330868265
11_50_HZ,-0.0610656216740608,0,0.0,50,10.364826330868265
12_50_HZ,-0.0610656216740608,0,0.0,50,10.364826330868265
13_50_HZ,-0.0645846575498581,0,0.0,50,10.364826330868265
14_50_HZ,-0.0645846575498581,0,0.0,50,10.364826330868265
15_50_HZ,-0.0647325143218041,0,0.0,50,10.364826330868265
16_50_HZ,-0.0647325143218041,0,0.0,50,10.364826330868265
17_50_HZ,-0.0621893480420113,0,0.0,50,10.364826330868265
18_50_HZ,-0.0621893480420113,0,0.0,50,10.364826330868265
19_50_HZ,-0.0616866312921047,0,0.0,50,10.364826330868265
20_50_HZ,-0.0616866312921047,0,0.0,50,10.364826330868265
21_50_HZ,-0.0621893480420113,0,0.0,50,10.364826330868265
22_50_HZ,-0.0621893480420113,0,0.0,50,10.364826330868265
23_50_HZ,-0.0612134821712971,0,0.0,50,10.364826330868265
24_50_HZ,-0.0612134821712971,0,0.0,50,10.364826330868265
25_50_HZ,-0.0602671876549721,0,0.0,50,10.364826330868265
26_50_HZ,-0.0602671876549721,0,0.0,50,10.364826330868265
27_50_HZ,-0.0613909140229225,0,0.0,50,10.364826330868265
28_50_HZ,-0.0613909140229225,0,0.0,50,10.364826330868265
29_50_HZ,-0.0631947889924049,0,0.0,50,10.364826330868265
30_50_HZ,-0.0631947889924049,0,0.0,50,10.364826330868265
31_50_HZ,-0.0623076371848583,0,0.0,50,10.364826330868265
32_50_HZ,-0.0623076371848583,0,0.0,50,10.364826330868265
33_50_HZ,-0.0608881935477257,0,0.0,50,10.364826330868265
34_50_HZ,-0.0608881935477257,0,0.0,50,10.364826330868265
35_50_HZ,-0.0618049167096615,0,0.0,50,10.364826330868265
36_50_HZ,-0.0618049167096615,0,0.0,50,10.364826330868265
37_50_HZ,-0.0619823485612869,0,0.0,50,10.364826330868265
38_50_HZ,-0.0619823485612869,0,0.0,50,10.364826330868265
39_50_HZ,-0.0627216398715973,0,0.0,50,10.364826330868265
40_50_HZ,-0.0627216398715973,0,0.0,50,10.364826330868265
41_50_HZ,-0.0618936307728291,0,0.0,50,10.364826330868265
42_50_HZ,-0.0618936307728291,0,0.0,50,10.364826330868265
43_50_HZ,-0.0630765035748482,0,0.0,50,10.364826330868265
44_50_HZ,-0.0630765035748482,0,0.0,50,10.364826330868265
45_50_HZ,-0.0626920685172081,0,0.0,50,10.364826330868265
46_50_HZ,-0.0626920685172081,0,0.0,50,10.364826330868265
47_50_HZ,-0.0596461817622185,0,0.0,50,10.364826330868265
48_50_HZ,-0.0596461817622185,0,0.0,50,10.364826330868265
49_50_HZ,-0.0619823485612869,0,0.0,50,10.364826330868265
50_50_HZ,-0.0619823485612869,0,0.0,50,10.364826330868265
51_50_HZ,-0.0645550861954689,0,0.0,50,10.364826330868265
52_50_HZ,-0.0645550861954689,0,0.0,50,10.364826330868265
53_50_HZ,-0.0618344880640507,0,0.0,50,10.364826330868265
54_50_HZ,-0.0618344880640507,0,0.0,50,10.364826330868265
55_50_HZ,-0.0618344880640507,0,0.0,50,10.364826330868265
56_50_HZ,-0.0618344880640507,0,0.0,50,10.364826330868265
57_50_HZ,-0.0609769076108933,0,0.0,50,10.364826330868265
58_50_HZ,-0.0609769076108933,0,0.0,50,10.364826330868265
59_50_HZ,-0.0617457740008831,0,0.0,50,10.364826330868265
60_50_HZ,-0.0617457740008831,0,0.0,50,10.364826330868265
61_50_HZ,-0.0617162026464939,0,0.0,50,10.364826330868265
62_50_HZ,-0.0617162026464939,0,0.0,50,10.364826330868265
63_50_HZ,-0.0627216398715973,0,0.0,50,10.364826330868265
64_50_HZ,-0.0627216398715973,0,0.0,50,10.364826330868265
65_50_HZ,-0.0629877820611,0,0.0,50,10.364826330868265
66_50_HZ,-0.0629877820611,0,0.0,50,10.364826330868265
67_50_HZ,-0.0631060749292374,0,0.0,50,10.364826330868265
68_50_HZ,-0.0631060749292374,0,0.0,50,10.364826330868265
69_50_HZ,-0.0619232021272182,0,0.0,50,10.364826330868265
70_50_HZ,-0.0619232021272182,0,0.0,50,10.364826330868265
71_50_HZ,-0.0623963512480259,0,0.0,50,10.364826330868265
72_50_HZ,-0.0623963512480259,0,0.0,50,10.364826330868265
73_50_HZ,-0.0607107616961002,0,0.0,50,10.364826330868265
74_50_HZ,-0.0607107616961002,0,0.0,50,10.364826330868265
75_50_HZ,-0.0609177649021149,0,0.0,50,10.364826330868265
76_50_HZ,-0.0609177649021149,50,0.318964669391749,50,10.61556002072588
77_50_HZ,-0.0644368007779121,191,1.2888309397037199,50,11.22932923017496
78_50_HZ,-0.0644368007779121,336,2.2672628049238197,50,11.716841603190112
79_50_HZ,-0.0868128463625908,442,4.0182307036599605,50,11.981056093163554
80_50_HZ,-0.0868128463625908,538,4.89096859404764,50,12.153163014578455
81_50_HZ,-0.115035951137543,632,7.613410993032169,50,12.259810164902326
82_50_HZ,-0.115035951137543,727,8.75783194926327,50,12.30538853101085
83_50_HZ,-0.107918336987495,809,9.14265633804838,50,12.294447534632162
84_50_HZ,-0.107918336987495,874,9.87723317608688,50,12.252672437568325
85_50_HZ,-0.100443474948406,932,9.8031639564539,50,12.190681157034762
86_50_HZ,-0.100443474948406,979,10.297529520781499,50,12.123350022251673
87_50_HZ,-0.091841883957386,1019,9.800395497782379,50,12.053990811708719
88_50_HZ,-0.091841883957386,1053,10.1273959363737,50,11.986319048652348
89_50_HZ,-0.0839822888374329,1078,9.48058384272677,50,11.931450407180089
90_50_HZ,-0.0839822888374329,1102,9.69165435499527,50,11.87470237523971
91_50_HZ,-0.0804097428917885,1119,9.422526789464,50,11.8320911647917
92_50_HZ,-0.0804097428917885,1139,9.5909365622873,50,11.779396671883788
93_50_HZ,-0.0810143277049065,1152,9.77333827488277,50,11.743659023263639
94_50_HZ,-0.0810143277049065,1169,9.917562884841981,50,11.695158330319101
95_50_HZ,-0.0857685580849648,1195,10.7330869219573,50,11.617107599091504
96_50_HZ,-0.0857685580849648,1203,10.8049402235269,50,11.59214967228357
97_50_HZ,-0.0947548821568489,1217,12.0759361462325,50,11.54740626471737
98_50_HZ,-0.0947548821568489,1242,12.324003856713801,50,11.46412953120304
99_50_HZ,-0.0959640517830849,1267,12.732504034989999,50,11.376522295853029
100_50_HZ,-0.0959640517830849,1285,12.9133920165447,50,11.310763639664366
101_50_HZ,-0.0930235758423805,1304,12.7027934660456,50,11.238916250566168
102_50_HZ,-0.0930235758423805,1330,12.9560700228839,50,11.136545421029384
103_50_HZ,-0.0892037004232407,1357,12.6762657612287,50,11.025279693393543
104_50_HZ,-0.0892037004232407,1362,12.7229727095014,50,11.004120624781569
105_50_HZ,-0.0864006280899048,1377,12.4588928326498,50,10.93960409850508
106_50_HZ,-0.0864006280899048,1396,12.630802029324,50,10.855645161872848
107_50_HZ,-0.0835700705647469,1418,12.4095382939636,50,10.7553046609109
108_50_HZ,-0.0835700705647469,1426,12.4795497935064,50,10.717985749663194
109_50_HZ,-0.0864281058311462,1423,12.8791891773444,50,10.732032307403111
110_50_HZ,-0.0864281058311462,1431,12.951595019522,50,10.694436244037924
111_50_HZ,-0.0852464213967323,1436,12.8191493090871,50,10.670713518339225
112_50_HZ,-0.0852464213967323,1445,12.8994921668739,50,10.627576097496531
113_50_HZ,-0.0831303745508194,1440,12.5357650447424,50,10.651610619327398
114_50_HZ,-0.0831303745508194,1432,12.4661219056049,50,10.689705556504057
115_50_HZ,-0.080766998231411,1440,12.1793763525613,50,10.651610619327398
116_50_HZ,-0.080766998231411,1452,12.2808711554993,50,10.593636757209959
117_50_HZ,-0.0818662419915199,1430,12.259408406256,50,10.699160002768853
118_50_HZ,-0.0818662419915199,1427,12.2336893676415,50,10.713289706144014
119_50_HZ,-0.0799150839447975,1428,11.9504864056837,50,10.708586733821896
120_50_HZ,-0.0799150839447975,1432,11.983961157520401,50,10.689705556504057
121_50_HZ,-0.080547146499157,1432,12.0787448943233,50,10.689705556504057
122_50_HZ,-0.080547146499157,1438,12.1293541606403,50,10.661175926439187
123_50_HZ,-0.0834051817655563,1437,12.5510030786983,50,10.665948186790674
124_50_HZ,-0.0834051817655563,1438,12.5597372492471,50,10.661175926439187
125_50_HZ,-0.0834601446986198,1440,12.5854936994653,50,10.651610619327398
126_50_HZ,-0.0834601446986198,1441,12.5942336256455,50,10.6468175725671
127_50_HZ,-0.0829105228185654,1448,12.572071567195199,50,10.613072238762765
128_50_HZ,-0.0829105228185654,1465,12.7196718549316,50,10.529705809438788
129_50_HZ,-0.0857410803437233,1452,13.0371956465321,50,10.593636757209959
130_50_HZ,-0.0857410803437233,1427,12.8127260245188,50,10.713289706144014
131_50_HZ,-0.0843945071101189,1435,12.6822026949494,50,10.675471921084839
132_50_HZ,-0.0843945071101189,1442,12.7440670983394,50,10.642017597003862
133_50_HZ,-0.0810418054461479,1432,12.1529234709517,50,10.689705556504057
134_50_HZ,-0.0810418054461479,1434,12.1698968277547,50,10.680223395027514
135_50_HZ,-0.079970046877861,1433,12.0005776651807,50,10.684967940167256
136_50_HZ,-0.079970046877861,1420,11.8917098985042,50,10.746016505916595
137_50_HZ,-0.079942561686039,1426,11.937852794906298,50,10.717985749663194
138_50_HZ,-0.079942561686039,1430,11.971339058005599,50,10.699160002768853
139_50_HZ,-0.080959364771843,1438,12.191428644574001,50,10.661175926439187
140_50_HZ,-0.080959364771843,1443,12.2338188693465,50,10.637210692637689
141_50_HZ,-0.0824158638715744,1436,12.393497349436599,50,10.670713518339225
142_50_HZ,-0.0824158638715744,1424,12.289930519218501,50,10.727357050292744
143_50_HZ,-0.0861807763576508,1415,12.770134352649599,50,10.769184927380326
144_50_HZ,-0.0861807763576508,1420,12.8152585023056,50,10.746016505916595
145_50_HZ,-0.0957716852426529,1425,14.2915923284713,50,10.722674864379437
146_50_HZ,-0.0957716852426529,1426,14.3016215160703,50,10.717985749663194
147_50_HZ,-0.125533729791641,1425,18.7328533017093,50,10.722674864379437
148_50_HZ,-0.125533729791641,1425,18.7328533017093,50,10.722674864379437
149_50_HZ,-0.17153711616993,1416,25.436068755634402,50,10.764565100693455
150_50_HZ,-0.17153711616993,1408,25.292362152495198,50,10.801329707706193
151_50_HZ,-0.215424463152885,1408,31.763349393369,50,10.801329707706193
152_50_HZ,-0.215424463152885,1404,31.6731126053197,50,10.819545719942072
153_50_HZ,-0.27555313706398,1425,41.1195972102101,50,10.722674864379437
154_50_HZ,-0.27555313706398,1417,40.8887503486791,50,10.759938345203645
155_50_HZ,-0.34881779551506,1410,51.5046411054201,50,10.792180128770632
156_50_HZ,-0.34881779551506,1408,51.431584876901795,50,10.801329707706193
157_50_HZ,-0.466272085905075,1392,67.96843459956101,50,10.873528591567746
158_50_HZ,-0.466272085905075,1375,67.1383603264342,50,10.948296376446795
159_50_HZ,-0.596532583236694,1371,85.6446489563249,50,10.965597786694977
160_50_HZ,-0.596532583236694,1383,86.3942738924853,50,10.913360973409448
161_50_HZ,-0.653336048126221,1390,95.0998936321052,50,10.882428733597573
162_50_HZ,-0.653336048126221,1375,94.0736357871544,50,10.948296376446795
163_50_HZ,-0.839465618133545,1365,119.995287013701,50,10.99134203797914
164_50_HZ,-0.839465618133545,1364,119.90737837852599,50,10.995608495716219
165_50_HZ,-0.994019448757172,1362,141.775306800794,50,11.004120624781569
166_50_HZ,-0.994019448757172,1358,141.358932918853,50,11.021061737277021
167_50_HZ,-1.08226132392883,1352,153.22775267154302,50,11.04626554193209
168_50_HZ,-1.08226132392883,1345,152.434413715403,50,11.0753547201627
169_50_HZ,-1.15810918807983,1350,163.723825572995,50,11.05461137972695
170_50_HZ,-1.15810918807983,1363,165.30042537480898,50,10.999868024650361
171_50_HZ,-1.16385269165039,1346,164.048287778169,50,11.071219909681425
172_50_HZ,-1.16385269165039,1341,163.438895921638,50,11.091824674058431
173_50_HZ,-1.19776439666748,1346,168.82823599942103,50,11.071219909681425
174_50_HZ,-1.19776439666748,1333,167.197651253513,50,11.124431999308914
175_50_HZ,-1.30799114704132,1339,183.406196887083,50,11.100018078188675
176_50_HZ,-1.30799114704132,1324,181.35160916990202,50,11.160585186791021
177_50_HZ,-1.47073435783386,1319,203.145704353421,50,11.18042778284495
178_50_HZ,-1.47073435783386,1312,202.067599781417,50,11.207916407597091
179_50_HZ,-1.67588090896606,1306,229.200169650809,50,11.231207862641522
180_50_HZ,-1.67588090896606,1307,229.37566748362002,50,11.227343275474793
181_50_HZ,-1.76879453659058,1313,243.204006312937,50,11.204010247612738
182_50_HZ,-1.76879453659058,1311,242.833550857777,50,11.211815638778505
183_50_HZ,-1.75826919078827,1304,240.099683530595,50,11.238916250566168
184_50_HZ,-1.75826919078827,1305,240.283809054775,50,11.235065521005314
185_50_HZ,-1.78432130813599,1310,244.77833839600598,50,11.215707941156982
186_50_HZ,-1.78432130813599,1314,245.525753169734,50,11.20009715882545
187_50_HZ,-1.78726184368134,1325,247.989146113652,50,11.156595881171425
188_50_HZ,-1.78726184368134,1317,246.491853155985,50,11.18831631964596
189_50_HZ,-1.75978064537048,1308,241.04321568638701,50,11.223471759505125
190_50_HZ,-1.75978064537048,1307,240.858931882345,50,11.227343275474793
191_50_HZ,-1.74785387516022,1308,239.409560311162,50,11.223471759505125
192_50_HZ,-1.74785387516022,1312,240.141699639331,50,11.207916407597091
193_50_HZ,-1.76579904556274,1307,241.68265769411,50,11.227343275474793
194_50_HZ,-1.76579904556274,1300,240.388259374402,50,11.254249880780218
195_50_HZ,-1.79182362556458,1307,245.24461360160902,50,11.227343275474793
196_50_HZ,-1.79182362556458,1301,244.118777578955,50,11.250426866431111
197_50_HZ,-1.8383492231369,1302,250.64994570105299,50,11.246596923279068
198_50_HZ,-1.8383492231369,1304,251.03496865911902,50,11.238916250566168
199_50_HZ,-1.87212347984314,1305,255.84305040632998,50,11.235065521005314
200_50_HZ,-1.87212347984314,1292,253.29442231799197,50,11.284584558667335
201_50_HZ,-1.91491162776947,1283,257.27880127596296,50,11.318181017865655
202_50_HZ,-1.91491162776947,1276,255.875097761597,50,11.343923584277649
203_50_HZ,-2.05116295814514,1275,273.86653653524303,50,11.34757337855333
204_50_HZ,-2.05116295814514,1275,273.86653653524303,50,11.34757337855333
205_50_HZ,-2.15036988258362,1281,288.463519784464,50,11.325570680855197
206_50_HZ,-2.15036988258362,1275,287.112402595778,50,11.34757337855333
207_50_HZ,-2.25369882583618,1269,299.492610192464,50,11.369326639345726
208_50_HZ,-2.25369882583618,1267,299.02059662242095,50,11.376522295853029
209_50_HZ,-2.36409044265747,1262,312.429516840823,50,11.394390183069886
210_50_HZ,-2.36409044265747,1251,309.70628016471403,50,11.433089800288506
211_50_HZ,-2.4650285243988,1238,319.57383812452997,50,11.477744818288691
212_50_HZ,-2.4650285243988,1221,315.185505937036,50,11.534372997078435
213_50_HZ,-2.73736643791199,1207,345.994203294876,50,11.579504417609112
214_50_HZ,-2.73736643791199,1199,343.700952568812,50,11.604684066111034
215_50_HZ,-2.99195146560669,1195,374.41312798918705,50,11.617107599091504
216_50_HZ,-2.99195146560669,1194,374.099811564092,50,11.62019616032928
217_50_HZ,-3.11421489715576,1195,389.713193261788,50,11.617107599091504
218_50_HZ,-3.11421489715576,1196,390.039313088786,50,11.614012109050794
219_50_HZ,-3.17560768127441,1198,398.393542902038,50,11.607800342560557
220_50_HZ,-3.17560768127441,1211,402.716678175599,50,11.56674830208766
221_50_HZ,-3.09885311126709,1224,397.20162072041,50,11.524525293918394
222_50_HZ,-3.09885311126709,1230,399.148687488648,50,11.504642809919012
223_50_HZ,-2.88562703132629,1227,370.777505756249,50,11.51461523153192
224_50_HZ,-2.88562703132629,1227,370.777505756249,50,11.51461523153192
225_50_HZ,-2.84682369232178,1225,365.19538368476003,50,11.521228868592507
226_50_HZ,-2.84682369232178,1220,363.704790281965,50,11.537641707192575
227_50_HZ,-2.90280270576477,1212,368.42471877967,50,11.563541951199955
228_50_HZ,-2.90280270576477,1198,364.168987704658,50,11.607800342560557
229_50_HZ,-3.0624680519104,1183,379.389164814347,50,11.653713032950957
230_50_HZ,-3.0624680519104,1178,377.785660313864,50,11.668670822934237
231_50_HZ,-3.37770390510559,1168,413.135993977586,50,11.698066742680513
232_50_HZ,-3.37770390510559,1160,410.306295388698,50,11.721084604666064
233_50_HZ,-3.50205588340759,1154,423.211543186906,50,11.738056991431868
234_50_HZ,-3.50205588340759,1150,421.74460542889204,50,11.749233339883663
235_50_HZ,-3.62934851646423,1145,435.173831514639,50,11.763047877382322
236_50_HZ,-3.62934851646423,1133,430.613057734573,50,11.79549602947952
237_50_HZ,-3.79769778251648,1120,445.417258100884,50,11.829522263774207
238_50_HZ,-3.79769778251648,1113,442.633400237754,50,11.847359066034981
239_50_HZ,-3.96615695953369,1103,458.11449450487703,50,11.872251263872148
240_50_HZ,-3.96615695953369,1089,452.299804638088,50,11.905936301950751
241_50_HZ,-4.14074468612671,1075,466.139084922572,50,11.938263294653684
242_50_HZ,-4.14074468612671,1065,461.802907388408,50,11.960522547374756
243_50_HZ,-4.37908840179443,1056,484.257363421734,50,11.9799634621726
244_50_HZ,-4.37908840179443,1049,481.04732408087,50,11.994696160717558
245_50_HZ,-4.51720809936523,1050,496.692997748164,50,11.992612275905662
246_50_HZ,-4.51720809936523,1052,497.639079648637,50,11.988423719873056
247_50_HZ,-4.49066162109375,1055,496.125334218802,50,11.98208891980212
248_50_HZ,-4.49066162109375,1047,492.363246376384,50,11.998843143932541
249_50_HZ,-4.49530601501465,1035,487.22348774012295,50,12.02314302377572
250_50_HZ,-4.49530601501465,1018,479.220783110575,50,12.055859903629566
251_50_HZ,-4.72496557235718,1005,497.271222861023,50,12.079527577533304
252_50_HZ,-4.72496557235718,987,488.364872600825,50,12.11036506691903
253_50_HZ,-5.03300142288208,976,514.405360347518,50,12.128105055252952
254_50_HZ,-5.03300142288208,969,510.715977640108,50,12.13895762415314
255_50_HZ,-5.30745506286621,967,537.4541687727,50,12.141995998898187
256_50_HZ,-5.30745506286621,978,543.567918365771,50,12.124941962055036
257_50_HZ,-5.35802030563355,985,552.67423940321,50,12.113652878569813
258_50_HZ,-5.35802030563355,997,559.407326583757,50,12.093510280488887
259_50_HZ,-5.16309690475464,1009,545.544356120705,50,12.072369934785021
260_50_HZ,-5.16309690475464,1010,546.085034372559,50,12.070563202090607
261_50_HZ,-5.01788663864136,1010,530.726592609156,50,12.070563202090607
262_50_HZ,-5.01788663864136,1010,530.726592609156,50,12.070563202090607
263_50_HZ,-4.98861932754517,1009,527.1086631869371,50,12.072369934785021
264_50_HZ,-4.98861932754517,1012,528.675884187493,50,12.06692895029297
265_50_HZ,-5.01423168182373,1026,538.741441620818,50,12.04071316178055
266_50_HZ,-5.01423168182373,1044,548.19304585978,50,12.005011652732987
267_50_HZ,-4.83747339248657,1060,536.973754858727,50,11.971392343625151
268_50_HZ,-4.83747339248657,1057,535.454017816674,50,11.977831075740145
269_50_HZ,-4.54545879364014,1037,493.611320497303,50,12.019162331831229
270_50_HZ,-4.54545879364014,1025,487.899328360401,50,12.042630755321957
271_50_HZ,-4.73834896087647,1027,509.59609869588394,50,12.038788639436207
272_50_HZ,-4.73834896087647,1020,506.12270756553204,50,12.052114790984934
273_50_HZ,-4.93134880065918,1007,520.02449976193,50,12.075962613765036
274_50_HZ,-4.93134880065918,995,513.827584173903,50,12.096936668198413
275_50_HZ,-5.06281852722168,995,527.5262169733011,50,12.096936668198413
276_50_HZ,-5.06281852722168,1001,530.7072795882159,50,12.086574359434593
277_50_HZ,-5.10239124298096,1012,540.7330109305269,50,12.06692895029297
278_50_HZ,-5.10239124298096,1030,550.350791757354,50,12.032973499585554
279_50_HZ,-4.92431354522705,1049,540.94088418959,50,11.994696160717558
280_50_HZ,-4.92431354522705,1068,550.738669508562,50,11.953917523989276
281_50_HZ,-4.61638784408569,1080,522.101145936198,50,11.926873838183006
282_50_HZ,-4.61638784408569,1092,527.902269779934,50,11.898832404753799
283_50_HZ,-4.20235729217529,1091,480.11616941026,50,11.901207299289053
284_50_HZ,-4.20235729217529,1069,470.43463345515,50,11.951701991921572
285_50_HZ,-4.20961236953735,1040,458.46274185653704,50,12.013139327892462
286_50_HZ,-4.20961236953735,1023,450.96863934542097,50,12.04644515599596
287_50_HZ,-4.76074600219727,1004,500.53832928655993,50,12.081299666213031
288_50_HZ,-4.76074600219727,984,490.567446233043,50,12.115286391190798
289_50_HZ,-5.18137168884277,976,529.569791289927,50,12.128105055252952
290_50_HZ,-5.18137168884277,994,539.3364472768311,50,12.09863946884877
291_50_HZ,-5.30456972122192,1019,566.047618598127,50,12.053990811708719
292_50_HZ,-5.30456972122192,1003,557.159726647616,50,12.083064826089823
293_50_HZ,-5.12517309188843,955,512.555057253263,50,12.15964422792176
294_50_HZ,-5.12517309188843,920,493.770316935081,50,12.205419288824757
295_50_HZ,-5.77477169036865,912,551.516197745428,50,12.21469040578312
296_50_HZ,-5.77477169036865,908,549.097267053563,50,12.219159672991811
297_50_HZ,-6.13963842391968,892,573.503756964966,50,12.23592813335664
298_50_HZ,-6.13963842391968,875,562.5737526281899,50,12.25180109327042
299_50_HZ,-6.26640892028809,866,568.283744683204,50,12.259393755045839
300_50_HZ,-6.26640892028809,875,574.18969584042,50,12.25180109327042
301_50_HZ,-6.45652294158936,889,601.075590862113,50,12.23887474879134
302_50_HZ,-6.45652294158936,893,603.78009295823,50,12.234932070605868
303_50_HZ,-6.26541948318481,899,589.845761300087,50,12.228810189239546
304_50_HZ,-6.26541948318481,915,600.3435724022021,50,12.211265702945761
305_50_HZ,-6.08495092391968,936,596.4328453805921,50,12.18554672474411
306_50_HZ,-6.08495092391968,948,604.079420321369,50,12.169478262790195
307_50_HZ,-5.78832006454468,956,579.480772902259,50,12.15821165058595
308_50_HZ,-5.78832006454468,961,582.5115300827099,50,12.15094483186284
309_50_HZ,-5.60644960403442,962,564.7960220308311,50,12.149470681709408
310_50_HZ,-5.60644960403442,966,567.1444462388599,50,12.143504793066306
311_50_HZ,-5.59477043151856,980,574.165320741721,50,12.121751153645372
312_50_HZ,-5.59477043151856,1007,589.984161211136,50,12.075962613765036
313_50_HZ,-5.38338565826416,1000,563.746822239385,50,12.088318732902572
314_50_HZ,-5.38338565826416,936,527.667025616064,50,12.18554672474411
315_50_HZ,-5.44607019424439,880,501.873785402388,50,12.247340439736833
316_50_HZ,-5.44607019424439,860,490.467563006879,50,12.264143733430616
317_50_HZ,-6.45218133926392,862,582.428254730759,50,12.262588122514106
318_50_HZ,-6.45218133926392,871,588.5092921931449,50,12.255244897644422
319_50_HZ,-6.47416591644287,886,600.6841503751091,50,12.241759004999604
320_50_HZ,-6.47416591644287,897,608.1418542736719,50,12.230878531573403
321_50_HZ,-6.10685348510742,901,576.196885933569,50,12.226714131693942
322_50_HZ,-6.10685348510742,897,573.63885314363,50,12.230878531573403
323_50_HZ,-5.9934663772583,895,561.7327253886359,50,12.232919158695509
324_50_HZ,-5.9934663772583,892,559.849822398506,50,12.23592813335664
325_50_HZ,-6.05579376220703,892,565.671804650195,50,12.23592813335664
326_50_HZ,-6.05579376220703,882,559.330192490439,50,12.24550767670284
327_50_HZ,-6.15238952636719,871,561.165038836748,50,12.255244897644422
328_50_HZ,-6.15238952636719,860,554.077994718259,50,12.264143733430616
329_50_HZ,-6.30661344528198,852,562.6838377108941,50,12.270089024979175
330_50_HZ,-6.30661344528198,845,558.060848433927,50,12.274927392929968
331_50_HZ,-6.45913410186768,837,566.145893125334,50,12.280041228126077
332_50_HZ,-6.45913410186768,842,569.5278877079229,50,12.276897047150536
333_50_HZ,-6.60211801528931,846,584.900873951705,50,12.274256983917237
334_50_HZ,-6.60211801528931,845,584.2095017602729,50,12.274927392929968
335_50_HZ,-6.60805416107178,852,589.5787172730979,50,12.270089024979175
336_50_HZ,-6.60805416107178,860,595.114667670029,50,12.264143733430616
337_50_HZ,-6.50739049911499,869,592.182101560131,50,12.256925227013799
338_50_HZ,-6.50739049911499,870,592.863553920959,50,12.25608852673058
339_50_HZ,-6.42294120788574,864,581.134031957807,50,12.261004796385846
340_50_HZ,-6.42294120788574,852,573.062725958393,50,12.270089024979175
341_50_HZ,-6.59409379959106,843,582.1183657841231,50,12.276247424546618
342_50_HZ,-6.59409379959106,830,573.1414514837741,50,12.284152071768474
343_50_HZ,-6.78816509246826,827,587.8770878918231,50,12.285809929856873
344_50_HZ,-6.78816509246826,834,592.8530729163,50,12.281844591076155
345_50_HZ,-6.85675811767578,834,598.843718188591,50,12.281844591076155
346_50_HZ,-6.85675811767578,831,596.6896040943869,50,12.2835855947998
347_50_HZ,-6.79102325439453,834,593.1026831359791,50,12.281844591076155
348_50_HZ,-6.79102325439453,835,593.813837432305,50,12.281250398895732
349_50_HZ,-6.80281257629395,833,593.4199364129071,50,12.282431854453641
350_50_HZ,-6.80281257629395,820,584.158880982694,50,12.289435757293674
351_50_HZ,-6.83491086959839,802,574.031634692735,50,12.297200332898889
352_50_HZ,-6.83491086959839,800,572.600134356843,50,12.29792448746295
353_50_HZ,-6.90485000610352,800,578.459367054523,50,12.29792448746295
354_50_HZ,-6.90485000610352,796,575.56707021925,50,12.299289650955824
355_50_HZ,-6.94936943054199,804,585.099961239537,50,12.296448463123081
356_50_HZ,-6.94936943054199,798,580.733543618346,50,12.29862092681526
357_50_HZ,-6.916419506073,779,564.2186142176209,50,12.30385480447627
358_50_HZ,-6.916419506073,769,556.975756525482,50,12.305604800503556
359_50_HZ,-7.04714727401733,772,569.71711559928,50,12.30515255412621
360_50_HZ,-7.04714727401733,775,571.931042214303,50,12.30463794852243
361_50_HZ,-7.09364557266235,780,579.4189459104731,50,12.303641696457388
362_50_HZ,-7.09364557266235,768,570.504808281081,50,12.30574169169013
363_50_HZ,-7.00798654556274,751,551.1398629128599,50,12.307008735012522
364_50_HZ,-7.00798654556274,732,537.1962445435599,50,12.30605519165071
365_50_HZ,-7.22316360473633,728,550.664985916229,50,12.305535720744695
366_50_HZ,-7.22316360473633,730,552.177801811603,50,12.305809313803577
367_50_HZ,-7.4090461730957,722,560.1806618431971,50,12.304548650297562
368_50_HZ,-7.4090461730957,707,548.542559450333,50,12.300989687717136
369_50_HZ,-7.46362352371216,702,548.6753620099099,50,12.299456926710139
370_50_HZ,-7.46362352371216,706,551.801717348998,50,12.300696993121612
371_50_HZ,-7.59077882766724,720,572.331231260933,50,12.304164196391687
372_50_HZ,-7.59077882766724,728,578.690467163833,50,12.305535720744695
373_50_HZ,-7.41789484024048,726,563.956908538695,50,12.305234412474066
374_50_HZ,-7.41789484024048,721,560.0729077911831,50,12.304359887746093
375_50_HZ,-7.36999559402466,725,559.5434846764031,50,12.305073365134346
376_50_HZ,-7.36999559402466,731,564.174189377173,50,12.305935717128612
377_50_HZ,-7.42190742492676,735,571.256928283424,50,12.306372042399381
378_50_HZ,-7.42190742492676,739,574.365809525783,50,12.306697506823156
379_50_HZ,-7.31170797348023,738,565.072039087069,50,12.306626533921618
380_50_HZ,-7.31170797348023,732,560.477957468475,50,12.30605519165071
381_50_HZ,-7.32212352752686,736,564.343427960908,50,12.30646380170973
382_50_HZ,-7.32212352752686,730,559.7428021894871,50,12.305809313803577
383_50_HZ,-7.40989780426025,721,559.4691104083081,50,12.304359887746093
384_50_HZ,-7.40989780426025,715,554.8133341774491,50,12.303081807575602
385_50_HZ,-7.49899196624756,712,559.128319477042,50,12.302349228650705
386_50_HZ,-7.49899196624756,710,557.557734309972,50,12.301826198686088
387_50_HZ,-7.56909608840942,712,564.355330606506,50,12.302349228650705
388_50_HZ,-7.56909608840942,716,567.525866171711,50,12.303312142944693
389_50_HZ,-7.47090625762939,714,558.598939529496,50,12.302844543403573
390_50_HZ,-7.47090625762939,713,557.816588073572,50,12.302600350428609
391_50_HZ,-7.42344617843628,707,549.6086980647949,50,12.300989687717136
392_50_HZ,-7.42344617843628,701,544.944409255192,50,12.299129588099929
393_50_HZ,-7.57865953445435,689,546.814770724646,50,12.294661078148309
394_50_HZ,-7.57865953445435,671,532.529334043886,50,12.286087536427864
395_50_HZ,-7.80202627182007,661,540.054355806527,50,12.280354425283091
396_50_HZ,-7.80202627182007,661,540.054355806527,50,12.280354425283091
397_50_HZ,-7.9017276763916,667,551.9204704124901,50,12.2838774376052
398_50_HZ,-7.9017276763916,660,546.128201607561,50,12.279743005752461
399_50_HZ,-7.83022165298462,659,540.366092310821,50,12.279124657418892
400_50_HZ,-7.83022165298462,656,537.906155623519,50,12.277228039600566
401_50_HZ,-7.85701560974121,647,532.341743629643,50,12.271164030786979
402_50_HZ,-7.85701560974121,640,526.582250267344,50,12.266059566523046
403_50_HZ,-7.94544982910156,636,529.1809868820741,50,12.262990296136183
404_50_HZ,-7.94544982910156,622,517.5323488060541,50,12.251374820612089
405_50_HZ,-8.095627784729,596,505.272190676973,50,12.22620024568291
406_50_HZ,-8.095627784729,575,487.46897590479796,50,12.202447570913735
407_50_HZ,-8.33640956878662,566,494.110485801959,50,12.191332464759011
408_50_HZ,-8.33640956878662,564,492.364512353895,50,12.188786224336765
409_50_HZ,-8.41563224792481,565,497.924871777627,50,12.190062808949357
410_50_HZ,-8.41563224792481,580,511.144116161104,50,12.208380121785785
411_50_HZ,-8.30116367340088,608,528.531882572651,50,12.238401299712324
412_50_HZ,-8.30116367340088,621,539.832728746079,50,12.25049317776691
413_50_HZ,-8.01401519775391,628,527.033756522945,50,12.256519172821475
414_50_HZ,-8.01401519775391,637,534.586788065471,50,12.263768006937305
415_50_HZ,-7.86273193359375,636,523.671811682108,50,12.262990296136183
416_50_HZ,-7.86273193359375,630,518.731511571899,50,12.258178526467775
417_50_HZ,-7.92019462585449,627,520.034341891511,50,12.25567910279392
418_50_HZ,-7.92019462585449,606,502.61692374203506,50,12.236437078736792
419_50_HZ,-8.11702537536621,585,497.257560437783,50,12.214139452584407
420_50_HZ,-8.11702537536621,580,493.007495818657,50,12.208380121785785
421_50_HZ,-8.38359546661377,592,519.733427397915,50,12.221911505979119
422_50_HZ,-8.38359546661377,614,539.047845307973,50,12.244127671368426
423_50_HZ,-8.17629814147949,629,538.56234378265,50,12.257352314046095
424_50_HZ,-8.17629814147949,637,545.4121033220159,50,12.263768006937305
425_50_HZ,-7.88735485076904,635,524.48579033221,50,12.262205656532124
426_50_HZ,-7.88735485076904,642,530.267523453982,50,12.267552628898855
427_50_HZ,-7.89232921600342,672,555.396414165338,50,12.286622739126187
428_50_HZ,-7.89232921600342,730,603.3324141974659,50,12.305809313803577
429_50_HZ,-7.43130588531494,734,571.202120284049,50,12.306273354286095
430_50_HZ,-7.43130588531494,646,502.720122211847,50,12.270455608015228
431_50_HZ,-7.3906888961792,584,451.987449403425,50,12.213001444030557
432_50_HZ,-7.3906888961792,556,430.316818267644,50,12.178324110530292
433_50_HZ,-8.64066123962402,550,497.66634705317904,50,12.170186515452082
434_50_HZ,-8.64066123962402,538,486.808172208382,50,12.153163014578455
435_50_HZ,-8.63911724090576,514,465.008718699612,50,12.116122769962375
436_50_HZ,-8.63911724090576,511,462.29466003015904,50,12.111212122866412
437_50_HZ,-8.67892169952393,513,466.242384487101,50,12.114492816399991
438_50_HZ,-8.67892169952393,512,465.333529936444,50,12.112855934034672
439_50_HZ,-8.68729305267334,511,464.872624069668,50,12.111212122866412
440_50_HZ,-8.68729305267334,504,458.50450593172695,50,12.09951143820637
441_50_HZ,-8.56018352508545,495,443.728050179736,50,12.083968826974845
442_50_HZ,-8.56018352508545,497,445.520890786523,50,12.08747124220241
443_50_HZ,-8.56679344177246,508,455.733149179748,50,12.106239116544018
444_50_HZ,-8.56679344177246,530,475.469624144226,50,12.14125970976107
445_50_HZ,-8.43980503082275,544,480.794963158126,50,12.161799483468135
446_50_HZ,-8.43980503082275,547,483.44640596965996,50,12.166024179073325
447_50_HZ,-8.27983856201172,548,475.150330257257,50,12.167418553335848
448_50_HZ,-8.27983856201172,546,473.416204964348,50,12.164622876007867
449_50_HZ,-8.30000591278076,535,465.008410496003,50,12.148751241293963
450_50_HZ,-8.30000591278076,522,453.70914070825,50,12.12891296155571
451_50_HZ,-8.45285606384277,504,446.131212247451,50,12.09951143820637
452_50_HZ,-8.45285606384277,477,422.231325877052,50,12.05119990539808
453_50_HZ,-8.75032901763916,446,408.684195799425,50,11.9895021146296
454_50_HZ,-8.75032901763916,435,398.604540746076,50,11.966008796684896
455_50_HZ,-8.98886680603027,442,416.05987195710895,50,11.981056093163554
456_50_HZ,-8.98886680603027,464,436.768734362214,50,12.02613730824526
457_50_HZ,-8.79334163665772,486,447.52658640584497,50,12.067864982705414
458_50_HZ,-8.79334163665772,487,448.447423003388,50,12.0696820139471
459_50_HZ,-8.50829219818115,469,417.87258411793397,50,12.035915344747394
460_50_HZ,-8.50829219818115,443,394.706939795831,50,11.983177991734472
461_50_HZ,-8.79404163360596,430,395.991239394353,50,11.955052863683457
462_50_HZ,-8.79404163360596,418,384.940321085674,50,11.928051886580418
463_50_HZ,-9.07105731964111,390,370.468367973653,50,11.86116947702856
464_50_HZ,-9.07105731964111,377,358.119422374531,50,11.828270403753889
465_50_HZ,-9.18050765991211,386,371.092884484434,50,11.851171403704605
466_50_HZ,-9.18050765991211,410,394.166017198492,50,11.909496930943426
467_50_HZ,-8.97410297393799,427,401.280020912895,50,11.948396158247348
468_50_HZ,-8.97410297393799,432,405.97885019759,50,11.959456023292844
469_50_HZ,-8.61771869659424,425,383.53930831698,50,11.94392371060859
470_50_HZ,-8.61771869659424,415,374.51485400363896,50,11.921145744238574
471_50_HZ,-8.79112243652344,411,378.368318681243,50,11.91184055120833
472_50_HZ,-8.79112243652344,394,362.71804759223704,50,11.871056689505519
473_50_HZ,-9.05916404724121,375,355.752542439933,50,11.823105075821422
474_50_HZ,-9.05916404724121,355,336.779073509804,50,11.769927459850592
475_50_HZ,-9.22820091247559,340,328.567480954043,50,11.728225437101482
476_50_HZ,-9.22820091247559,345,333.39935567395503,50,11.742299331424613
477_50_HZ,-9.25879001617432,350,339.35238418005895,50,11.756200005674316
478_50_HZ,-9.25879001617432,367,355.835214268805,50,11.802166611974071
479_50_HZ,-8.95362186431885,397,372.235561998111,50,11.8783993464324
480_50_HZ,-8.95362186431885,432,405.052299201975,50,11.959456023292844
481_50_HZ,-8.6113748550415,450,405.80146133648395,50,11.997837275248651
482_50_HZ,-8.6113748550415,450,405.80146133648395,50,11.997837275248651
483_50_HZ,-8.47082805633545,485,430.225574257866,50,12.066041022660793
484_50_HZ,-8.47082805633545,583,517.1577521491461,50,12.211856506673769
485_50_HZ,-8.15716743469238,675,576.596217797133,50,12.288186774403535
486_50_HZ,-8.15716743469238,702,599.6600665090191,50,12.299456926710139
487_50_HZ,-6.96877098083496,662,483.106421335201,50,12.280958916010785
488_50_HZ,-6.96877098083496,585,426.914284714641,50,12.214139452584407
489_50_HZ,-7.88614559173584,515,425.30515408453,50,12.117745794721822
490_50_HZ,-7.88614559173584,469,387.316732554649,50,12.035915344747394
491_50_HZ,-9.16709518432617,420,403.18989047224,50,11.932621337460295
492_50_HZ,-9.16709518432617,387,371.510684792279,50,11.85368131524
493_50_HZ,-9.38409042358398,372,365.564262453707,50,11.815305117900694
494_50_HZ,-9.38409042358398,369,362.616163562952,50,11.807442800753531
495_50_HZ,-9.18866157531738,372,357.951198781421,50,11.815305117900694
496_50_HZ,-9.18866157531738,385,370.460246050664,50,11.848654563366274
497_50_HZ,-8.94947242736816,390,365.502753097272,50,11.86116947702856
498_50_HZ,-8.94947242736816,396,371.125872375691,50,11.875958722926377
499_50_HZ,-8.84561824798584,401,371.450711401373,50,11.888092552427121
500_50_HZ,-8.84561824798584,407,377.00857740737797,50,11.902424497331092
501_50_HZ,-8.80106163024902,407,375.10951518444,50,11.902424497331092
502_50_HZ,-8.80106163024902,390,359.44155017673603,50,11.86116947702856
503_50_HZ,-8.88016414642334,363,337.564083260865,50,11.791531088779905
504_50_HZ,-8.88016414642334,351,326.40494001257196,50,11.758959354115445
505_50_HZ,-9.20028972625732,347,334.31786558687196,50,11.747880387533305
506_50_HZ,-9.20028972625732,329,316.975728467092,50,11.696653134932133
507_50_HZ,-9.26971817016602,320,310.631243482981,50,11.670197659074688
508_50_HZ,-9.26971817016602,315,305.77763030356,50,11.655257664384422
509_50_HZ,-9.27111721038818,330,320.386822440895,50,11.69955798823494
510_50_HZ,-9.27111721038818,333,323.299429917631,50,11.708230975325742
511_50_HZ,-9.18598365783691,334,321.292632849344,50,11.711108113416802
512_50_HZ,-9.18598365783691,318,305.901369000273,50,11.664242447607393
513_50_HZ,-9.29485511779785,299,291.033144360412,50,11.606285642482138
514_50_HZ,-9.29485511779785,290,282.272949379664,50,11.57795938983168
515_50_HZ,-9.40138721466065,296,291.41524357473196,50,11.596905917491753
516_50_HZ,-9.40138721466065,306,301.26035315495903,50,11.627929159356906
517_50_HZ,-9.26923561096191,322,312.55641964617996,50,11.676125155330237
518_50_HZ,-9.26923561096191,350,339.735238745848,50,11.756200005674316
519_50_HZ,-9.05055141448975,366,346.884395355554,50,11.799518124379935
520_50_HZ,-9.05055141448975,357,338.354451207467,50,11.775369939900543
521_50_HZ,-8.94264507293701,327,306.226218130991,50,11.690822641917704
522_50_HZ,-8.94264507293701,292,273.44971160320904,50,11.584302614263454
523_50_HZ,-9.37171459197998,250,245.35091483409,50,11.445274706729075
524_50_HZ,-9.37171459197998,214,210.02038309798098,50,11.31637988951879
525_50_HZ,-9.78891468048096,171,175.290866084296,50,11.150653619395637
526_50_HZ,-9.78891468048096,138,141.462804208379,50,11.014779623441267
527_50_HZ,-10.07799243927,136,143.529632771532,50,11.006302327704871
528_50_HZ,-10.07799243927,134,141.418902877833,50,10.997797316756726
529_50_HZ,-9.92051124572754,147,152.714408539535,50,11.052584478509665
530_50_HZ,-9.92051124572754,164,170.375258506692,50,11.122462383745319
531_50_HZ,-9.52070426940918,189,188.434102910393,50,11.221586387549896
532_50_HZ,-9.52070426940918,225,224.32631298856302,50,11.356717127403561
533_50_HZ,-9.31982421875,235,229.352873865602,50,11.392659819354048
534_50_HZ,-9.31982421875,218,212.761389373197,50,11.331144979263463
535_50_HZ,-9.27700424194336,177,171.952945205168,50,11.174547312352791
536_50_HZ,-9.27700424194336,128,124.350152464754,50,10.972115992641802
537_50_HZ,-9.97966384887695,114,119.137742284901,50,10.91122287062912
538_50_HZ,-9.97966384887695,114,119.137742284901,50,10.91122287062912
539_50_HZ,-10.1778907775879,132,140.68905652036202,50,10.989264590596834
540_50_HZ,-10.1778907775879,134,142.820708891882,50,10.997797316756726
541_50_HZ,-9.57739543914795,152,152.447266745316,50,11.073344667667088
542_50_HZ,-9.57739543914795,158,158.46492201157798,50,11.098028244159071
543_50_HZ,-9.50840091705322,161,160.31050838200102,50,11.110276493565411
544_50_HZ,-9.50840091705322,151,150.353333948337,50,11.069206487441477
545_50_HZ,-9.5290994644165,161,160.65948076081398,50,11.110276493565411
546_50_HZ,-9.5290994644165,160,159.661595787144,50,11.106200672566235
547_50_HZ,-9.65343475341797,160,161.74485008693,50,11.106200672566235
548_50_HZ,-9.65343475341797,147,148.603081017367,50,11.052584478509665
549_50_HZ,-9.6724443435669,150,151.93440078148097,50,11.06506137841293
550_50_HZ,-9.6724443435669,142,143.831232739802,50,11.031651069278816
551_50_HZ,-9.74375534057617,144,146.932362301473,50,11.040045219379966
552_50_HZ,-9.74375534057617,134,136.728726030538,50,10.997797316756726
553_50_HZ,-9.67907810211182,140,141.90270170452501,50,11.023229203965915
554_50_HZ,-9.67907810211182,136,137.848338798681,50,11.006302327704871
555_50_HZ,-9.64643859863281,135,136.373314217293,50,11.002053286632268
556_50_HZ,-9.64643859863281,119,120.210551050799,50,10.933126312271163
557_50_HZ,-9.6436882019043,103,104.018124550016,50,10.862425564358162
558_50_HZ,-9.6436882019043,81,81.8006610538961,50,10.762315796350084
559_50_HZ,-10.0295763015747,50,52.5147372423298,50,10.61556002072588
560_50_HZ,-10.0295763015747,29,30.4585476005513,50,10.512361691480026
561_50_HZ,-10.205584526062,20,21.3745266240187,50,10.467198447692438
562_50_HZ,-10.205584526062,17,18.1683476304159,50,10.452019314643708
563_50_HZ,-9.94538307189941,17,17.7051277103085,50,10.452019314643708
564_50_HZ,-9.94538307189941,14,14.5806934084893,50,10.436777822368544
565_50_HZ,-9.65751171112061,11,11.124654759133302,50,10.421473970866947
566_50_HZ,-9.65751171112061,10,10.113322508303,50,10.416358829427207
567_50_HZ,-9.60976982116699,10,10.0633278408205,50,10.416358829427207
568_50_HZ,-9.60976982116699,10,10.0633278408205,50,10.416358829427207
569_50_HZ,-9.51503562927246,9,8.967709481557401,50,10.41123675918453
570_50_HZ,-9.51503562927246,9,8.967709481557401,50,10.41123675918453
571_50_HZ,-9.44480991363525,9,8.90152401953749,50,10.41123675918453
572_50_HZ,-9.44480991363525,10,9.890582243930549,50,10.416358829427207
573_50_HZ,-9.47366237640381,11,10.9128759329724,50,10.421473970866947
574_50_HZ,-9.47366237640381,10,9.92079630270218,50,10.416358829427207
575_50_HZ,-9.5753698348999,9,9.02457304751816,50,10.41123675918453
576_50_HZ,-9.5753698348999,10,10.0273033861313,50,10.416358829427207
577_50_HZ,-9.5294132232666,10,9.97917815037881,50,10.416358829427207
578_50_HZ,-9.5294132232666,10,9.97917815037881,50,10.416358829427207
579_50_HZ,-9.47069549560547,12,11.901226804819,50,10.426582183503749
580_50_HZ,-9.47069549560547,10,9.917689004015811,50,10.416358829427207
581_50_HZ,-9.60115814208984,12,12.0651709150233,50,10.426582183503749
582_50_HZ,-9.60115814208984,11,11.059740005438,50,10.421473970866947
583_50_HZ,-9.71405792236328,11,11.189791823629,50,10.421473970866947
584_50_HZ,-9.71405792236328,10,10.1725380214809,50,10.416358829427207
585_50_HZ,-9.76527309417725,9,9.20355345185366,50,10.41123675918453
586_50_HZ,-9.76527309417725,9,9.20355345185366,50,10.41123675918453
587_50_HZ,-9.77535724639893,8,8.1893842120601,50,10.406107760138914
588_50_HZ,-9.77535724639893,15,15.3550953976127,50,10.441865248596535
589_50_HZ,-9.66901874542236,145,146.817905080673,50,11.044231901226137
590_50_HZ,-9.66901874542236,520,526.519383737587,50,12.125756986474999
591_50_HZ,-7.42286920547485,908,705.8074989973339,50,12.219159672991811
592_50_HZ,-7.42286920547485,1177,914.9068571804651,50,11.671641594522082
593_50_HZ,-1.93565988540649,1336,270.809637277275,50,11.112256218362011
594_50_HZ,-1.93565988540649,1417,287.22848504633095,50,10.759938345203645
595_50_HZ,-0.182804375886917,1440,27.5662509347524,50,10.651610619327398
596_50_HZ,-0.182804375886917,1447,27.700253543463003,50,10.617913787143625
597_50_HZ,-0.100415997207165,1459,15.3421705936226,50,10.55935790557947
598_50_HZ,-0.100415997207165,1441,15.152890901583401,50,10.6468175725671
599_50_HZ,-0.0813990607857704,1438,12.2576414274366,50,10.661175926439187
600_50_HZ,-0.0813990607857704,1416,12.0701114473228,50,10.764565100693455
601_50_HZ,-0.0813222602009773,1413,12.033174408631,50,10.77840379434526
602_50_HZ,-0.0813222602009773,1433,12.2034953485974,50,10.684967940167256
603_50_HZ,-0.0794753879308701,1425,11.8597661446023,50,10.722674864379437
604_50_HZ,-0.0794753879308701,1430,11.901379359144801,50,10.699160002768853
01_60_HZ,-0.008464183658361435,0,0.0,60,13.446600458365166
02_60_HZ,-0.008464183658361435,0,0.0,60,13.446600458365166
03_60_HZ,-0.009535946883261204,0,0.0,60,13.446600458365166
04_60_HZ,-0.009535946883261204,0,0.0,60,13.446600458365166
05_60_HZ,-0.008766476064920425,0,0.0,60,13.446600458365166
06_60_HZ,-0.008766476064920425,0,0.0,60,13.446600458365166
07_60_HZ,-0.007887080311775208,0,0.0,60,13.446600458365166
08_60_HZ,-0.007887080311775208,0,0.0,60,13.446600458365166
09_60_HZ,-0.00981075782328844,0,0.0,60,13.446600458365166
10_60_HZ,-0.00981075782328844,0,0.0,60,13.446600458365166
11_60_HZ,-0.009508466348052025,0,0.0,60,13.446600458365166
12_60_HZ,-0.009508466348052025,0,0.0,60,13.446600458365166
13_60_HZ,-0.007749674376100302,0,0.0,60,13.446600458365166
14_60_HZ,-0.007749674376100302,0,0.0,60,13.446600458365166
15_60_HZ,-0.007364938966929913,0,0.0,60,13.446600458365166
16_60_HZ,-0.007364938966929913,0,0.0,60,13.446600458365166
17_60_HZ,-0.00794204231351614,0,0.0,60,13.446600458365166
18_60_HZ,-0.00794204231351614,0,0.0,60,13.446600458365166
19_60_HZ,-0.009673352353274822,0,0.0,60,13.446600458365166
20_60_HZ,-0.009673352353274822,0,0.0,60,13.446600458365166
21_60_HZ,-0.00805196724832058,0,0.0,60,13.446600458365166
22_60_HZ,-0.00805196724832058,0,0.0,60,13.446600458365166
23_60_HZ,-0.008161891251802444,0,0.0,60,13.446600458365166
24_60_HZ,-0.008161891251802444,0,0.0,60,13.446600458365166
25_60_HZ,-0.006760354153811932,0,0.0,60,13.446600458365166
26_60_HZ,-0.006760354153811932,0,0.0,60,13.446600458365166
27_60_HZ,-0.006650429684668779,0,0.0,60,13.446600458365166
28_60_HZ,-0.006650429684668779,0,0.0,60,13.446600458365166
29_60_HZ,-0.007419900968670845,0,0.0,60,13.446600458365166
30_60_HZ,-0.007419900968670845,0,0.0,60,13.446600458365166
31_60_HZ,-0.007337457966059446,0,0.0,60,13.446600458365166
32_60_HZ,-0.007337457966059446,0,0.0,60,13.446600458365166
33_60_HZ,-0.0076397499069571495,0,0.0,60,13.446600458365166
34_60_HZ,-0.0076397499069571495,0,0.0,60,13.446600458365166
35_60_HZ,-0.00972831528633833,0,0.0,60,13.446600458365166
36_60_HZ,-0.00972831528633833,0,0.0,60,13.446600458365166
37_60_HZ,-0.010140531696379185,0,0.0,60,13.446600458365166
38_60_HZ,-0.010140531696379185,0,0.0,60,13.446600458365166
39_60_HZ,-0.008903881534934044,0,0.0,60,13.446600458365166
40_60_HZ,-0.008903881534934044,0,0.0,60,13.446600458365166
41_60_HZ,-0.008161891251802444,0,0.0,60,13.446600458365166
42_60_HZ,-0.008161891251802444,0,0.0,60,13.446600458365166
43_60_HZ,-0.00805196724832058,0,0.0,60,13.446600458365166
44_60_HZ,-0.00805196724832058,0,0.0,60,13.446600458365166
45_60_HZ,-0.00824433472007513,0,0.0,60,13.446600458365166
46_60_HZ,-0.00824433472007513,0,0.0,60,13.446600458365166
47_60_HZ,-0.0077221933752298355,0,0.0,60,13.446600458365166
48_60_HZ,-0.0077221933752298355,0,0.0,60,13.446600458365166
49_60_HZ,-0.00992068275809288,0,0.0,60,13.446600458365166
50_60_HZ,-0.00992068275809288,0,0.0,60,13.446600458365166
51_60_HZ,-0.009865720756351948,0,0.0,60,13.446600458365166
52_60_HZ,-0.009865720756351948,0,0.0,60,13.446600458365166
53_60_HZ,-0.008821438066661358,0,0.0,60,13.446600458365166
54_60_HZ,-0.008821438066661358,0,0.0,60,13.446600458365166
55_60_HZ,-0.007969523780047894,0,0.0,60,13.446600458365166
56_60_HZ,-0.007969523780047894,0,0.0,60,13.446600458365166
57_60_HZ,-0.007392419967800379,0,0.0,60,13.446600458365166
58_60_HZ,-0.007392419967800379,0,0.0,60,13.446600458365166
59_60_HZ,-0.008738994598388672,0,0.0,60,13.446600458365166
60_60_HZ,-0.008738994598388672,0,0.0,60,13.446600458365166
61_60_HZ,-0.009426022879779339,0,0.0,60,13.446600458365166
62_60_HZ,-0.009426022879779339,0,0.0,60,13.446600458365166
63_60_HZ,-0.007419900968670845,0,0.0,60,13.446600458365166
64_60_HZ,-0.007419900968670845,0,0.0,60,13.446600458365166
65_60_HZ,-0.008601589128375053,0,0.0,60,13.446600458365166
66_60_HZ,-0.008601589128375053,0,0.0,60,13.446600458365166
67_60_HZ,-0.009123730473220348,15,0.014331522020848699,60,13.443455003819711
68_60_HZ,-0.009123730473220348,111,0.10605326295428,60,13.41721324369748
69_60_HZ,-0.014482547529041767,227,0.344270210408054,60,13.371401780494017
70_60_HZ,-0.014482547529041767,376,0.5702449300151019,60,13.289914450725744
71_60_HZ,-0.03363688662648201,517,1.82110477649984,60,13.189353265087853
72_60_HZ,-0.03363688662648201,624,2.19800653875416,60,13.097823388846447
73_60_HZ,-0.0469927079975605,720,3.54316664900983,60,13.00452742551566
74_60_HZ,-0.0469927079975605,804,3.9565360913943097,60,12.914222655462185
75_60_HZ,-0.04163388907909393,867,3.78002526746885,60,12.841183211611916
76_60_HZ,-0.04163388907909393,921,4.015459367172791,60,12.774954817417875
77_60_HZ,-0.032702527940273285,968,3.31501342294298,60,12.714589343519226
78_60_HZ,-0.032702527940273285,1007,3.44857284804089,60,12.66257543977591
79_60_HZ,-0.02624446526169777,1041,2.8609948342644302,60,12.615806643239113
80_60_HZ,-0.02624446526169777,1072,2.94619256708114,60,12.572008971734148
81_60_HZ,-0.021078014746308327,1091,2.40814751656228,60,12.544620445123504
82_60_HZ,-0.021078014746308327,1106,2.44125678580924,60,12.522705456582633
83_60_HZ,-0.018329903483390808,1126,2.16136043405267,60,12.493084045836516
84_60_HZ,-0.018329903483390808,1145,2.1978309919984897,60,12.464518767507002
85_60_HZ,-0.018137536942958832,1156,2.19565824117003,60,12.447791731092437
86_60_HZ,-0.018137536942958832,1189,2.25833706639374,60,12.396777949579832
87_60_HZ,-0.025639880448579788,1215,3.26227745084819,60,12.355705576776165
88_60_HZ,-0.025639880448579788,1229,3.29986747908841,60,12.333268542908073
89_60_HZ,-0.03580789268016815,1247,4.67599288591924,60,12.304090611662847
90_60_HZ,-0.03580789268016815,1257,4.7134908240581295,60,12.287720079449961
91_60_HZ,-0.033829253166913986,1278,4.52743140775011,60,12.252968635599695
92_60_HZ,-0.033829253166913986,1295,4.58765545621001,60,12.224466055513115
93_60_HZ,-0.026904011145234108,1309,3.6879524330240603,60,12.200744458365165
94_60_HZ,-0.026904011145234108,1333,3.75556958993206,60,12.159555862490452
95_60_HZ,-0.024513155221939087,1362,3.49626976490305,60,12.108904892284187
96_60_HZ,-0.024513155221939087,1380,3.54247597324979,60,12.076981207028266
97_60_HZ,-0.021874967962503433,1399,3.20474703785245,60,12.042880837280368
98_60_HZ,-0.021874967962503433,1414,3.23910815691449,60,12.015667025210085
99_60_HZ,-0.019786402583122253,1444,2.9920073924971797,60,11.960465222307105
100_60_HZ,-0.019786402583122253,1457,3.0189437471387803,60,11.936223873694933
101_60_HZ,-0.01901693269610405,1471,2.9294206573748096,60,11.909901035905273
102_60_HZ,-0.01901693269610405,1489,2.96526672932094,60,11.875727071046601
103_60_HZ,-0.016351263970136642,1508,2.58214888522625,60,11.839251406162466
104_60_HZ,-0.016351263970136642,1522,2.6061210897310096,60,11.812109659281896
105_60_HZ,-0.015059650875627995,1551,2.44599367039685,60,11.75517235752483
106_60_HZ,-0.015059650875627995,1560,2.46018705726569,60,11.73730603514133
107_60_HZ,-0.01618637703359127,1575,2.6696776487330998,60,11.707322383498855
108_60_HZ,-0.01618637703359127,1587,2.69001804986631,60,11.683149659281897
109_60_HZ,-0.015389424748718739,1613,2.59947333554061,60,11.630208839317547
110_60_HZ,-0.015389424748718739,1631,2.62848171746233,60,11.593103317545202
111_60_HZ,-0.014125293120741844,1647,2.43623787528628,60,11.559808666157375
112_60_HZ,-0.014125293120741844,1679,2.4835721873744103,60,11.492338519989817
113_60_HZ,-0.01566423662006855,1703,2.79352444595543,60,11.440965172396234
114_60_HZ,-0.01566423662006855,1718,2.81812976990688,60,11.408521352686531
115_60_HZ,-0.017313102260231972,1714,3.10752291336402,60,11.417198270435449
116_60_HZ,-0.017313102260231972,1732,3.1401573430259497,60,11.378007627196336
117_60_HZ,-0.015279499813914299,1726,2.76171307157421,60,11.391112464476702
118_60_HZ,-0.015279499813914299,1737,2.77931379219259,60,11.36705538884645
119_60_HZ,-0.013300859369337559,1744,2.42915269311452,60,11.351674084033617
120_60_HZ,-0.013300859369337559,1752,2.44029559537651,60,11.334026634071813
121_60_HZ,-0.014290180057287216,1747,2.61432286438149,60,11.345064892284189
122_60_HZ,-0.014290180057287216,1741,2.60534407950096,60,11.358272953399545
123_60_HZ,-0.015609273687005043,1734,2.83439518405585,60,11.37363017265088
124_60_HZ,-0.015609273687005043,1742,2.84747197844596,60,11.356074477209068
125_60_HZ,-0.014125293120741844,1750,2.58859519231997,60,11.338445378151263
126_60_HZ,-0.014125293120741844,1743,2.57824081155069,60,11.353874854087092
127_60_HZ,-0.014619952999055386,1745,2.67159139615153,60,11.34947216704864
128_60_HZ,-0.014619952999055386,1741,2.6654674044125097,60,11.358272953399545
129_60_HZ,-0.015087132342159748,1735,2.74116258989734,60,11.371439724980904
130_60_HZ,-0.015087132342159748,1749,2.76328148111265,60,11.340653029793739
131_60_HZ,-0.01401536911725998,1749,2.56698279666201,60,11.340653029793739
132_60_HZ,-0.01401536911725998,1744,2.5596443667115802,60,11.351674084033617
133_60_HZ,-0.015389424748718739,1741,2.8057551625394903,60,11.358272953399545
134_60_HZ,-0.015389424748718739,1736,2.79769727867235,60,11.369248130379427
135_60_HZ,-0.01494972687214613,1734,2.7146320072647496,60,11.37363017265088
136_60_HZ,-0.01494972687214613,1734,2.7146320072647496,60,11.37363017265088
137_60_HZ,-0.012861162424087524,1738,2.34076921835463,60,11.364861500381974
138_60_HZ,-0.012861162424087524,1745,2.35019694247918,60,11.34947216704864
139_60_HZ,-0.014647434465587139,1727,2.64900342098254,60,11.388931192258724
140_60_HZ,-0.014647434465587139,1731,2.65513892398423,60,11.380194634071813
141_60_HZ,-0.014345142059028149,1731,2.60034243587199,60,11.380194634071813
142_60_HZ,-0.014345142059028149,1730,2.5988402160939,60,11.382380494015791
143_60_HZ,-0.01096496544778347,1736,1.9933593110540497,60,11.369248130379427
144_60_HZ,-0.01096496544778347,1732,1.9887663172497803,60,11.378007627196336
145_60_HZ,-0.015224537812173367,1732,2.76134471116886,60,11.378007627196336
146_60_HZ,-0.015224537812173367,1735,2.76612764080715,60,11.371439724980904
147_60_HZ,-0.016571111977100372,1747,3.03160901388853,60,11.345064892284189
148_60_HZ,-0.016571111977100372,1741,3.0211970768059198,60,11.358272953399545
149_60_HZ,-0.015361943282186985,1729,2.78144049797038,60,11.384565207028269
150_60_HZ,-0.015361943282186985,1730,2.78304919692814,60,11.382380494015791
151_60_HZ,-0.013987887650728226,1726,2.52825890904905,60,11.391112464476702
152_60_HZ,-0.013987887650728226,1736,2.54290699079325,60,11.369248130379427
153_60_HZ,-0.014812321402132511,1732,2.68657906014443,60,11.378007627196336
154_60_HZ,-0.014812321402132511,1739,2.69743705865541,60,11.362666464985997
155_60_HZ,-0.02036350592970848,1752,3.7360723887892497,60,11.334026634071813
156_60_HZ,-0.02036350592970848,1741,3.71261531328886,60,11.358272953399545
157_60_HZ,-0.0369071364402771,1735,6.7056126743754305,60,11.371439724980904
158_60_HZ,-0.0369071364402771,1738,6.71720739369712,60,11.364861500381974
159_60_HZ,-0.06254702061414719,1745,11.4295902587235,60,11.34947216704864
160_60_HZ,-0.06254702061414719,1738,11.3837408995195,60,11.364861500381974
161_60_HZ,-0.11423899978399277,1722,20.600423289965903,60,11.399826084033617
162_60_HZ,-0.11423899978399277,1721,20.5884602102388,60,11.402001621594096
163_60_HZ,-0.18843801319599152,1726,34.0594721794684,60,11.391112464476702
164_60_HZ,-0.18843801319599152,1718,33.9016067232483,60,11.408521352686531
165_60_HZ,-0.2794554531574249,1714,50.1593658825377,60,11.417198270435449
166_60_HZ,-0.2794554531574249,1702,49.8081917923449,60,11.443118918258214
167_60_HZ,-0.39504101872444153,1711,70.78167496065001,60,11.423693915966389
168_60_HZ,-0.39504101872444153,1692,69.9956715566451,60,11.464593295645534
169_60_HZ,-0.5705628991127014,1683,100.55791853640899,60,11.483822172650882
170_60_HZ,-0.5705628991127014,1674,100.020175656535,60,11.502958148204739
171_60_HZ,-0.8156944513320923,1680,143.504465366738,60,11.490211153552332
172_60_HZ,-0.8156944513320923,1677,143.248207392869,60,11.496589812070285
173_60_HZ,-1.0205386877059937,1677,179.221933486341,60,11.496589812070285
174_60_HZ,-1.0205386877059937,1663,177.72574560989,60,11.52622040030558
175_60_HZ,-1.1933399438858032,1652,206.444273937644,60,11.549343873694935
176_60_HZ,-1.1933399438858032,1647,205.819442600061,60,11.559808666157375
177_60_HZ,-1.3242324590682983,1642,227.701564409196,60,11.570244785332317
178_60_HZ,-1.3242324590682983,1632,226.314831373818,60,11.591031003819712
179_60_HZ,-1.4920597076416016,1626,254.05944932360103,60,11.603447682200155
180_60_HZ,-1.4920597076416016,1617,252.653216209264,60,11.621995281894579
181_60_HZ,-1.7855304479599,1616,302.160192791393,60,11.62405039164757
182_60_HZ,-1.7855304479599,1601,299.355488031572,60,11.654739406162467
183_60_HZ,-2.018158197402954,1593,336.666255917302,60,11.671001362872424
184_60_HZ,-2.018158197402954,1579,333.707481540126,60,11.699283159663867
185_60_HZ,-2.3155863285064697,1568,380.220597416468,60,11.721346868347341
186_60_HZ,-2.3155863285064697,1562,378.76567166104803,60,11.733323125031832
187_60_HZ,-2.712386131286621,1547,439.410508572122,60,11.763083125031832
188_60_HZ,-2.712386131286621,1537,436.570104508954,60,11.782779758594348
189_60_HZ,-3.029930353164673,1535,487.04562434283497,60,11.786705322128853
190_60_HZ,-3.029930353164673,1532,486.09374364379397,60,11.792585065444362
191_60_HZ,-3.2122950553894043,1529,514.341458450636,60,11.79845448637637
192_60_HZ,-3.2122950553894043,1522,511.98672319285,60,11.812109659281896
193_60_HZ,-3.305510997772217,1512,523.382280403499,60,11.831519559969443
194_60_HZ,-3.305510997772217,1520,526.151498818332,60,11.816000814871405
195_60_HZ,-3.4760313034057617,1528,556.205978246208,60,11.800408666157374
196_60_HZ,-3.4760313034057617,1525,555.113950802007,60,11.806264323911384
197_60_HZ,-3.6518828868865967,1510,577.4606786836611,60,11.835387776928954
198_60_HZ,-3.6518828868865967,1482,566.7527985491299,60,11.889061103132164
199_60_HZ,-3.8664281368255615,1467,593.975680029777,60,11.917444785332316
200_60_HZ,-3.8664281368255615,1458,590.331657452907,60,11.934351126050421
201_60_HZ,-4.217416763305664,1446,638.6213582973829,60,11.956748400305578
202_60_HZ,-4.217416763305664,1422,628.021833678339,60,12.001047474407946
203_60_HZ,-4.60413122177124,1406,677.8937345539169,60,12.030213172396232
204_60_HZ,-4.60413122177124,1400,675.0008736667729,60,12.041074611662848
205_60_HZ,-4.969052791595459,1391,723.817971643801,60,12.05728935268653
206_60_HZ,-4.969052791595459,1372,713.931169730622,60,12.091215388846448
207_60_HZ,-5.279671669006348,1350,746.396026982202,60,12.129980901451491
208_60_HZ,-5.279671669006348,1347,744.737369144463,60,12.135224097784569
209_60_HZ,-5.617249965667725,1357,798.237654546576,60,12.117706634071812
210_60_HZ,-5.617249965667725,1372,807.061210050039,60,12.091215388846448
211_60_HZ,-5.688206195831299,1380,822.021223989999,60,12.076981207028266
212_60_HZ,-5.688206195831299,1380,822.021223989999,60,12.076981207028266
213_60_HZ,-5.48512077331543,1372,788.077480289757,60,12.091215388846448
214_60_HZ,-5.48512077331543,1350,775.440669381321,60,12.129980901451491
215_60_HZ,-5.550635814666748,1306,759.127138154408,60,12.205846582123758
216_60_HZ,-5.550635814666748,1264,734.714167402123,60,12.2761924644767
217_60_HZ,-6.086050033569336,1243,792.200805943755,60,12.310606710466004
218_60_HZ,-6.086050033569336,1245,793.4754653258051,60,12.307350954927426
219_60_HZ,-6.798030853271484,1258,895.555279266017,60,12.286076718105424
220_60_HZ,-6.798030853271484,1265,900.5384962412651,60,12.274541074611664
221_60_HZ,-6.8719000816345215,1270,913.922108948692,60,12.26626692131398
222_60_HZ,-6.8719000816345215,1275,917.52022748786,60,12.2579640947288
223_60_HZ,-6.748839855194092,1275,901.089482828837,60,12.2579640947288
224_60_HZ,-6.748839855194092,1263,892.608640637507,60,12.277842707410237
225_60_HZ,-6.69956636428833,1235,866.447503346797,60,12.323583855360326
226_60_HZ,-6.69956636428833,1204,844.698618647404,60,12.373176971734148
227_60_HZ,-7.0577826499938965,1197,884.68983584591,60,12.384222875477464
228_60_HZ,-7.0577826499938965,1200,886.907103604923,60,12.379495798319327
229_60_HZ,-7.573877811431885,1210,959.692903785036,60,12.363664323911383
230_60_HZ,-7.573877811431885,1220,967.624250097309,60,12.34771815635345
231_60_HZ,-7.459254264831543,1223,955.323533524971,60,12.342911940921823
232_60_HZ,-7.459254264831543,1230,960.791452359538,60,12.331657295645531
233_60_HZ,-7.18196964263916,1236,929.588310075138,60,12.321965726508786
234_60_HZ,-7.18196964263916,1235,928.836215973135,60,12.323583855360326
235_60_HZ,-7.03458833694458,1220,898.7256594291761,60,12.34771815635345
236_60_HZ,-7.03458833694458,1204,886.939093403875,60,12.373176971734148
237_60_HZ,-7.16025972366333,1184,887.787623108873,60,12.404587595620066
238_60_HZ,-7.16025972366333,1160,869.791928045856,60,12.441674764451236
239_60_HZ,-7.492313861846924,1137,892.082552911084,60,12.476596718105423
240_60_HZ,-7.492313861846924,1119,877.959873973177,60,12.5035037249809
241_60_HZ,-8.012520790100098,1105,927.17143221726,60,12.52417448433919
242_60_HZ,-8.012520790100098,1086,911.2291179981399,60,12.5518680947288
243_60_HZ,-8.460527420043945,1064,942.687324006246,60,12.583417114336644
244_60_HZ,-8.460527420043945,1044,924.967637464775,60,12.611616330022917
245_60_HZ,-8.736312866210938,1035,946.884779279727,60,12.624156302521008
246_60_HZ,-8.736312866210938,1033,945.05505023764,60,12.62693034682964
247_60_HZ,-8.973934173583984,1037,974.5188555308359,60,12.621377670486376
248_60_HZ,-8.973934173583984,1037,974.5188555308359,60,12.621377670486376
249_60_HZ,-9.038320541381836,1052,995.708278098473,60,12.600391696460402
250_60_HZ,-9.038320541381836,1072,1014.6380932714501,60,12.572008971734148
251_60_HZ,-8.921802520751953,1085,1013.70348603558,60,12.55331418385536
252_60_HZ,-8.921802520751953,1087,1015.5720638900201,60,12.55042085867074
253_60_HZ,-8.658319473266602,1080,979.2328954215391,60,12.56052742551566
254_60_HZ,-8.658319473266602,1075,974.699409794587,60,12.567711993888464
255_60_HZ,-8.615161895751953,1060,956.308306742244,60,12.589093659281893
256_60_HZ,-8.615161895751953,1025,924.732089066793,60,12.637980646804175
257_60_HZ,-8.894927978515625,984,916.571079796883,60,12.693461341482047
258_60_HZ,-8.894927978515625,957,891.421263582945,60,12.728944525592054
259_60_HZ,-9.507774353027344,958,953.834386683549,60,12.727645243697479
260_60_HZ,-9.507774353027344,980,975.738725417409,60,12.698770868347339
261_60_HZ,-9.690706253051758,1005,1019.88242526122,60,12.66528525592055
262_60_HZ,-9.690706253051758,1019,1034.08974262804,60,12.646220200662082
263_60_HZ,-9.424787521362305,1020,1006.70065793141,60,12.644849809014515
264_60_HZ,-9.424787521362305,1017,1003.73977364338,60,12.64895754316272
265_60_HZ,-9.319124221801758,1001,976.872310924605,60,12.67069112503183
266_60_HZ,-9.319124221801758,991,967.113346779504,60,12.684125512605041
267_60_HZ,-9.395380020141602,984,968.1398087960509,60,12.693461341482047
268_60_HZ,-9.395380020141602,979,963.220399198511,60,12.700095382734911
269_60_HZ,-9.615415573120117,973,979.736982635019,60,12.708018383498853
270_60_HZ,-9.615415573120117,958,964.6331237043661,60,12.727645243697479
271_60_HZ,-9.792123794555664,938,961.85219243042,60,12.753412964604022
272_60_HZ,-9.792123794555664,918,941.3436168988541,60,12.778721912910617
273_60_HZ,-9.972161293029785,902,941.94258787767,60,12.798638755283932
274_60_HZ,-9.972161293029785,884,923.145507410045,60,12.820694241914946
275_60_HZ,-10.276485443115234,873,939.479828831651,60,12.833989659281894
276_60_HZ,-10.276485443115234,860,925.4898657448109,60,12.849523503947033
277_60_HZ,-10.550968170166016,838,925.90182786789,60,12.875369980137508
278_60_HZ,-10.550968170166016,816,901.594142649401,60,12.900661341482047
279_60_HZ,-10.76149845123291,800,901.553156621851,60,12.918706391647568
280_60_HZ,-10.76149845123291,794,894.791507947187,60,12.925397587980646
281_60_HZ,-11.061263084411621,799,925.5078602883469,60,12.919824458365163
282_60_HZ,-11.061263084411621,801,927.824525770921,60,12.917587177998472
283_60_HZ,-11.040709495544434,810,936.506098516126,60,12.907462643239112
284_60_HZ,-11.040709495544434,852,985.06567399474,60,12.858986450725745
285_60_HZ,-10.798287391662598,894,1010.92982786157,60,12.8084870710466
286_60_HZ,-10.798287391662598,918,1038.06888364308,60,12.778721912910617
287_60_HZ,-10.25269889831543,924,992.061946456554,60,12.771177399541633
288_60_HZ,-10.25269889831543,923,990.988286341341,60,12.772437685765215
289_60_HZ,-9.898268699645996,925,958.803492849999,60,12.769915966386554
290_60_HZ,-9.898268699645996,911,944.291872417674,60,12.787471659791189
291_60_HZ,-10.040238380432129,898,944.167393527043,60,12.803572088617264
292_60_HZ,-10.040238380432129,886,931.550457310646,60,12.818261983193276
293_60_HZ,-10.317712783813477,875,945.409835538632,60,12.83158263305322
294_60_HZ,-10.317712783813477,913,986.467634110596,60,12.784977466768526
295_60_HZ,-10.425451278686523,955,1042.62187704277,60,12.731539648586708
296_60_HZ,-10.425451278686523,987,1077.55789805362,60,12.689467153552329
297_60_HZ,-9.883818626403809,965,998.804999338025,60,12.71851815635345
298_60_HZ,-9.883818626403809,935,967.754066716117,60,12.757238553603258
299_60_HZ,-9.55443000793457,895,895.481103418506,60,12.807260045836516
300_60_HZ,-9.55443000793457,860,860.46228931834,60,12.849523503947033
301_60_HZ,-10.292285919189453,830,894.578736301203,60,12.884631066972243
302_60_HZ,-10.292285919189453,809,871.944816467076,60,12.908592179271707
303_60_HZ,-10.89350414276123,787,897.782161672393,60,12.933151798319328
304_60_HZ,-10.89350414276123,785,895.500631401307,60,12.935356964604022
305_60_HZ,-11.129027366638184,777,905.53833539613,60,12.94413175248281
306_60_HZ,-11.129027366638184,776,904.372906393046,60,12.94522343977591
307_60_HZ,-11.1849946975708,780,913.606140863006,60,12.940849809014514
308_60_HZ,-11.1849946975708,778,911.263561014639,60,12.943038918258212
309_60_HZ,-11.158048629760742,766,895.046559065382,60,12.956077231474406
310_60_HZ,-11.158048629760742,761,889.204218601509,60,12.96146111739241
311_60_HZ,-11.175321578979492,748,875.367116926226,60,12.975325029793735
312_60_HZ,-11.175321578979492,738,863.664347983362,60,12.985857680672268
313_60_HZ,-11.275242805480957,737,870.205866019296,60,12.986904637636872
314_60_HZ,-11.275242805480957,717,846.59105283017,60,13.00760292131398
315_60_HZ,-11.387009620666504,709,845.443375849745,60,13.015753778456837
316_60_HZ,-11.387009620666504,690,822.786924310753,60,13.034817876241405
317_60_HZ,-11.481502532958984,678,815.186638456967,60,13.046645029793735
318_60_HZ,-11.481502532958984,669,804.36557688453,60,13.055407009931244
319_60_HZ,-11.711718559265137,667,818.040992925239,60,13.05734150038197
320_60_HZ,-11.711718559265137,670,821.720337721005,60,13.054438044308633
321_60_HZ,-11.785103797912598,676,834.274006304634,60,13.04860016501146
322_60_HZ,-11.785103797912598,690,851.551870340529,60,13.034817876241405
323_60_HZ,-11.555611610412598,704,851.910993228385,60,13.020810788897377
324_60_HZ,-11.555611610412598,714,864.012001654925,60,13.0106680947288
325_60_HZ,-11.36558723449707,716,852.184273832203,60,13.008625792717087
326_60_HZ,-11.36558723449707,714,849.8038708326719,60,13.0106680947288
327_60_HZ,-11.384476661682129,722,860.753642779721,60,13.002471360325949
328_60_HZ,-11.384476661682129,731,871.4832588254519,60,12.993162293863
329_60_HZ,-11.447946548461914,728,872.745435973084,60,12.996275638400814
330_60_HZ,-11.447946548461914,722,865.552479083196,60,13.002471360325949
331_60_HZ,-11.398564338684082,715,853.463250602815,60,13.009647517188693
332_60_HZ,-11.398564338684082,714,852.269595706867,60,13.0106680947288
333_60_HZ,-11.49730396270752,716,862.060330086338,60,13.008625792717087
334_60_HZ,-11.49730396270752,718,864.468319835182,60,13.006578902979372
335_60_HZ,-11.451395988464355,716,858.618180809485,60,13.008625792717087
336_60_HZ,-11.451395988464355,720,863.414930422946,60,13.00452742551566
337_60_HZ,-11.402521133422852,723,863.3120333637651,60,13.001441607333842
338_60_HZ,-11.402521133422852,713,851.37134133937,60,13.011687525337408
339_60_HZ,-11.371883392333984,705,839.556901639486,60,13.019801680672268
340_60_HZ,-11.371883392333984,703,837.1751799327079,60,13.021818750190985
341_60_HZ,-11.5464448928833,706,853.65345012379,60,13.01879142551566
342_60_HZ,-11.5464448928833,705,852.444309259592,60,13.019801680672268
343_60_HZ,-11.614666938781738,686,834.3715956934619,60,13.038778611662845
344_60_HZ,-11.614666938781738,653,794.234186571181,60,13.070754477209064
345_60_HZ,-11.66112995147705,617,753.449981859166,60,13.10421275070028
346_60_HZ,-11.66112995147705,582,710.709707361482,60,13.135316565317035
347_60_HZ,-12.485824584960938,550,719.131873785412,60,13.162524828113064
348_60_HZ,-12.485824584960938,529,691.674111331787,60,13.179741983193276
349_60_HZ,-13.585424423217773,508,722.712465668054,60,13.196453341482048
350_60_HZ,-13.585424423217773,504,717.021816332085,60,13.19957911077158
351_60_HZ,-13.805718421936035,517,747.443172702077,60,13.189353265087853
352_60_HZ,-13.805718421936035,537,776.357802206993,60,13.173242707410237
353_60_HZ,-13.149824142456055,555,764.260736273759,60,13.158350954927425
354_60_HZ,-13.149824142456055,566,779.408246362067,60,13.149067503947032
355_60_HZ,-12.439756393432617,585,762.072649989196,60,13.132705576776164
356_60_HZ,-12.439756393432617,594,773.796844604414,60,13.124810676852558
357_60_HZ,-12.248558044433594,587,752.9249520018931,60,13.130959183091418
358_60_HZ,-12.248558044433594,572,733.6849617463081,60,13.14394530990578
359_60_HZ,-12.424100875854492,551,716.877880850445,60,13.161692347338935
360_60_HZ,-12.424100875854492,540,702.566344209147,60,13.170786554621849
361_60_HZ,-13.17400074005127,534,736.69474472631,60,13.175688537815125
362_60_HZ,-13.17400074005127,532,733.9355883790199,60,13.177313356760886
363_60_HZ,-13.541919708251953,522,740.251614567474,60,13.185368635599694
364_60_HZ,-13.541919708251953,505,716.143803365085,60,13.198799388846448
365_60_HZ,-13.857050895690918,504,731.3579382940451,60,13.19957911077158
366_60_HZ,-13.857050895690918,516,748.7712225391409,60,13.190146750190985
367_60_HZ,-13.901387214660645,526,765.724429759616,60,13.18216028724217
368_60_HZ,-13.901387214660645,518,754.078430827911,60,13.188558633053221
369_60_HZ,-13.327098846435547,514,717.343797704851,60,13.19173027960275
370_60_HZ,-13.327098846435547,517,721.530629208965,60,13.189353265087853
371_60_HZ,-13.199494361877441,503,695.270648488794,60,13.200357685765216
372_60_HZ,-13.199494361877441,475,656.5677098055211,60,13.221692131398013
373_60_HZ,-13.468696594238281,425,599.43640113531,60,13.257552839317546
374_60_HZ,-13.468696594238281,360,507.75789272638104,60,13.299885103132162
375_60_HZ,-14.945290565490723,295,461.69480256173404,60,13.337371581359816
376_60_HZ,-14.945290565490723,267,417.872922996553,60,13.352026297937357
377_60_HZ,-16.29792594909668,248,423.26526001424304,60,13.361458464985995
378_60_HZ,-16.29792594909668,252,430.092119046731,60,13.35950715355233
379_60_HZ,-16.31435203552246,252,430.525600347354,60,13.35950715355233
380_60_HZ,-16.31435203552246,255,435.650905113394,60,13.358031627196334
381_60_HZ,-16.008132934570312,249,417.41554963671,60,13.36097235752483
382_60_HZ,-16.008132934570312,248,415.739181967486,60,13.361458464985995
383_60_HZ,-16.00187110900879,269,450.766515083106,60,13.35100935268653
384_60_HZ,-16.00187110900879,283,474.226482410851,60,13.343762279602752
385_60_HZ,-15.952893257141113,315,526.233663269592,60,13.326353399541635
386_60_HZ,-15.952893257141113,335,559.645324429566,60,13.314876445123504
387_60_HZ,-15.143486022949219,365,578.825066503352,60,13.296800814871403
388_60_HZ,-15.143486022949219,385,610.541508503536,60,13.2841769289534
389_60_HZ,-14.611247062683105,413,631.925594077468,60,13.26573275070028
390_60_HZ,-14.611247062683105,452,691.598955261539,60,13.238544179271708
391_60_HZ,-14.051713943481445,470,691.601247666769,60,13.225407231983702
392_60_HZ,-14.051713943481445,429,631.2700749979659,60,13.254789500381971
393_60_HZ,-13.969346046447754,361,528.094798885234,60,13.29927053934301
394_60_HZ,-13.969346046447754,322,471.043006207882,60,13.322388650878533
395_60_HZ,-15.910496711730957,292,486.51385425053303,60,13.338984739495798
396_60_HZ,-15.910496711730957,301,501.509144278803,60,13.334114297937358
397_60_HZ,-16.33742904663086,320,547.4725267512711,60,13.323527170868347
398_60_HZ,-16.33742904663086,342,585.111262965421,60,13.31075112605042
399_60_HZ,-15.70163345336914,353,580.427726174701,60,13.30415493557423
400_60_HZ,-15.70163345336914,366,601.803251501248,60,13.296180516424752
401_60_HZ,-14.67442512512207,379,582.410148888648,60,13.288012265851796
402_60_HZ,-14.67442512512207,381,585.4835533682719,60,13.286738407944997
403_60_HZ,-14.407440185546875,373,562.761363293827,60,13.291806313216195
404_60_HZ,-14.407440185546875,333,502.41161924086896,60,13.316044785332315
405_60_HZ,-14.591642379760742,265,404.928791566944,60,13.353038655462186
406_60_HZ,-14.591642379760742,191,291.85433656334396,60,13.387270712503184
407_60_HZ,-16.15935516357422,138,233.524123754145,60,13.407928268907565
408_60_HZ,-16.15935516357422,94,159.06715676007,60,13.422630386554623
409_60_HZ,-16.90969467163086,60,106.246750976999,60,13.43247028265852
410_60_HZ,-16.90969467163086,30,53.1233754884993,60,13.440051489686786
411_60_HZ,-16.871530532836914,16,28.2685193036235,60,13.443236131398017
412_60_HZ,-16.871530532836914,12,21.201389477717598,60,13.4441047394958
413_60_HZ,-16.697208404541016,11,19.2338023090047,60,13.444319024191497
414_60_HZ,-16.697208404541016,11,19.2338023090047,60,13.444319024191497
415_60_HZ,-16.554662704467773,11,19.069603109108098,60,13.444319024191497
416_60_HZ,-16.554662704467773,10,17.336002826461897,60,13.444532161955694
417_60_HZ,-16.600353240966797,7,12.1686942065859,60,13.445164693659285
418_60_HZ,-16.600353240966797,5,8.691924433275661,60,13.445580646804178
419_60_HZ,-16.632190704345703,3,5.225157094444801,60,13.445992012223073
420_60_HZ,-16.632190704345703,4,6.9668761259264,60,13.445786902979375
421_60_HZ,-16.465757369995117,5,8.62145080520797,60,13.445580646804178
422_60_HZ,-16.465757369995117,4,6.89716064416638,60,13.445786902979375
423_60_HZ,-16.281661987304688,5,8.52505791751796,60,13.445580646804178
424_60_HZ,-16.281661987304688,6,10.230069501021601,60,13.445373243697482
425_60_HZ,-16.29384994506836,5,8.531439513188989,60,13.445580646804178
426_60_HZ,-16.29384994506836,5,8.531439513188989,60,13.445580646804178
427_60_HZ,-16.32958221435547,22,37.6206553803584,60,13.441898811306343
428_60_HZ,-16.32958221435547,193,330.035749473144,60,13.386428100840337
429_60_HZ,-16.03342056274414,689,1156.84193591327,60,13.035809780494015
430_60_HZ,-16.03342056274414,1212,2034.96723704917,60,12.360484265851795
431_60_HZ,-9.235075950622559,1542,1491.2603787052901,60,11.772945778456839
432_60_HZ,-9.235075950622559,1707,1650.8310417963298,60,11.43233871963331
433_60_HZ,-2.035004138946533,1748,372.507763647779,60,11.342859534504715
434_60_HZ,-2.035004138946533,1749,372.720868775724,60,11.340653029793739
435_60_HZ,-0.12778718769550323,1751,23.4316068317377,60,11.336236579577289
436_60_HZ,-0.12778718769550323,1756,23.4985160459916,60,11.325175382734916
437_60_HZ,-0.027481114491820335,1742,5.013154891630211,60,11.356074477209068
438_60_HZ,-0.027481114491820335,1727,4.96998765662765,60,11.388931192258724
439_60_HZ,-0.02118794061243534,1724,3.8252040956225297,60,11.39547156811816
440_60_HZ,-0.02118794061243534,1727,3.83186048325993,60,11.388931192258724
441_60_HZ,-0.01909937523305416,1733,3.4661419126869304,60,11.37581947338936
442_60_HZ,-0.01909937523305416,1732,3.46414183079848,60,11.378007627196336
01_60_HZ,-0.0403972379863262,0,0.0,60,13.896785714285716
02_60_HZ,-0.0403972379863262,0,0.0,60,13.896785714285716
03_60_HZ,-0.039517842233181,0,0.0,60,13.896785714285716
04_60_HZ,-0.039517842233181,0,0.0,60,13.896785714285716
05_60_HZ,-0.0388857796788216,0,0.0,60,13.896785714285716
06_60_HZ,-0.0388857796788216,0,0.0,60,13.896785714285716
07_60_HZ,-0.0382262319326401,0,0.0,60,13.896785714285716
08_60_HZ,-0.0382262319326401,0,0.0,60,13.896785714285716
09_60_HZ,-0.0396827310323715,0,0.0,60,13.896785714285716
10_60_HZ,-0.0396827310323715,0,0.0,60,13.896785714285716
11_60_HZ,-0.0408644191920757,0,0.0,60,13.896785714285716
12_60_HZ,-0.0408644191920757,0,0.0,60,13.896785714285716
13_60_HZ,-0.0391331091523171,0,0.0,60,13.896785714285716
14_60_HZ,-0.0391331091523171,0,0.0,60,13.896785714285716
15_60_HZ,-0.039930060505867,0,0.0,60,13.896785714285716
16_60_HZ,-0.039930060505867,0,0.0,60,13.896785714285716
17_60_HZ,-0.0385285243391991,0,0.0,60,13.896785714285716
18_60_HZ,-0.0385285243391991,0,0.0,60,13.896785714285716
19_60_HZ,-0.039517842233181,0,0.0,60,13.896785714285716
20_60_HZ,-0.039517842233181,0,0.0,60,13.896785714285716
21_60_HZ,-0.040534645318985,0,0.0,60,13.896785714285716
22_60_HZ,-0.040534645318985,0,0.0,60,13.896785714285716
23_60_HZ,-0.0400674678385258,0,0.0,60,13.896785714285716
24_60_HZ,-0.0400674678385258,0,0.0,60,13.896785714285716
25_60_HZ,-0.0391605906188488,0,0.0,60,13.896785714285716
26_60_HZ,-0.0391605906188488,0,0.0,60,13.896785714285716
27_60_HZ,-0.0375666841864586,0,0.0,60,13.896785714285716
28_60_HZ,-0.0375666841864586,0,0.0,60,13.896785714285716
29_60_HZ,-0.0391880720853806,0,0.0,60,13.896785714285716
30_60_HZ,-0.0391880720853806,0,0.0,60,13.896785714285716
31_60_HZ,-0.0398750975728035,0,0.0,60,13.896785714285716
32_60_HZ,-0.0398750975728035,0,0.0,60,13.896785714285716
33_60_HZ,-0.0394903644919395,0,0.0,60,13.896785714285716
34_60_HZ,-0.0394903644919395,0,0.0,60,13.896785714285716
35_60_HZ,-0.039215549826622,0,0.0,60,13.896785714285716
36_60_HZ,-0.039215549826622,0,0.0,60,13.896785714285716
37_60_HZ,-0.0388857796788216,0,0.0,60,13.896785714285716
38_60_HZ,-0.0388857796788216,0,0.0,60,13.896785714285716
39_60_HZ,-0.0404796823859215,0,0.0,60,13.896785714285716
40_60_HZ,-0.0404796823859215,0,0.0,60,13.896785714285716
41_60_HZ,-0.0392430312931538,0,0.0,60,13.896785714285716
42_60_HZ,-0.0392430312931538,0,0.0,60,13.896785714285716
43_60_HZ,-0.040644571185112,0,0.0,60,13.896785714285716
44_60_HZ,-0.040644571185112,0,0.0,60,13.896785714285716
45_60_HZ,-0.0416338890790939,0,0.0,60,13.896785714285716
46_60_HZ,-0.0416338890790939,0,0.0,60,13.896785714285716
47_60_HZ,-0.0399575419723988,0,0.0,60,13.896785714285716
48_60_HZ,-0.0399575419723988,0,0.0,60,13.896785714285716
49_60_HZ,-0.0394628830254078,0,0.0,60,13.896785714285716
50_60_HZ,-0.0394628830254078,0,0.0,60,13.896785714285716
51_60_HZ,-0.0419636629521847,0,0.0,60,13.896785714285716
52_60_HZ,-0.0419636629521847,0,0.0,60,13.896785714285716
53_60_HZ,-0.0410842671990395,0,0.0,60,13.896785714285716
54_60_HZ,-0.0410842671990395,0,0.0,60,13.896785714285716
55_60_HZ,-0.0387758538126946,0,0.0,60,13.896785714285716
56_60_HZ,-0.0387758538126946,0,0.0,60,13.896785714285716
57_60_HZ,-0.0399025790393353,0,0.0,60,13.896785714285716
58_60_HZ,-0.0399025790393353,0,0.0,60,13.896785714285716
59_60_HZ,-0.0402598343789578,0,0.0,60,13.896785714285716
60_60_HZ,-0.0402598343789578,0,0.0,60,13.896785714285716
61_60_HZ,-0.0377865321934223,0,0.0,60,13.896785714285716
62_60_HZ,-0.0377865321934223,0,0.0,60,13.896785714285716
63_60_HZ,-0.0382811948657036,0,0.0,60,13.896785714285716
64_60_HZ,-0.0382811948657036,0,0.0,60,13.896785714285716
65_60_HZ,-0.0393529571592808,0,0.0,60,13.896785714285716
66_60_HZ,-0.0393529571592808,0,0.0,60,13.896785714285716
67_60_HZ,-0.0381987504661083,0,0.0,60,13.896785714285716
68_60_HZ,-0.0381987504661083,0,0.0,60,13.896785714285716
69_60_HZ,-0.0370445437729359,0,0.0,60,13.896785714285716
70_60_HZ,-0.0370445437729359,0,0.0,60,13.896785714285716
71_60_HZ,-0.038720890879631,59,0.239235694199834,60,13.770050202380954
72_60_HZ,-0.038720890879631,200,0.810968454914691,60,13.472880952380955
73_60_HZ,-0.0424858033657074,341,1.51714413013718,60,13.183758773809526
74_60_HZ,-0.0424858033657074,449,1.9976472563976302,60,12.967745916666669
75_60_HZ,-0.0654600188136101,539,3.69482177902081,60,12.791341630952383
76_60_HZ,-0.0654600188136101,637,4.36660755702459,60,12.602985630952382
77_60_HZ,-0.0795028656721115,732,6.0942811700849004,60,12.424106285714288
78_60_HZ,-0.0795028656721115,818,6.8102759523626295,60,12.265323666666669
79_60_HZ,-0.0718356370925903,890,6.69512303626981,60,12.134691666666669
80_60_HZ,-0.0718356370925903,945,7.10886659469098,60,12.036316964285716
81_60_HZ,-0.0704615786671639,990,7.304932176072589,60,11.956739285714288
82_60_HZ,-0.0704615786671639,1032,7.61483838960294,60,11.883206285714287
83_60_HZ,-0.0621073208749294,1066,6.93311839191724,60,11.824202523809525
84_60_HZ,-0.0621073208749294,1089,7.08270725027943,60,11.784553535714288
85_60_HZ,-0.0554294101893902,1107,6.42564149941152,60,11.753673250000002
86_60_HZ,-0.0554294101893902,1121,6.50690525821167,60,11.729745916666669
87_60_HZ,-0.0487240180373192,1144,5.83710805083367,60,11.690608952380956
88_60_HZ,-0.0487240180373192,1161,5.9238482928478104,60,11.661819250000002
89_60_HZ,-0.0457835383713245,1176,5.63826249951789,60,11.636513714285716
90_60_HZ,-0.0457835383713245,1196,5.734151317536909,60,11.602914666666669
91_60_HZ,-0.0488889031112194,1221,6.25107320106119,60,11.561143535714288
92_60_HZ,-0.0488889031112194,1235,6.32274807805943,60,11.537862202380955
93_60_HZ,-0.054055355489254,1254,7.09847192450237,60,11.506393000000003
94_60_HZ,-0.054055355489254,1281,7.25130983675242,60,11.461924964285718
95_60_HZ,-0.0592767670750618,1320,8.19383187924524,60,11.398214285714289
96_60_HZ,-0.0592767670750618,1320,8.19383187924524,60,11.398214285714289
97_60_HZ,-0.0603210479021072,1325,8.36976714003731,60,11.390090773809526
98_60_HZ,-0.0603210479021072,1337,8.4455688047018,60,11.370635630952384
99_60_HZ,-0.0550446733832359,1370,7.897042749524319,60,11.317434523809526
100_60_HZ,-0.0550446733832359,1378,7.94315686776972,60,11.304603666666669
101_60_HZ,-0.0505652539432049,1399,7.40795797694537,60,11.271045916666669
102_60_HZ,-0.0505652539432049,1426,7.55092785927383,60,11.228162523809527
103_60_HZ,-0.0508675426244736,1446,7.702606011810141,60,11.196587285714289
104_60_HZ,-0.0508675426244736,1467,7.81446958459577,60,11.163607535714288
105_60_HZ,-0.0506202131509781,1487,7.8824925135127994,60,11.132364202380955
106_60_HZ,-0.0506202131509781,1492,7.90899719580437,60,11.124578666666668
107_60_HZ,-0.0501530356705189,1525,8.00932072776598,60,11.07344791666667
108_60_HZ,-0.0501530356705189,1550,8.14062106756542,60,11.035005952380954
109_60_HZ,-0.0458934642374516,1562,7.5068972795712305,60,11.016643666666669
110_60_HZ,-0.0458934642374516,1595,7.66549370097062,60,10.96644791666667
111_60_HZ,-0.0442720763385296,1596,7.3993130186821805,60,10.964933714285717
112_60_HZ,-0.0442720763385296,1626,7.53839784986042,60,10.919695857142859
113_60_HZ,-0.0441346727311611,1645,7.60281487574691,60,10.891233630952383
114_60_HZ,-0.0441346727311611,1645,7.60281487574691,60,10.891233630952383
115_60_HZ,-0.0418262593448162,1670,7.3146591930265,60,10.854005952380955
116_60_HZ,-0.0418262593448162,1687,7.389119795590251,60,10.828835630952383
117_60_HZ,-0.040232352912426,1714,7.22129134153164,60,10.789099666666669
118_60_HZ,-0.040232352912426,1722,7.25499631862163,60,10.777382714285716
119_60_HZ,-0.041029304265976,1733,7.44597104408861,60,10.761314202380955
120_60_HZ,-0.041029304265976,1744,7.49323341078508,60,10.74529466666667
121_60_HZ,-0.0403972379863262,1760,7.44548469324092,60,10.722080952380955
122_60_HZ,-0.0403972379863262,1758,7.43702391518042,60,10.724977000000003
123_60_HZ,-0.040424719452858,1753,7.4209167808931396,60,10.732224202380955
124_60_HZ,-0.040424719452858,1750,7.4082169803553795,60,10.736577380952383
125_60_HZ,-0.0375941656529903,1747,6.87768015091128,60,10.740934202380956
126_60_HZ,-0.0375941656529903,1746,6.87374329907905,60,10.742387285714289
127_60_HZ,-0.0355330817401409,1759,6.545266541050601,60,10.723528773809527
128_60_HZ,-0.0355330817401409,1753,6.522940447107279,60,10.732224202380955
129_60_HZ,-0.0343788750469685,1745,6.28225721162703,60,10.743840773809527
130_60_HZ,-0.0343788750469685,1746,6.2858573590262505,60,10.742387285714289
131_60_HZ,-0.0333071127533913,1761,6.14221406783173,60,10.720633535714288
132_60_HZ,-0.0333071127533913,1773,6.18406901889021,60,10.70329610714286
133_60_HZ,-0.0353132337331772,1750,6.471487980799901,60,10.736577380952383
134_60_HZ,-0.0353132337331772,1732,6.404924104425961,60,10.762772952380955
135_60_HZ,-0.0356979705393314,1723,6.44106083575443,60,10.77591991666667
136_60_HZ,-0.0356979705393314,1750,6.54199446463741,60,10.736577380952383
137_60_HZ,-0.0322078689932823,1746,5.88890873283673,60,10.742387285714289
138_60_HZ,-0.0322078689932823,1750,5.90239993268286,60,10.736577380952383
139_60_HZ,-0.0336918458342552,1751,6.17788171520652,60,10.73512591666667
140_60_HZ,-0.0336918458342552,1752,6.18140991721407,60,10.733674857142859
141_60_HZ,-0.0331422239542007,1742,6.045864799306041,60,10.748203666666669
142_60_HZ,-0.0331422239542007,1760,6.10833642180174,60,10.722080952380955
143_60_HZ,-0.033224668353796,1780,6.19311687134676,60,10.693209523809527
144_60_HZ,-0.033224668353796,1753,6.0991763345342,60,10.732224202380955
145_60_HZ,-0.0333620756864548,1758,6.14186872995172,60,10.724977000000003
146_60_HZ,-0.0333620756864548,1744,6.09295737487816,60,10.74529466666667
147_60_HZ,-0.0333071127533913,1737,6.05850416571477,60,10.755483250000003
148_60_HZ,-0.0333071127533913,1742,6.07594372865581,60,10.748203666666669
149_60_HZ,-0.0306964050978422,1752,5.63183921494951,60,10.733674857142859
150_60_HZ,-0.0306964050978422,1742,5.599694013950931,60,10.748203666666669
151_60_HZ,-0.0357254482805729,1739,6.505877878018611,60,10.752570202380955
152_60_HZ,-0.0357254482805729,1740,6.5096190383855,60,10.751114285714289
153_60_HZ,-0.0585622563958168,1762,10.805685577784601,60,10.719186523809526
154_60_HZ,-0.0585622563958168,1738,10.6585025733199,60,10.754026523809527
155_60_HZ,-0.106736652553082,1723,19.2587223141419,60,10.77591991666667
156_60_HZ,-0.106736652553082,1715,19.1693028257419,60,10.787633630952383
157_60_HZ,-0.171784445643425,1729,31.103371293046198,60,10.767151630952384
158_60_HZ,-0.171784445643425,1722,30.9774467129124,60,10.777382714285716
159_60_HZ,-0.273959249258041,1721,49.3736732826249,60,10.778845916666668
160_60_HZ,-0.273959249258041,1725,49.4884290601557,60,10.772995535714289
161_60_HZ,-0.374677538871765,1710,67.0937973508332,60,10.79496785714286
162_60_HZ,-0.374677538871765,1699,66.662199824015,60,10.811138773809526
163_60_HZ,-0.502272367477417,1727,90.8364644001837,60,10.770072773809527
164_60_HZ,-0.502272367477417,1697,89.2585292919002,60,10.814084202380954
165_60_HZ,-0.669879674911499,1684,118.131984826078,60,10.833268952380955
166_60_HZ,-0.669879674911499,1677,117.640937383215,60,10.843627535714289
167_60_HZ,-0.883985042572022,1672,154.778204640209,60,10.85103866666667
168_60_HZ,-0.883985042572022,1670,154.593063247098,60,10.854005952380955
169_60_HZ,-1.07478642463684,1670,187.960789119097,60,10.854005952380955
170_60_HZ,-1.07478642463684,1664,187.285480894717,60,10.862917523809527
171_60_HZ,-1.19636285305023,1656,207.46836190958302,60,10.874822285714288
172_60_HZ,-1.19636285305023,1667,208.84647300922398,60,10.85845991666667
173_60_HZ,-1.34434866905212,1650,232.28677659990498,60,10.88376785714286
174_60_HZ,-1.34434866905212,1658,233.413015516753,60,10.871843666666669
175_60_HZ,-1.464111328125,1647,252.520321559586,60,10.888246107142859
176_60_HZ,-1.464111328125,1625,249.14725108338,60,10.921197916666669
177_60_HZ,-1.54465854167938,1618,261.721633536555,60,10.93172366666667
178_60_HZ,-1.54465854167938,1617,261.55987727355404,60,10.933228964285718
179_60_HZ,-1.73782324790955,1620,294.814775504519,60,10.928714285714289
180_60_HZ,-1.73782324790955,1618,294.450806645872,60,10.93172366666667
181_60_HZ,-1.93871021270752,1603,325.443082742914,60,10.954345630952384
182_60_HZ,-1.93871021270752,1602,325.240061481066,60,10.955857000000002
183_60_HZ,-2.07661056518555,1596,347.069576819813,60,10.964933714285717
184_60_HZ,-2.07661056518555,1602,348.37434966500103,60,10.955857000000002
185_60_HZ,-2.21866035461426,1601,371.97244964432804,60,10.957368773809527
186_60_HZ,-2.21866035461426,1597,371.043099364142,60,10.96341991666667
187_60_HZ,-2.33768105506897,1596,390.703017960397,60,10.964933714285717
188_60_HZ,-2.33768105506897,1595,390.458216570698,60,10.96644791666667
189_60_HZ,-2.44859480857849,1589,407.445427178323,60,10.975541630952383
190_60_HZ,-2.44859480857849,1580,405.137680894745,60,10.989209523809526
191_60_HZ,-2.52507472038269,1571,415.412012343436,60,11.002910202380955
192_60_HZ,-2.52507472038269,1560,412.503334981387,60,11.019700000000002
193_60_HZ,-2.74300003051758,1559,447.816970739726,60,11.021228773809526
194_60_HZ,-2.74300003051758,1547,444.37001522408997,60,11.039605630952384
195_60_HZ,-3.0096218585968,1535,483.781130973923,60,11.058040773809527
196_60_HZ,-3.0096218585968,1532,482.835630392215,60,11.06265866666667
197_60_HZ,-3.21218514442444,1515,509.61454837212403,60,11.088895535714288
198_60_HZ,-3.21218514442444,1499,504.23248053453096,60,11.11369591666667
199_60_HZ,-3.52643179893494,1495,552.084157689804,60,11.119912202380956
200_60_HZ,-3.52643179893494,1485,548.391287069805,60,11.135481250000002
201_60_HZ,-3.86760973930359,1484,601.042472959419,60,11.137040380952383
202_60_HZ,-3.86760973930359,1492,604.282594107448,60,11.124578666666668
203_60_HZ,-3.99685335159302,1505,629.917013430104,60,11.104383630952384
204_60_HZ,-3.99685335159302,1523,637.45090462063,60,11.076534202380955
205_60_HZ,-3.89176559448242,1518,618.6529205947479,60,11.084257000000003
206_60_HZ,-3.89176559448242,1522,620.283099568647,60,11.078077952380955
207_60_HZ,-3.75326085090637,1520,597.421639821193,60,11.081166666666668
208_60_HZ,-3.75326085090637,1506,591.919072085998,60,11.102833000000002
209_60_HZ,-3.70695519447327,1507,585.00448970479,60,11.101282773809526
210_60_HZ,-3.70695519447327,1515,588.110021169712,60,11.088895535714288
211_60_HZ,-3.77865338325501,1501,593.94518093934,60,11.110590202380955
212_60_HZ,-3.77865338325501,1493,590.7795837058189,60,11.123022773809526
213_60_HZ,-3.90523147583008,1472,601.9815732790839,60,11.155781523809527
214_60_HZ,-3.90523147583008,1459,596.665159928114,60,11.176150202380954
215_60_HZ,-4.09693956375122,1452,622.952308133427,60,11.187146285714288
216_60_HZ,-4.09693956375122,1444,619.5200640114799,60,11.199737523809526
217_60_HZ,-4.48030138015747,1445,677.959383284909,60,11.198162202380955
218_60_HZ,-4.48030138015747,1450,680.305263503887,60,11.190291666666669
219_60_HZ,-4.66134691238403,1454,709.7484258165509,60,11.184002523809527
220_60_HZ,-4.66134691238403,1450,707.7958854429161,60,11.190291666666669
221_60_HZ,-4.61548089981079,1461,706.148079848057,60,11.17301210714286
222_60_HZ,-4.61548089981079,1465,708.081407924301,60,11.166740773809526
223_60_HZ,-4.58363008499146,1453,697.435104411592,60,11.185574202380955
224_60_HZ,-4.58363008499146,1438,690.235154951045,60,11.209197952380954
225_60_HZ,-4.58761501312256,1415,679.785688274318,60,11.245597916666668
226_60_HZ,-4.58761501312256,1397,671.138237822772,60,11.274234202380955
227_60_HZ,-4.6850905418396,1378,676.0764630278851,60,11.304603666666669
228_60_HZ,-4.6850905418396,1359,666.754654031129,60,11.335119250000002
229_60_HZ,-5.10519409179688,1344,718.522149063926,60,11.359313714285717
230_60_HZ,-5.10519409179688,1341,716.9183049811941,60,11.364163535714288
231_60_HZ,-5.53563117980957,1343,778.523563948209,60,11.36092991666667
232_60_HZ,-5.53563117980957,1332,772.146974816838,60,11.37873485714286
233_60_HZ,-5.78947401046753,1338,811.192343217941,60,11.369017000000003
234_60_HZ,-5.78947401046753,1347,816.648793957075,60,11.354467535714289
235_60_HZ,-5.88095855712891,1345,828.32168338572,60,11.35769791666667
236_60_HZ,-5.88095855712891,1335,822.163157858689,60,11.37387410714286
237_60_HZ,-5.82574892044067,1325,808.344102862712,60,11.390090773809526
238_60_HZ,-5.82574892044067,1322,806.513889799627,60,11.39496366666667
239_60_HZ,-5.89395713806152,1311,809.167238722265,60,11.41286210714286
240_60_HZ,-5.89395713806152,1302,803.612314886644,60,11.427542714285718
241_60_HZ,-6.06774759292603,1292,820.953681001493,60,11.443892952380954
242_60_HZ,-6.06774759292603,1279,812.693311146215,60,11.465208773809525
243_60_HZ,-6.28831148147583,1268,834.991205373818,60,11.48329866666667
244_60_HZ,-6.28831148147583,1263,831.698653302154,60,11.491537535714288
245_60_HZ,-6.51404094696045,1260,859.50747819728,60,11.496485714285717
246_60_HZ,-6.51404094696045,1257,857.46103182062,60,11.501437535714288
247_60_HZ,-6.62099742889404,1255,870.153309748218,60,11.504740773809527
248_60_HZ,-6.62099742889404,1258,872.233357500604,60,11.499786523809526
249_60_HZ,-6.70028066635132,1255,880.572944987744,60,11.504740773809527
250_60_HZ,-6.70028066635132,1250,877.064686242773,60,11.513005952380954
251_60_HZ,-6.7161922454834,1241,872.8176432932579,60,11.527908773809527
252_60_HZ,-6.7161922454834,1222,859.454601212217,60,11.559477952380956
253_60_HZ,-6.78178977966309,1209,858.616506466827,60,11.581162107142859
254_60_HZ,-6.78178977966309,1207,857.1961317663031,60,11.584504202380955
255_60_HZ,-7.08152627944946,1211,898.048155431442,60,11.577821630952384
256_60_HZ,-7.08152627944946,1220,904.7223366031039,60,11.562809523809527
257_60_HZ,-7.3369631767273,1232,946.576378271832,60,11.542844380952383
258_60_HZ,-7.3369631767273,1242,954.2596280954671,60,11.526251285714288
259_60_HZ,-7.1237645149231,1252,933.990608302062,60,11.509698666666669
260_60_HZ,-7.1237645149231,1249,931.752611636801,60,11.514660202380956
261_60_HZ,-6.84455633163452,1235,885.198947337714,60,11.537862202380955
262_60_HZ,-6.84455633163452,1216,871.580501994057,60,11.569477523809526
263_60_HZ,-6.82924938201904,1190,851.037232123235,60,11.612977380952383
264_60_HZ,-6.82924938201904,1155,826.006725296081,60,11.671966964285716
265_60_HZ,-7.18361854553223,1122,844.043316997539,60,11.72803985714286
266_60_HZ,-7.18361854553223,1098,825.9889144949179,60,11.769097000000002
267_60_HZ,-7.91324234008789,1085,899.109962933325,60,11.791433630952383
268_60_HZ,-7.91324234008789,1083,897.4526173795309,60,11.794876107142859
269_60_HZ,-8.38598442077637,1101,966.874183304756,60,11.76395210714286
270_60_HZ,-8.38598442077637,1124,987.072281593593,60,11.724628952380954
271_60_HZ,-8.48431301116943,1145,1017.3041252292501,60,11.688912202380955
272_60_HZ,-8.48431301116943,1151,1022.6349765405,60,11.678740202380954
273_60_HZ,-8.19171333312988,1140,977.931013059717,60,11.697400000000002
274_60_HZ,-8.19171333312988,1132,971.06833928386,60,11.711001523809525
275_60_HZ,-7.95800876617432,1120,933.364027252553,60,11.731452380952383
276_60_HZ,-7.95800876617432,1111,925.8637806049879,60,11.746828773809526
277_60_HZ,-8.05751132965088,1097,925.627364974816,60,11.770812773809526
278_60_HZ,-8.05751132965088,1079,910.439313407317,60,11.80176591666667
279_60_HZ,-8.2330379486084,1082,932.8589635238151,60,11.796597952380955
280_60_HZ,-8.2330379486084,1095,944.067065673362,60,11.774245535714288
281_60_HZ,-8.51203155517578,1099,979.624301374364,60,11.767381630952382
282_60_HZ,-8.51203155517578,1101,981.407057154844,60,11.76395210714286
283_60_HZ,-8.47476005554199,1105,980.659676032997,60,11.75709791666667
284_60_HZ,-8.47476005554199,1107,982.434625672876,60,11.753673250000002
285_60_HZ,-8.3273868560791,1112,969.7105962809401,60,11.745118666666668
286_60_HZ,-8.3273868560791,1103,961.862219152767,60,11.760524202380955
287_60_HZ,-8.27687072753906,1096,949.960100578487,60,11.772528952380956
288_60_HZ,-8.27687072753906,1099,952.560356328246,60,11.767381630952382
289_60_HZ,-8.29438495635986,1100,955.444578757793,60,11.765666666666668
290_60_HZ,-8.29438495635986,1100,955.444578757793,60,11.765666666666668
291_60_HZ,-8.35187244415283,1100,962.066661722517,60,11.765666666666668
292_60_HZ,-8.35187244415283,1102,963.815873834739,60,11.762237952380953
293_60_HZ,-8.33037853240967,1101,960.4630303431389,60,11.76395210714286
294_60_HZ,-8.33037853240967,1096,956.1012545468491,60,11.772528952380956
295_60_HZ,-8.35042476654053,1090,953.155383816615,60,11.782834523809527
296_60_HZ,-8.35042476654053,1084,947.908656933221,60,11.79315466666667
297_60_HZ,-8.41259288787842,1082,953.20375157324,60,11.796597952380955
298_60_HZ,-8.41259288787842,1069,941.7512111199579,60,11.819018773809526
299_60_HZ,-8.52920818328857,1054,941.408122398577,60,11.844973952380954
300_60_HZ,-8.52920818328857,1038,927.117297011122,60,11.87275985714286
301_60_HZ,-8.75300598144531,1022,936.7781715680969,60,11.900649380952384
302_60_HZ,-8.75300598144531,1004,920.2791431060369,60,11.932148952380954
303_60_HZ,-9.02150630950928,1002,946.619415971909,60,11.935657000000003
304_60_HZ,-9.02150630950928,1005,949.4536058400889,60,11.930395535714288
305_60_HZ,-9.22723579406738,992,958.543702469744,60,11.953221523809527
306_60_HZ,-9.22723579406738,972,939.2182245973701,60,11.988472000000002
307_60_HZ,-9.40059089660645,971,955.879191319915,60,11.990238773809526
308_60_HZ,-9.40059089660645,983,967.692322417586,60,11.969064202380954
309_60_HZ,-9.56477928161621,981,982.59050596405,60,11.972589250000002
310_60_HZ,-9.56477928161621,991,992.606719072756,60,11.954980202380954
311_60_HZ,-9.53216361999512,1001,999.204014383242,60,11.937411630952383
312_60_HZ,-9.53216361999512,1016,1014.1771015118599,60,11.911134666666669
313_60_HZ,-9.4472713470459,1015,1004.15564136302,60,11.912883630952383
314_60_HZ,-9.4472713470459,1009,998.219745946092,60,11.92338591666667
315_60_HZ,-9.35608196258545,1004,983.685710016822,60,11.932148952380954
316_60_HZ,-9.35608196258545,1000,979.766643443049,60,11.939166666666669
317_60_HZ,-9.30455303192139,997,971.447442354895,60,11.944434202380954
318_60_HZ,-9.30455303192139,1003,977.293665678996,60,11.933902773809526
319_60_HZ,-9.35120964050293,1012,991.0074151752079,60,11.918132952380954
320_60_HZ,-9.35120964050293,1004,983.1733644623611,60,11.932148952380954
321_60_HZ,-9.37969970703125,991,973.399692436811,60,11.954980202380954
322_60_HZ,-9.37969970703125,971,953.7548954148771,60,11.990238773809526
323_60_HZ,-9.42044544219971,945,932.248834058579,60,12.036316964285716
324_60_HZ,-9.42044544219971,922,909.559179896306,60,12.077306523809526
325_60_HZ,-9.71543312072754,919,934.988577204246,60,12.082668773809527
326_60_HZ,-9.71543312072754,909,924.814599215081,60,12.100569250000003
327_60_HZ,-10.1504373550415,901,957.719123922483,60,12.114918773809526
328_60_HZ,-10.1504373550415,883,938.586000470092,60,12.147299916666668
329_60_HZ,-10.2940473556519,864,931.383466531978,60,12.181622285714289
330_60_HZ,-10.2940473556519,858,924.9155257921719,60,12.192491285714288
331_60_HZ,-10.4243173599243,854,932.253661739706,60,12.199745380952383
332_60_HZ,-10.4243173599243,858,936.620189429353,60,12.192491285714288
333_60_HZ,-10.6274652481079,868,966.002017614928,60,12.174384380952382
334_60_HZ,-10.6274652481079,888,988.26012861988,60,12.138292000000002
335_60_HZ,-10.5714979171753,900,996.340166233294,60,12.116714285714288
336_60_HZ,-10.5714979171753,916,1014.05288029966,60,12.088034666666669
337_60_HZ,-10.2725524902344,915,984.30139219955,60,12.08982410714286
338_60_HZ,-10.2725524902344,918,987.528609878893,60,12.084457000000002
339_60_HZ,-10.0771484375,910,960.301640280884,60,12.098777380952383
340_60_HZ,-10.0771484375,910,960.301640280884,60,12.098777380952383
341_60_HZ,-10.1015138626099,895,946.756104272744,60,12.125697916666669
342_60_HZ,-10.1015138626099,885,936.177823778076,60,12.143695535714288
343_60_HZ,-10.2163200378418,890,952.166959683253,60,12.134691666666669
344_60_HZ,-10.2163200378418,902,965.00516588123,60,12.113123666666668
345_60_HZ,-10.3041067123413,902,973.297303155704,60,12.113123666666668
346_60_HZ,-10.3041067123413,890,960.348780275584,60,12.134691666666669
347_60_HZ,-10.2540254592896,854,917.0243967813419,60,12.199745380952383
348_60_HZ,-10.2540254592896,820,880.515228759602,60,12.261666666666668
349_60_HZ,-10.3703279495239,796,864.438611028234,60,12.305657523809526
350_60_HZ,-10.3703279495239,787,854.664807637212,60,12.322214202380955
351_60_HZ,-10.8656415939331,778,885.245204292668,60,12.338803666666669
352_60_HZ,-10.8656415939331,775,881.8316623738019,60,12.344340773809526
353_60_HZ,-11.1083288192749,774,900.364379932213,60,12.346187285714288
354_60_HZ,-11.1083288192749,779,906.180687296116,60,12.336958773809526
355_60_HZ,-11.0747718811035,782,906.922503069177,60,12.331426523809526
356_60_HZ,-11.0747718811035,779,903.443260730037,60,12.336958773809526
357_60_HZ,-10.9927024841309,777,894.445968754483,60,12.340648964285716
358_60_HZ,-10.9927024841309,794,914.015571674465,60,12.309333952380955
359_60_HZ,-10.9806890487671,805,925.665503908364,60,12.289133630952383
360_60_HZ,-10.9806890487671,797,916.466343621076,60,12.303819916666669
361_60_HZ,-10.8826246261597,790,900.304376226202,60,12.316691666666669
362_60_HZ,-10.8826246261597,770,877.511860372374,60,12.353577380952384
363_60_HZ,-10.8870878219605,756,861.910421871669,60,12.379493714285717
364_60_HZ,-10.8870878219605,737,840.248652009815,60,12.414792773809527
365_60_HZ,-11.1432361602783,717,836.679467268125,60,12.452107535714287
366_60_HZ,-11.1432361602783,707,825.01029757122,60,12.470825630952383
367_60_HZ,-11.3994817733765,705,841.594380124482,60,12.474574107142859
368_60_HZ,-11.3994817733765,691,824.8818676113721,60,12.500858773809526
369_60_HZ,-11.5933179855347,680,825.553582220817,60,12.521566666666669
370_60_HZ,-11.5933179855347,680,825.553582220817,60,12.521566666666669
371_60_HZ,-11.635293006897,676,823.6688716757909,60,12.529108952380955
372_60_HZ,-11.635293006897,676,823.6688716757909,60,12.529108952380955
373_60_HZ,-11.6882219314575,676,827.415677694418,60,12.529108952380955
374_60_HZ,-11.6882219314575,680,832.311628450006,60,12.521566666666669
375_60_HZ,-11.667426109314,690,843.048936954684,60,12.502739285714288
376_60_HZ,-11.667426109314,700,855.267037490259,60,12.483952380952383
377_60_HZ,-11.6096982955933,708,860.7614186052131,60,12.468952000000002
378_60_HZ,-11.6096982955933,711,864.4087127518451,60,12.463333535714288
379_60_HZ,-11.4574270248413,710,851.87146737859,60,12.465205952380956
380_60_HZ,-11.4574270248413,703,843.472734601618,60,12.478324202380954
381_60_HZ,-11.441481590271,687,823.128439172719,60,12.508383250000001
382_60_HZ,-11.441481590271,662,793.174711400786,60,12.555557952380955
383_60_HZ,-11.4632892608643,657,788.684381857948,60,12.565023250000003
384_60_HZ,-11.4632892608643,652,782.6822176124531,60,12.574498666666669
385_60_HZ,-11.6846513748169,650,795.348971658196,60,12.578291666666669
386_60_HZ,-11.6846513748169,650,795.348971658196,60,12.578291666666669
387_60_HZ,-11.8188533782959,652,806.9591329951689,60,12.574498666666669
388_60_HZ,-11.8188533782959,650,804.483798231381,60,12.578291666666669
389_60_HZ,-11.7915449142456,634,782.86805428397,60,12.608693952380955
390_60_HZ,-11.7915449142456,624,770.519977717977,60,12.627748000000002
391_60_HZ,-11.7819910049438,613,756.3238491526811,60,12.648754202380955
392_60_HZ,-11.7819910049438,597,736.582933024716,60,12.679396107142859
393_60_HZ,-11.948205947876,581,726.95485941583,60,12.710141630952384
394_60_HZ,-11.948205947876,565,706.935448485273,60,12.740990773809525
395_60_HZ,-12.3546876907349,538,696.053548402024,60,12.79328366666667
396_60_HZ,-12.3546876907349,513,663.7090526584351,60,12.84196610714286
397_60_HZ,-12.899603843689,483,652.457318408761,60,12.900718964285716
398_60_HZ,-12.899603843689,473,638.9488853154121,60,12.920384202380955
399_60_HZ,-13.6714639663696,478,684.339386686917,60,12.910546523809526
400_60_HZ,-13.6714639663696,476,681.476041972746,60,12.914480380952384
401_60_HZ,-13.8619003295898,477,692.420274725741,60,12.912513250000002
402_60_HZ,-13.8619003295898,487,706.936423042843,60,12.892864202380954
403_60_HZ,-13.5497484207153,495,702.368515441228,60,12.87717410714286
404_60_HZ,-13.5497484207153,500,709.463146910332,60,12.867380952380955
405_60_HZ,-13.4087734222412,497,697.869256670962,60,12.873255630952382
406_60_HZ,-13.4087734222412,488,685.231785222192,60,12.890901523809525
407_60_HZ,-13.4320497512817,473,665.3222675500749,60,12.920384202380955
408_60_HZ,-13.4320497512817,452,635.783646792038,60,12.961812952380955
409_60_HZ,-13.596923828125,424,603.7194266057851,60,13.017328952380954
410_60_HZ,-13.596923828125,388,552.460230007181,60,13.089172952380954
411_60_HZ,-14.2593994140625,361,539.0599462087409,60,13.143400202380954
412_60_HZ,-14.2593994140625,372,555.485595539201,60,13.121272000000001
413_60_HZ,-15.4646434783936,392,634.82585667209,60,13.081164380952384
414_60_HZ,-15.4646434783936,425,688.267829300098,60,13.015340773809525
415_60_HZ,-15.0899362564087,450,711.096485637765,60,12.96576785714286
416_60_HZ,-15.0899362564087,470,742.700773888332,60,12.92629166666667
417_60_HZ,-13.7226581573486,500,718.516696685318,60,12.867380952380955
418_60_HZ,-13.7226581573486,518,744.383297765989,60,12.832209380952383
419_60_HZ,-13.2072534561157,527,728.872782407492,60,12.814672773809527
420_60_HZ,-13.2072534561157,528,730.2558427156661,60,12.812726285714287
421_60_HZ,-12.8930912017822,500,675.080695661506,60,12.867380952380955
422_60_HZ,-12.8930912017822,452,610.272948878002,60,12.961812952380955
423_60_HZ,-13.2533206939697,405,562.093228731105,60,13.055181250000002
424_60_HZ,-13.2533206939697,373,517.680924238771,60,13.119262773809526
425_60_HZ,-14.8764305114746,358,557.712522132649,60,13.149443666666668
426_60_HZ,-14.8764305114746,348,542.133960061905,60,13.169614857142859
427_60_HZ,-15.8814706802368,357,593.72802918548,60,13.151458964285716
428_60_HZ,-15.8814706802368,357,593.72802918548,60,13.151458964285716
429_60_HZ,-15.0782976150513,344,543.174508912486,60,13.17769466666667
430_60_HZ,-15.0782976150513,328,517.910578265393,60,13.210078666666668
431_60_HZ,-14.7707176208496,301,465.58256223650204,60,13.264961630952383
432_60_HZ,-14.7707176208496,273,422.27255644706,60,13.322188964285717
433_60_HZ,-15.4982423782349,235,381.39844884947996,60,13.400362202380954
434_60_HZ,-15.4982423782349,190,308.36470332511203,60,13.493691666666669
435_60_HZ,-16.1380023956299,164,277.154683490824,60,13.547988952380955
436_60_HZ,-16.1380023956299,145,245.045299427863,60,13.587840773809527
437_60_HZ,-16.5044708251953,143,247.153224362542,60,13.592044202380954
438_60_HZ,-16.5044708251953,156,269.621699304591,60,13.56475085714286
439_60_HZ,-16.537181854248,179,309.986774237978,60,13.516630202380954
440_60_HZ,-16.537181854248,217,375.79402240023,60,13.437595630952384
441_60_HZ,-16.2886981964111,266,453.729099196525,60,13.336545380952384
442_60_HZ,-16.2886981964111,323,550.9567633100661,60,13.220219916666668
443_60_HZ,-15.1218719482422,389,616.0043391879581,60,13.087170202380955
444_60_HZ,-15.1218719482422,421,666.678217990052,60,13.023295916666669
445_60_HZ,-13.652551651001,437,624.775357272606,60,12.991514202380955
446_60_HZ,-13.652551651001,438,626.205049165678,60,12.989531285714287
447_60_HZ,-13.1808595657349,427,589.386547381603,60,13.011365630952383
448_60_HZ,-13.1808595657349,388,535.554989189841,60,13.089172952380954
449_60_HZ,-14.2045335769653,355,528.0608408191309,60,13.155490773809525
450_60_HZ,-14.2045335769653,344,511.69839223036996,60,13.17769466666667
451_60_HZ,-15.4931154251099,346,561.36261161693,60,13.173653952380954
452_60_HZ,-15.4931154251099,313,507.822246925142,60,13.240532773809527
453_60_HZ,-15.8586101531982,256,425.141697464333,60,13.357088952380954
454_60_HZ,-15.8586101531982,177,293.945626762449,60,13.520806107142858
455_60_HZ,-16.0767574310303,98,164.98830490691398,60,13.687049380952383
456_60_HZ,-16.0767574310303,51,85.8612607168633,60,13.787152107142859
457_60_HZ,-16.7831516265869,49,86.118849950447,60,13.791431630952383
458_60_HZ,-16.7831516265869,40,70.3011020003649,60,13.810709523809527
459_60_HZ,-16.964916229248,38,67.5093524564136,60,13.814997952380955
460_60_HZ,-16.964916229248,42,74.6156000834045,60,13.806422714285716
461_60_HZ,-16.4750061035156,37,63.8345663352983,60,13.817142773809525
462_60_HZ,-16.4750061035156,33,56.9335321368877,60,13.82572610714286
463_60_HZ,-16.2596378326416,29,49.37845340111701,60,13.834315916666668
464_60_HZ,-16.2596378326416,15,25.5405793454053,60,13.864431250000003
465_60_HZ,-16.3256874084473,10,17.0962204746427,60,13.875205952380954
466_60_HZ,-16.3256874084473,7,11.9673543322499,60,13.881675630952383
467_60_HZ,-16.6165962219238,7,12.1806015633006,60,13.881675630952383
468_60_HZ,-16.6165962219238,7,12.1806015633006,60,13.881675630952383
469_60_HZ,-16.5776195526123,5,8.68002132387926,60,13.885990773809526
470_60_HZ,-16.5776195526123,5,8.68002132387926,60,13.885990773809526
471_60_HZ,-16.5792427062988,5,8.68087078752932,60,13.885990773809526
472_60_HZ,-16.5792427062988,5,8.68087078752932,60,13.885990773809526
473_60_HZ,-16.6446838378906,5,8.71513602751342,60,13.885990773809526
474_60_HZ,-16.6446838378906,5,8.71513602751342,60,13.885990773809526
475_60_HZ,-16.537223815918,6,10.3906436147915,60,13.883833000000003
476_60_HZ,-16.537223815918,12,20.7812872295829,60,13.87089485714286
477_60_HZ,-16.391170501709,81,139.03482676512598,60,13.723153535714287
478_60_HZ,-16.391170501709,507,870.2550267891211,60,12.853687535714288
479_60_HZ,-16.0350227355957,1081,1815.19751616279,60,11.798320202380955
480_60_HZ,-16.0350227355957,1465,2460.00403439268,60,11.166740773809526
481_60_HZ,-9.18002510070801,1657,1592.9238175733599,60,10.873332773809526
482_60_HZ,-9.18002510070801,1702,1636.18366777903,60,10.80672366666667
483_60_HZ,-1.77819299697876,1716,319.53968996382696,60,10.786168000000004
484_60_HZ,-1.77819299697876,1718,319.912113844903,60,10.783237952380954
485_60_HZ,-0.105005338788033,1717,18.880361499344502,60,10.784702773809526
486_60_HZ,-0.105005338788033,1711,18.8143846973666,60,10.793500202380955
487_60_HZ,-0.0425682477653027,1707,7.6093561507576295,60,10.799373250000002
488_60_HZ,-0.0425682477653027,1711,7.62718709662935,60,10.793500202380955
489_60_HZ,-0.0372918732464314,1708,6.67007452870566,60,10.797904380952383
490_60_HZ,-0.0372918732464314,1704,6.6544537452660695,60,10.803782285714288
491_60_HZ,-0.0366598069667816,1715,6.58389546074656,60,10.787633630952383
492_60_HZ,-0.0366598069667816,1722,6.61076850344348,60,10.777382714285716
493_60_HZ,-0.0372369103133678,1734,6.7616293563304195,60,10.75985585714286
01_60_HZ,-0.00307788490317762,0,0.0,60,12.025476190476198
02_60_HZ,-0.00307788490317762,0,0.0,60,12.025476190476198
03_60_HZ,-0.00228093261830509,0,0.0,60,12.025476190476198
04_60_HZ,-0.00228093261830509,0,0.0,60,12.025476190476198
05_60_HZ,-0.00261070602573454,0,0.0,60,12.025476190476198
06_60_HZ,-0.00261070602573454,0,0.0,60,12.025476190476198
07_60_HZ,-0.00228093261830509,0,0.0,60,12.025476190476198
08_60_HZ,-0.00228093261830509,0,0.0,60,12.025476190476198
09_60_HZ,-0.00170382915530354,0,0.0,60,12.025476190476198
10_60_HZ,-0.00170382915530354,0,0.0,60,12.025476190476198
11_60_HZ,-0.00291299819946289,0,0.0,60,12.025476190476198
12_60_HZ,-0.00291299819946289,0,0.0,60,12.025476190476198
13_60_HZ,-0.002940479433164,0,0.0,60,12.025476190476198
14_60_HZ,-0.002940479433164,0,0.0,60,12.025476190476198
15_60_HZ,-0.00414964836090803,0,0.0,60,12.025476190476198
16_60_HZ,-0.00414964836090803,0,0.0,60,12.025476190476198
17_60_HZ,-0.00387483718805015,0,0.0,60,12.025476190476198
18_60_HZ,-0.00387483718805015,0,0.0,60,12.025476190476198
19_60_HZ,-0.00305040390230715,0,0.0,60,12.025476190476198
20_60_HZ,-0.00305040390230715,0,0.0,60,12.025476190476198
21_60_HZ,-0.00384735618717968,0,0.0,60,12.025476190476198
22_60_HZ,-0.00384735618717968,0,0.0,60,12.025476190476198
23_60_HZ,-0.0031328471377492,0,0.0,60,12.025476190476198
24_60_HZ,-0.0031328471377492,0,0.0,60,12.025476190476198
25_60_HZ,-0.00134657463058829,0,0.0,60,12.025476190476198
26_60_HZ,-0.00134657463058829,0,0.0,60,12.025476190476198
27_60_HZ,-0.0021984891500324,0,0.0,60,12.025476190476198
28_60_HZ,-0.0021984891500324,0,0.0,60,12.025476190476198
29_60_HZ,-0.00222597038373351,0,0.0,60,12.025476190476198
30_60_HZ,-0.00222597038373351,0,0.0,60,12.025476190476198
31_60_HZ,-0.00123665016144514,0,0.0,60,12.025476190476198
32_60_HZ,-0.00123665016144514,0,0.0,60,12.025476190476198
33_60_HZ,-0.00214352691546083,0,0.0,60,12.025476190476198
34_60_HZ,-0.00214352691546083,0,0.0,60,12.025476190476198
35_60_HZ,-0.00244581932201982,0,0.0,60,12.025476190476198
36_60_HZ,-0.00244581932201982,0,0.0,60,12.025476190476198
37_60_HZ,-0.000687027873937041,0,0.0,60,12.025476190476198
38_60_HZ,-0.000687027873937041,0,0.0,60,12.025476190476198
39_60_HZ,-0.00027481114375405,0,0.0,60,12.025476190476198
40_60_HZ,-0.00027481114375405,0,0.0,60,12.025476190476198
41_60_HZ,-0.00123665016144514,0,0.0,60,12.025476190476198
42_60_HZ,-0.00123665016144514,0,0.0,60,12.025476190476198
43_60_HZ,-0.000687027873937041,0,0.0,60,12.025476190476198
44_60_HZ,-0.000687027873937041,0,0.0,60,12.025476190476198
45_60_HZ,-0.00288551719859242,0,0.0,60,12.025476190476198
46_60_HZ,-0.00288551719859242,0,0.0,60,12.025476190476198
47_60_HZ,-0.00316032837145031,0,0.0,60,12.025476190476198
48_60_HZ,-0.00316032837145031,0,0.0,60,12.025476190476198
49_60_HZ,-0.00208856468088925,0,0.0,60,12.025476190476198
50_60_HZ,-0.00208856468088925,0,0.0,60,12.025476190476198
51_60_HZ,-0.00277559272944927,0,0.0,60,12.025476190476198
52_60_HZ,-0.00277559272944927,0,0.0,60,12.025476190476198
53_60_HZ,-0.0031328471377492,0,0.0,60,12.025476190476198
54_60_HZ,-0.0031328471377492,0,0.0,60,12.025476190476198
55_60_HZ,-0.00310536613687873,0,0.0,60,12.025476190476198
56_60_HZ,-0.00310536613687873,0,0.0,60,12.025476190476198
57_60_HZ,-0.00321529060602188,0,0.0,60,12.025476190476198
58_60_HZ,-0.00321529060602188,0,0.0,60,12.025476190476198
59_60_HZ,-0.00239085708744824,0,0.0,60,12.025476190476198
60_60_HZ,-0.00239085708744824,0,0.0,60,12.025476190476198
61_60_HZ,-0.00329773384146392,0,0.0,60,12.025476190476198
62_60_HZ,-0.00329773384146392,0,0.0,60,12.025476190476198
63_60_HZ,-0.00203360244631767,0,0.0,60,12.025476190476198
64_60_HZ,-0.00203360244631767,0,0.0,60,12.025476190476198
65_60_HZ,-0.00137405574787408,0,0.0,60,12.025476190476198
66_60_HZ,-0.00137405574787408,0,0.0,60,12.025476190476198
67_60_HZ,-0.000632065639365464,0,0.0,60,12.025476190476198
68_60_HZ,-0.000632065639365464,0,0.0,60,12.025476190476198
69_60_HZ,-0.00195115921087563,0,0.0,60,12.025476190476198
70_60_HZ,-0.00195115921087563,0,0.0,60,12.025476190476198
71_60_HZ,-0.00244581932201982,0,0.0,60,12.025476190476198
72_60_HZ,-0.00244581932201982,0,0.0,60,12.025476190476198
73_60_HZ,-0.00181375362444669,0,0.0,60,12.025476190476198
74_60_HZ,-0.00181375362444669,0,0.0,60,12.025476190476198
75_60_HZ,-2.74811154667987e-05,0,0.0,60,12.025476190476198
76_60_HZ,-2.74811154667987e-05,0,0.0,60,12.025476190476198
77_60_HZ,-0.00137405574787408,0,0.0,60,12.025476190476198
78_60_HZ,-0.00137405574787408,0,0.0,60,12.025476190476198
79_60_HZ,-0.0021984891500324,6,0.0013813515200818,60,12.035843714285722
80_60_HZ,-0.0021984891500324,92,0.0211807233079209,60,12.17730734391535
81_60_HZ,-0.00447942176833749,232,0.10882747725711099,60,12.379054010582017
82_60_HZ,-0.00447942176833749,371,0.17403014682064,60,12.54437465343916
83_60_HZ,-0.0250352956354618,499,1.30822334617181,60,12.665781637566145
84_60_HZ,-0.0250352956354618,588,1.54155376262329,60,12.732774857142864
85_60_HZ,-0.041139230132103,658,2.8347232550418697,60,12.775425597883606
86_60_HZ,-0.041139230132103,734,3.16213809908926,60,12.811722232804241
87_60_HZ,-0.0317406877875328,810,2.69234044710944,60,12.837597619047628
88_60_HZ,-0.0317406877875328,877,2.9150402124876202,60,12.851765637566146
89_60_HZ,-0.0250902585685253,933,2.45140684166617,60,12.857393785714294
90_60_HZ,-0.0250902585685253,978,2.56964189833817,60,12.857816285714295
91_60_HZ,-0.0200886949896812,1015,2.1352385012447797,60,12.855426653439162
92_60_HZ,-0.0200886949896812,1048,2.20466004857589,60,12.85121147089948
93_60_HZ,-0.0129436049610376,1073,1.45439911515313,60,12.846710082010592
94_60_HZ,-0.0129436049610376,1093,1.48150813873474,60,12.842297066137576
95_60_HZ,-0.00626569427549839,1109,0.727661446991092,60,12.838247034391545
96_60_HZ,-0.00626569427549839,1128,0.74012814445983,60,12.832837714285724
97_60_HZ,-0.0021984891500324,1143,0.263147464575583,60,12.82810711904763
98_60_HZ,-0.0021984891500324,1162,0.267521744389175,60,12.821532264550275
99_60_HZ,-0.00360002601519227,1190,0.448622684303233,60,12.810655820105831
100_60_HZ,-0.00360002601519227,1207,0.45503157979327896,60,12.803362145502657
101_60_HZ,-0.0106351915746927,1225,1.3643004622558,60,12.795071097883609
102_60_HZ,-0.0106351915746927,1252,1.39437075815858,60,12.781538455026466
103_60_HZ,-0.0199238080531359,1274,2.65809444067407,60,12.769539375661386
104_60_HZ,-0.0199238080531359,1290,2.69147710240938,60,12.760264285714296
105_60_HZ,-0.0233314670622349,1305,3.18846147899381,60,12.751149404761916
106_60_HZ,-0.0233314670622349,1325,3.23732678901671,60,12.73836474867726
107_60_HZ,-0.0148398019373417,1342,2.08549545744351,60,12.726930359788371
108_60_HZ,-0.0148398019373417,1348,2.09481958020406,60,12.722770201058212
109_60_HZ,-0.0114321438595653,1371,1.6413218761612,60,12.706221214285726
110_60_HZ,-0.0114321438595653,1400,1.6760398443659301,60,12.683994708994721
111_60_HZ,-0.0108275590464473,1419,1.60894644990928,60,12.668609785714297
112_60_HZ,-0.0108275590464473,1437,1.62935591861848,60,12.653433785714299
113_60_HZ,-0.011761917732656,1462,1.80075286410398,60,12.631386232804244
114_60_HZ,-0.011761917732656,1481,1.8241552611066998,60,12.613875923280435
115_60_HZ,-0.0115420687943697,1500,1.81302387010736,60,12.595714285714298
116_60_HZ,-0.0115420687943697,1510,1.82511069590808,60,12.585893915343927
117_60_HZ,-0.00640309974551201,1536,1.02993569337299,60,12.559516571428585
118_60_HZ,-0.00640309974551201,1552,1.04066419017896,60,12.542678137566151
119_60_HZ,-0.00659546768292785,1564,1.08021688870397,60,12.529746201058215
120_60_HZ,-0.00659546768292785,1587,1.0961024311849101,60,12.504233785714298
121_60_HZ,-0.00395728042349219,1603,0.664291946007338,60,12.485923097883612
122_60_HZ,-0.00395728042349219,1643,0.68086816424832,60,12.43812563756615
123_60_HZ,-0.00206108368001878,1655,0.357208869646154,60,12.423223478835993
124_60_HZ,-0.00206108368001878,1659,0.35807221434620495,60,12.41819835714287
125_60_HZ,-0.00230841361917555,1678,0.40563387387202204,60,12.393934804232819
126_60_HZ,-0.00230841361917555,1683,0.406842556452094,60,12.387441404761919
127_60_HZ,0.00305040390230715,1696,0.541766066176083,60,12.370347470899485
128_60_HZ,0.00305040390230715,1711,0.546557629261367,60,12.350244812169327
129_60_HZ,0.00159390468616039,1721,0.28725780423234504,60,12.336617510582025
130_60_HZ,0.00159390468616039,1716,0.286423237688962,60,12.34345371428573
131_60_HZ,0.00123665016144514,1720,0.222742932613191,60,12.337988359788374
132_60_HZ,0.00123665016144514,1725,0.22339044113822898,60,12.331116071428585
133_60_HZ,0.00349010154604912,1741,0.636305188647348,60,12.308821637566153
134_60_HZ,0.00349010154604912,1734,0.633746810519529,60,12.318632285714301
135_60_HZ,0.00406720489263535,1729,0.7364100066182769,60,12.32558576455028
136_60_HZ,0.00406720489263535,1730,0.736835923336969,60,12.324198677248692
137_60_HZ,0.00645806221291423,1746,1.1807965462599301,60,12.30175990476192
138_60_HZ,0.00645806221291423,1738,1.17538625280627,60,12.31303702645504
139_60_HZ,0.00579851539805532,1715,1.0413807662799999,60,12.344815542328057
140_60_HZ,0.00579851539805532,1731,1.05109627197125,60,12.3228097857143
141_60_HZ,0.00549622299149632,1750,1.00723548339298,60,12.296078042328057
142_60_HZ,0.00549622299149632,1755,1.01011329905982,60,12.288935119047634
143_60_HZ,0.00442445976659656,1730,0.801557997684134,60,12.324198677248692
144_60_HZ,0.00442445976659656,1730,0.801557997684134,60,12.324198677248692
145_60_HZ,0.00599088333547115,1720,1.07906576243724,60,12.337988359788374
146_60_HZ,0.00599088333547115,1728,1.0840846729602,60,12.326971047619063
147_60_HZ,0.00709012756124139,1731,1.28522672117811,60,12.3228097857143
148_60_HZ,0.00709012756124139,1732,1.28596919762015,60,12.321419089947105
149_60_HZ,0.0043969783000648,1750,0.805788386714385,60,12.296078042328057
150_60_HZ,0.0043969783000648,1742,0.8021047826608341,60,12.307412899470915
151_60_HZ,0.00414964836090803,1737,0.7548136378076991,60,12.314438547619062
152_60_HZ,0.00414964836090803,1747,0.759159139464623,60,12.300342145502661
153_60_HZ,0.00546874199062586,1746,0.9999085647052149,60,12.30175990476192
154_60_HZ,0.00546874199062586,1745,0.999335879387514,60,12.303175859788375
155_60_HZ,0.00610080780461431,1735,1.10844826039564,60,12.317236177248692
156_60_HZ,0.00610080780461431,1737,1.10972601055172,60,12.314438547619062
157_60_HZ,0.00689776008948684,1744,1.25974654126393,60,12.304590010582025
158_60_HZ,0.00689776008948684,1730,1.24963389701067,60,12.324198677248692
159_60_HZ,0.000961839046794921,1727,0.173949567981968,60,12.32835452645504
160_60_HZ,0.000961839046794921,1727,0.173949567981968,60,12.32835452645504
161_60_HZ,-0.0108275590464473,1724,1.95477355859309,60,12.332494137566153
162_60_HZ,-0.0108275590464473,1733,1.96497829294769,60,12.320026589947105
163_60_HZ,-0.0319605357944965,1722,5.76336114655529,60,12.335244857142872
164_60_HZ,-0.0319605357944965,1727,5.78009564465795,60,12.32835452645504
165_60_HZ,-0.0744738206267357,1732,13.5076609517466,60,12.321419089947105
166_60_HZ,-0.0744738206267357,1737,13.5466553540322,60,12.314438547619062
167_60_HZ,-0.127127632498741,1744,23.2174800792309,60,12.304590010582025
168_60_HZ,-0.127127632498741,1751,23.310669506154397,60,12.294653066137581
169_60_HZ,-0.158813372254372,1727,28.7215586676511,60,12.32835452645504
170_60_HZ,-0.158813372254372,1716,28.538618803526003,60,12.34345371428573
171_60_HZ,-0.231885656714439,1712,41.5725107176726,60,12.348890201058216
172_60_HZ,-0.231885656714439,1719,41.74249177785,60,12.33935740476192
173_60_HZ,-0.351565897464752,1722,63.39697261210819,60,12.335244857142872
174_60_HZ,-0.351565897464752,1737,63.94921104949599,60,12.314438547619062
175_60_HZ,-0.448409348726273,1712,80.3909288196568,60,12.348890201058216
176_60_HZ,-0.448409348726273,1726,81.04833127495769,60,12.329736201058216
177_60_HZ,-0.470971345901489,1732,85.4222484837759,60,12.321419089947105
178_60_HZ,-0.470971345901489,1706,84.1399283564213,60,12.356990804232819
179_60_HZ,-0.460638463497162,1698,81.90803266037459,60,12.367690571428586
180_60_HZ,-0.460638463497162,1704,82.1974603376197,60,12.359676571428587
181_60_HZ,-0.494934886693954,1697,87.9545938910719,60,12.369019923280439
182_60_HZ,-0.494934886693954,1687,87.4362992894746,60,12.382214208994723
183_60_HZ,-0.653006255626679,1693,115.771836397023,60,12.374319288359803
184_60_HZ,-0.653006255626679,1698,116.11374967639999,60,12.367690571428586
185_60_HZ,-0.812534153461456,1682,143.118648131548,60,12.388743693121707
186_60_HZ,-0.812534153461456,1669,142.01249924587,60,12.40550925661377
187_60_HZ,-0.885551452636719,1680,155.79434984090602,60,12.39134285714287
188_60_HZ,-0.885551452636719,1677,155.516145644761,60,12.395228071428585
189_60_HZ,-0.932434260845184,1665,162.577735483678,60,12.410606547619063
190_60_HZ,-0.932434260845184,1677,163.74946691058702,60,12.395228071428585
191_60_HZ,-1.00146675109863,1690,177.23597591718197,60,12.378274867724882
192_60_HZ,-1.00146675109863,1671,175.24338210509498,60,12.4029497857143
193_60_HZ,-1.14472579956055,1648,197.55467832026,60,12.431947978835993
194_60_HZ,-1.14472579956055,1642,196.835425850647,60,12.43935575661377
195_60_HZ,-1.29578959941864,1640,222.539413489232,60,12.441810582010596
196_60_HZ,-1.29578959941864,1646,223.353582075168,60,12.43442445502647
197_60_HZ,-1.4168438911438,1630,241.845614006245,60,12.453976455026469
198_60_HZ,-1.4168438911438,1630,241.845614006245,60,12.453976455026469
199_60_HZ,-1.50808119773865,1628,257.10334948820304,60,12.456387978835993
200_60_HZ,-1.50808119773865,1632,257.735053049599,60,12.451557714285729
201_60_HZ,-1.64081490039825,1628,279.732304752304,60,12.456387978835993
202_60_HZ,-1.64081490039825,1627,279.56047901228396,60,12.457591034391548
203_60_HZ,-1.78473353385925,1628,304.268089165987,60,12.456387978835993
204_60_HZ,-1.78473353385925,1622,303.146708001985,60,12.463579248677263
205_60_HZ,-1.82004678249359,1611,307.048309470113,60,12.476594547619062
206_60_HZ,-1.82004678249359,1622,309.144852861902,60,12.463579248677263
207_60_HZ,-1.87297546863556,1625,318.723481006584,60,12.459991732804246
208_60_HZ,-1.87297546863556,1631,319.900306167223,60,12.4527679867725
209_60_HZ,-1.94068884849548,1632,331.668854188633,60,12.451557714285729
210_60_HZ,-1.94068884849548,1631,331.465625724057,60,12.4527679867725
211_60_HZ,-1.89125037193298,1626,322.03137183575,60,12.4587922857143
212_60_HZ,-1.89125037193298,1627,322.229423109942,60,12.457591034391548
213_60_HZ,-1.81529259681702,1612,306.436350602008,60,12.475420359788373
214_60_HZ,-1.81529259681702,1597,303.58489572668003,60,12.492843732804246
215_60_HZ,-1.99991071224213,1592,333.41281048273703,60,12.498561312169326
216_60_HZ,-1.99991071224213,1593,333.622240640075,60,12.497421404761917
217_60_HZ,-2.25144529342651,1592,375.347120186044,60,12.498561312169326
218_60_HZ,-2.25144529342651,1602,377.704828227414,60,12.48708104761906
219_60_HZ,-2.33693909645081,1596,390.579007127682,60,12.49399085714287
220_60_HZ,-2.33693909645081,1591,389.355388684299,60,12.49969941534393
221_60_HZ,-2.35414218902588,1584,390.495918833749,60,12.507615619047632
222_60_HZ,-2.35414218902588,1578,389.016767626046,60,12.514330571428584
223_60_HZ,-2.50954794883728,1562,410.492426750397,60,12.53191956613758
224_60_HZ,-2.50954794883728,1551,407.601635012718,60,12.543744071428584
225_60_HZ,-2.87150168418884,1543,463.984665779906,60,12.552206589947103
226_60_HZ,-2.87150168418884,1548,465.48818057504496,60,12.546931047619061
227_60_HZ,-3.09709429740906,1549,502.38244219931704,60,12.54587052645504
228_60_HZ,-3.09709429740906,1535,497.8418649296,60,12.56055363756615
229_60_HZ,-3.25302195549011,1530,521.203181113675,60,12.565711904761917
230_60_HZ,-3.25302195549011,1516,516.434001678648,60,12.579915089947102
231_60_HZ,-3.4280219078064,1519,545.29305662323,60,12.576901320105833
232_60_HZ,-3.4280219078064,1523,546.728983039618,60,12.572857701058213
233_60_HZ,-3.47927403450012,1523,554.903116270622,60,12.572857701058213
234_60_HZ,-3.47927403450012,1528,556.7248599222,60,12.567762582010594
235_60_HZ,-3.46627545356751,1522,552.467010774857,60,12.573871312169326
236_60_HZ,-3.46627545356751,1525,553.555973345373,60,12.570825066137578
237_60_HZ,-3.47957634925842,1514,551.6719048398991,60,12.58191524867726
238_60_HZ,-3.47957634925842,1514,551.6719048398991,60,12.58191524867726
239_60_HZ,-3.50782704353333,1510,554.681558998064,60,12.585893915343927
240_60_HZ,-3.50782704353333,1507,553.579542655684,60,12.588858970899484
241_60_HZ,-3.67378544807434,1503,578.23101813699,60,12.592787119047632
242_60_HZ,-3.67378544807434,1498,576.307428588963,60,12.597656708994721
243_60_HZ,-3.84598207473755,1483,597.278698717021,60,12.611994843915356
244_60_HZ,-3.84598207473755,1476,594.459446599004,60,12.61854704761906
245_60_HZ,-3.96775102615356,1473,612.0343042879811,60,12.621328071428584
246_60_HZ,-3.96775102615356,1481,615.35831951833,60,12.613875923280435
247_60_HZ,-4.12439346313477,1475,637.060543314501,60,12.619475859788372
248_60_HZ,-4.12439346313477,1465,632.7414887835549,60,12.628664748677261
249_60_HZ,-4.18009757995606,1465,641.28732068609,60,12.628664748677261
250_60_HZ,-4.18009757995606,1465,641.28732068609,60,12.628664748677261
251_60_HZ,-4.17888832092285,1467,641.977041011329,60,12.626841404761917
252_60_HZ,-4.17888832092285,1459,638.476143718833,60,12.634091478835991
253_60_HZ,-4.18581342697144,1457,638.657549707208,60,12.635885955026467
254_60_HZ,-4.18581342697144,1447,634.2741759961091,60,12.644750082010594
255_60_HZ,-4.35476732254028,1437,655.315371289239,60,12.653433785714299
256_60_HZ,-4.35476732254028,1426,650.299039289112,60,12.662777470899483
257_60_HZ,-4.63037538528442,1410,683.697431164859,60,12.675978571428583
258_60_HZ,-4.63037538528442,1405,681.272972189097,60,12.680009193121705
259_60_HZ,-4.87479257583618,1405,717.234358208989,60,12.680009193121705
260_60_HZ,-4.87479257583618,1397,713.150461507443,60,12.68636436772488
261_60_HZ,-4.99351119995117,1402,733.132790426301,60,12.682405915343928
262_60_HZ,-4.99351119995117,1411,737.839063688667,60,12.675167034391546
263_60_HZ,-5.04479074478149,1408,743.8312716148649,60,12.677596232804245
264_60_HZ,-5.04479074478149,1418,749.114164168948,60,12.669435756613769
265_60_HZ,-5.042564868927,1412,745.6152871030511,60,12.674353693121706
266_60_HZ,-5.042564868927,1387,732.41388329457,60,12.694145955026467
267_60_HZ,-5.05726718902588,1376,728.723798400135,60,12.702497312169324
268_60_HZ,-5.05726718902588,1364,722.368648995483,60,12.71135889947091
269_60_HZ,-5.23303651809692,1352,740.899099765713,60,12.71996067724869
270_60_HZ,-5.23303651809692,1349,739.2550928875349,60,12.722070526455038
271_60_HZ,-5.51290416717529,1344,775.904596289341,60,12.725550857142869
272_60_HZ,-5.51290416717529,1332,768.976876679615,60,12.73371961904763
273_60_HZ,-5.72453594207764,1322,792.502018276155,60,12.740328455026466
274_60_HZ,-5.72453594207764,1317,789.5046581465181,60,12.743565214285725
275_60_HZ,-5.92141103744507,1315,815.416637034608,60,12.7448472883598
276_60_HZ,-5.92141103744507,1315,815.416637034608,60,12.7448472883598
277_60_HZ,-6.05628824234009,1310,830.8190518214001,60,12.74802089947091
278_60_HZ,-6.05628824234009,1300,824.476921654825,60,12.754232804232815
279_60_HZ,-6.175940990448,1280,827.831073370837,60,12.766115343915354
280_60_HZ,-6.175940990448,1267,819.423414031914,60,12.773451986772498
281_60_HZ,-6.40233039855957,1265,848.1198464909791,60,12.774553637566148
282_60_HZ,-6.40233039855957,1261,845.4380446048419,60,12.776735288359799
283_60_HZ,-6.6056079864502,1262,872.9729446157189,60,12.776192582010593
284_60_HZ,-6.6056079864502,1263,873.664682289741,60,12.775648071428582
285_60_HZ,-6.6648850440979,1277,891.275921324378,60,12.76783547883599
286_60_HZ,-6.6648850440979,1284,896.161537181286,60,12.763796571428582
287_60_HZ,-6.49637079238892,1279,870.101598278501,60,12.766690526455037
288_60_HZ,-6.49637079238892,1273,866.019808138023,60,12.770103732804243
289_60_HZ,-6.42579936981201,1262,849.210055155678,60,12.776192582010593
290_60_HZ,-6.42579936981201,1243,836.4248007595149,60,12.786195478835989
291_60_HZ,-6.59107065200806,1219,841.372462322198,60,12.797899732804243
292_60_HZ,-6.59107065200806,1199,827.568156131514,60,12.806859415343926
293_60_HZ,-7.05316543579102,1190,878.940878166768,60,12.810655820105831
294_60_HZ,-7.05316543579102,1199,885.5883301865159,60,12.806859415343926
295_60_HZ,-7.33113718032837,1217,934.309015583072,60,12.798828177248687
296_60_HZ,-7.33113718032837,1224,939.683019781167,60,12.795547047619058
297_60_HZ,-7.20263528823853,1226,924.7205769647841,60,12.794593343915354
298_60_HZ,-7.20263528823853,1225,923.9663187454,60,12.795071097883609
299_60_HZ,-7.10370349884033,1227,912.762947820615,60,12.794113785714297
300_60_HZ,-7.10370349884033,1229,914.250743986581,60,12.793149256613766
301_60_HZ,-7.12439680099487,1216,907.2151350675059,60,12.799289693121704
302_60_HZ,-7.12439680099487,1208,901.246614442062,60,12.802916867724878
303_60_HZ,-7.20859861373901,1200,905.8592464604441,60,12.806428571428581
304_60_HZ,-7.20859861373901,1195,902.0848329335261,60,12.80856474867726
305_60_HZ,-7.31118583679199,1192,912.6257047914639,60,12.809824804232814
306_60_HZ,-7.31118583679199,1185,907.2663256525881,60,12.812701785714296
307_60_HZ,-7.37406253814697,1179,910.435629512688,60,12.815097404761914
308_60_HZ,-7.37406253814697,1183,913.524469646743,60,12.813507542328052
309_60_HZ,-7.5153980255127,1180,928.672554596161,60,12.814702645502656
310_60_HZ,-7.5153980255127,1177,926.311522677697,60,12.81588151058202
311_60_HZ,-7.53933429718018,1177,929.2617643314211,60,12.81588151058202
312_60_HZ,-7.53933429718018,1180,931.630315982224,60,12.814702645502656
313_60_HZ,-7.48992300033569,1182,927.093312959566,60,12.813907714285724
314_60_HZ,-7.48992300033569,1170,917.681198107185,60,12.818569047619057
315_60_HZ,-7.50369119644165,1160,911.510240416472,60,12.822255026455036
316_60_HZ,-7.50369119644165,1150,903.65239351633,60,12.825760582010592
317_60_HZ,-7.7235951423645,1137,919.6203480045219,60,12.830048071428582
318_60_HZ,-7.7235951423645,1126,910.7234053237389,60,12.833437788359799
319_60_HZ,-8.01119327545166,1117,937.085061522911,60,12.836048812169322
320_60_HZ,-8.01119327545166,1112,932.890410397025,60,12.837436232804242
321_60_HZ,-8.1394853591919,1120,954.648655567444,60,12.835194708994718
322_60_HZ,-8.1394853591919,1137,969.138858375165,60,12.830048071428582
323_60_HZ,-8.18679237365723,1145,981.630100570308,60,12.827445701058211
324_60_HZ,-8.18679237365723,1151,986.77401376107,60,12.825418145502656
325_60_HZ,-8.03365325927734,1158,974.204755632565,60,12.82297057142858
326_60_HZ,-8.03365325927734,1164,979.252448666931,60,12.820802285714295
327_60_HZ,-7.83552551269531,1167,957.563544661198,60,12.819693785714296
328_60_HZ,-7.83552551269531,1148,941.973392691564,60,12.826440042328052
329_60_HZ,-7.79435873031616,1115,910.089031149405,60,12.836609193121703
330_60_HZ,-7.79435873031616,1092,891.3158941839911,60,12.842534857142867
331_60_HZ,-8.17197990417481,1082,925.940696890321,60,12.844813534391545
332_60_HZ,-8.17197990417481,1097,938.7772130209639,60,12.84132785978837
333_60_HZ,-8.53482913970947,1111,992.973142849394,60,12.837708304232814
334_60_HZ,-8.53482913970947,1121,1001.9107949002399,60,12.83490639947091
335_60_HZ,-8.35942363739014,1125,984.821372108993,60,12.83373511904763
336_60_HZ,-8.35942363739014,1117,977.818197907329,60,12.836048812169322
337_60_HZ,-8.20116996765137,1109,952.4363877419551,60,12.838247034391545
338_60_HZ,-8.20116996765137,1096,941.27166903984,60,12.841572867724878
339_60_HZ,-8.26490592956543,1081,935.604302333378,60,12.845031478835988
340_60_HZ,-8.26490592956543,1070,926.08381452055,60,12.847309788359798
341_60_HZ,-8.47118949890137,1070,949.197998944896,60,12.847309788359798
342_60_HZ,-8.47118949890137,1075,953.633503612862,60,12.846301256613767
343_60_HZ,-8.68931865692139,1073,976.3692342147609,60,12.846710082010592
344_60_HZ,-8.68931865692139,1068,971.819517373127,60,12.84770057142858
345_60_HZ,-8.70755672454834,1067,972.947385955992,60,12.847893256613766
346_60_HZ,-8.70755672454834,1065,971.123679515587,60,12.848273214285724
347_60_HZ,-8.67810153961182,1069,971.473695239405,60,12.847506082010591
348_60_HZ,-8.67810153961182,1070,972.382463897253,60,12.847309788359798
349_60_HZ,-8.71855735778809,1061,968.698511204899,60,12.849011478835989
350_60_HZ,-8.71855735778809,1047,955.916438484005,60,12.851368071428581
351_60_HZ,-8.79384803771973,1035,953.120786698314,60,12.853106547619056
352_60_HZ,-8.79384803771973,1035,953.120786698314,60,12.853106547619056
353_60_HZ,-8.91712188720703,1032,963.6803956120131,60,12.853500571428581
354_60_HZ,-8.91712188720703,1017,949.673413117653,60,12.855227119047628
355_60_HZ,-9.07523059844971,993,943.703443518061,60,12.857145214285723
356_60_HZ,-9.07523059844971,974,925.646680751854,60,12.857926677248686
357_60_HZ,-9.38939762115479,976,959.657277478653,60,12.857875089947099
358_60_HZ,-9.38939762115479,972,955.7242558496421,60,12.857971047619056
359_60_HZ,-9.70045185089111,975,990.433267218255,60,12.857901785714295
360_60_HZ,-9.70045185089111,991,1006.6865310905499,60,12.857258145502655
361_60_HZ,-9.68795585632324,1016,1030.75271604464,60,12.855327788359798
362_60_HZ,-9.68795585632324,1037,1052.0576442306,60,12.852834843915353
363_60_HZ,-9.42167568206787,1046,1032.0207768497,60,12.851522867724878
364_60_HZ,-9.42167568206787,1045,1031.03414130778,60,12.851675859788369
365_60_HZ,-9.11959457397461,1049,1001.79681008989,60,12.851053066137576
366_60_HZ,-9.11959457397461,1055,1007.5268204431301,60,12.850064748677259
367_60_HZ,-9.05472564697266,1039,985.18875081157,60,12.852555923280432
368_60_HZ,-9.05472564697266,1023,970.0174129742401,60,12.854585214285724
369_60_HZ,-9.09098339080811,1007,958.669621328057,60,12.85615262169313
370_60_HZ,-9.09098339080811,1005,956.765610163552,60,12.85631607142858
371_60_HZ,-9.39004898071289,1008,991.1902051782589,60,12.856068190476199
372_60_HZ,-9.39004898071289,1007,990.2068815620099,60,12.85615262169313
373_60_HZ,-9.46804141998291,1006,997.439957972579,60,12.856235248677258
374_60_HZ,-9.46804141998291,996,987.525047853568,60,12.856962285714294
375_60_HZ,-9.45467662811279,970,960.388720431872,60,12.85800820105821
376_60_HZ,-9.45467662811279,944,934.64634235844,60,12.857834455026463
377_60_HZ,-9.75412845611572,930,949.948424208952,60,12.857235714285723
378_60_HZ,-9.75412845611572,925,944.841174616431,60,12.856936177248686
379_60_HZ,-10.1257581710815,929,985.0808871270091,60,12.857179415343925
380_60_HZ,-10.1257581710815,927,982.960153247295,60,12.857061404761915
381_60_HZ,-10.1497373580933,934,992.728090664702,60,12.857442867724876
382_60_HZ,-10.1497373580933,943,1002.2939930372701,60,12.857803415343923
383_60_HZ,-9.99025344848633,943,986.544856798597,60,12.857803415343923
384_60_HZ,-9.99025344848633,946,989.6833876261641,60,12.85789112169313
385_60_HZ,-9.90292549133301,936,970.661843985464,60,12.857535619047628
386_60_HZ,-9.90292549133301,922,956.143397601066,60,12.856734804232813
387_60_HZ,-9.95464706420898,911,949.67029571393,60,12.85585751058202
388_60_HZ,-9.95464706420898,916,954.882536634423,60,12.856283343915353
389_60_HZ,-10.0909471511841,908,959.5031655688459,60,12.855580359788368
390_60_HZ,-10.0909471511841,882,932.0284053212799,60,12.852498190476199
391_60_HZ,-10.244423866272,857,919.38412235018,60,12.848384367724876
392_60_HZ,-10.244423866272,855,917.238535133493,60,12.848006547619056
393_60_HZ,-10.5752124786377,852,943.533489437468,60,12.847426285714294
394_60_HZ,-10.5752124786377,846,936.8888873991759,60,12.846217047619056
395_60_HZ,-10.6657981872559,839,937.0956920211811,60,12.844724177248686
396_60_HZ,-10.6657981872559,846,944.914130452824,60,12.846217047619056
397_60_HZ,-10.6465711593628,841,937.636238205912,60,12.845159732804241
398_60_HZ,-10.6465711593628,832,927.602081078857,60,12.843142899470909
399_60_HZ,-10.6606359481812,821,916.5472874887321,60,12.840479415343923
400_60_HZ,-10.6606359481812,813,907.61625423671,60,12.838405214285723
401_60_HZ,-10.793872833252,804,908.786675127761,60,12.835933714285723
402_60_HZ,-10.793872833252,795,898.613689958421,60,12.83331607142858
403_60_HZ,-10.9500751495361,783,897.8576538729161,60,12.829598547619057
404_60_HZ,-10.9500751495361,760,871.4838019711581,60,12.821747089947099
405_60_HZ,-11.1333456039429,742,865.083852968625,60,12.814936708994717
406_60_HZ,-11.1333456039429,735,856.9226845443931,60,12.812130357142866
407_60_HZ,-11.4084310531616,742,886.45859685093,60,12.814936708994717
408_60_HZ,-11.4084310531616,747,892.4320375305181,60,12.816887119047626
409_60_HZ,-11.3749713897705,750,893.388160915095,60,12.818035714285722
410_60_HZ,-11.3749713897705,769,916.020660991611,60,12.824933066137575
411_60_HZ,-11.1600503921509,799,933.77354005132,60,12.834497510582018
412_60_HZ,-11.1600503921509,823,961.821806586027,60,12.840979923280432
413_60_HZ,-10.8049211502075,833,942.530097218978,60,12.843374208994717
414_60_HZ,-10.8049211502075,831,940.267119794682,60,12.842909785714294
415_60_HZ,-10.5067491531372,827,909.918451833444,60,12.841959288359797
416_60_HZ,-10.5067491531372,824,906.617659384229,60,12.84122747089948
417_60_HZ,-10.6175022125244,818,909.50328388758,60,12.83971512169313
418_60_HZ,-10.6175022125244,827,919.5100437347539,60,12.841959288359797
419_60_HZ,-10.8153429031372,849,961.560467608952,60,12.846829785714295
420_60_HZ,-10.8153429031372,855,968.355947945411,60,12.848006547619056
421_60_HZ,-10.6790180206299,844,943.8487160472961,60,12.845799534391542
422_60_HZ,-10.6790180206299,828,925.955849392371,60,12.842199619047628
423_60_HZ,-10.6022310256958,805,893.761782003887,60,12.83621554232805
424_60_HZ,-10.6022310256958,787,873.7770465056631,60,12.830866589947098
425_60_HZ,-10.9295454025269,788,901.897020904779,60,12.831179089947097
426_60_HZ,-10.9295454025269,797,912.197875204453,60,12.833910399470907
427_60_HZ,-11.0720701217651,805,933.368926815955,60,12.83621554232805
428_60_HZ,-11.0720701217651,816,946.12303637493,60,12.83919657142858
429_60_HZ,-10.8889932632446,827,943.02208365139,60,12.841959288359797
430_60_HZ,-10.8889932632446,837,954.425010902313,60,12.844281404761913
431_60_HZ,-10.7331523895264,841,945.261369817894,60,12.845159732804241
432_60_HZ,-10.7331523895264,830,932.897665813142,60,12.842674867724876
433_60_HZ,-10.6967973709106,800,896.1328151084421,60,12.834788359788368
434_60_HZ,-10.6967973709106,762,853.566506390791,60,12.822467714285722
435_60_HZ,-10.979941368103,722,830.167673196697,60,12.806684010582018
436_60_HZ,-10.979941368103,687,789.92408793093,60,12.790505214285723
437_60_HZ,-11.6101560592651,655,796.35732797581,60,12.773779034391541
438_60_HZ,-11.6101560592651,634,770.8252609720059,60,12.761798423280432
439_60_HZ,-12.145339012146,624,793.638700049973,60,12.755813714285722
440_60_HZ,-12.145339012146,615,782.191988030021,60,12.750273214285722
441_60_HZ,-12.3993692398071,608,789.4630403941339,60,12.745862899470907
442_60_HZ,-12.3993692398071,610,792.059958290167,60,12.747132010582018
443_60_HZ,-12.2099027633667,614,785.0714738886239,60,12.74964858201059
444_60_HZ,-12.2099027633667,617,788.9073279955719,60,12.751517066137573
445_60_HZ,-11.9202699661255,629,785.173010555642,60,12.75882862169313
446_60_HZ,-11.9202699661255,642,801.4007516323079,60,12.766456285714293
447_60_HZ,-11.7972860336304,657,811.6636514153411,60,12.774878547619055
448_60_HZ,-11.7972860336304,668,825.253149384243,60,12.780796867724876
449_60_HZ,-11.6301794052124,675,822.088918922909,60,12.784449404761913
450_60_HZ,-11.6301794052124,687,836.703833037094,60,12.790505214285723
451_60_HZ,-11.5159521102905,685,826.074155801148,60,12.789513955026463
452_60_HZ,-11.5159521102905,659,794.719516310885,60,12.775970843915351
453_60_HZ,-11.6163082122803,617,750.553913800719,60,12.751517066137573
454_60_HZ,-11.6163082122803,580,705.5450081108861,60,12.727337566137574
455_60_HZ,-12.3153390884399,547,705.443639224778,60,12.703688177248685
456_60_HZ,-12.3153390884399,535,689.9677275781651,60,12.694601256613764
457_60_HZ,-13.431981086731,535,752.527647706595,60,12.694601256613764
458_60_HZ,-13.431981086731,543,763.780397578843,60,12.700688071428578
459_60_HZ,-13.0984220504761,545,747.5566467610339,60,12.70219173280424
460_60_HZ,-13.0984220504761,557,764.016609625497,60,12.711062145502654
461_60_HZ,-12.4762649536133,590,770.841716627623,60,12.734116137566145
462_60_HZ,-12.4762649536133,589,769.535205243508,60,12.733446399470907
463_60_HZ,-11.8830709457397,560,696.8596788184101,60,12.713239153439162
464_60_HZ,-11.8830709457397,529,658.2835180266769,60,12.689960367724876
465_60_HZ,-12.0042953491211,486,610.944202852903,60,12.654799904761912
466_60_HZ,-12.0042953491211,449,564.431989878505,60,12.621875288359796
467_60_HZ,-14.2396564483643,417,621.819278963266,60,12.591408071428578
468_60_HZ,-14.2396564483643,393,586.031119022934,60,12.567345214285721
469_60_HZ,-15.2724752426147,388,620.539993518497,60,12.56220131216932
470_60_HZ,-15.2724752426147,407,650.927261242341,60,12.581508177248685
471_60_HZ,-14.8138761520386,426,660.8561180756179,60,12.600163714285722
472_60_HZ,-14.8138761520386,465,721.3570302938091,60,12.63641607142858
473_60_HZ,-13.4568500518799,520,732.7830018499731,60,12.682877248677256
474_60_HZ,-13.4568500518799,551,776.468142344875,60,12.706659415343923
475_60_HZ,-12.1059904098511,567,718.8065190948199,60,12.718255690476198
476_60_HZ,-12.1059904098511,555,703.593682711861,60,12.709601785714293
477_60_HZ,-11.8292741775513,530,656.542124686351,60,12.690738359788368
478_60_HZ,-11.8292741775513,501,620.6181216374749,60,12.667444071428578
479_60_HZ,-12.6363592147827,475,628.556295216258,60,12.645269510582018
480_60_HZ,-12.6363592147827,455,602.090766996626,60,12.627382208994716
481_60_HZ,-13.9672679901123,442,646.4907897103001,60,12.615368455026463
482_60_HZ,-13.9672679901123,423,618.700461645829,60,12.597261404761912
483_60_HZ,-14.5626850128174,422,643.550344734098,60,12.596290359788368
484_60_HZ,-14.5626850128174,425,648.1253471848139,60,12.59919808201059
485_60_HZ,-14.6251020431519,433,663.155552866186,60,12.606872621693128
486_60_HZ,-14.6251020431519,450,689.191683117283,60,12.622797619047626
487_60_HZ,-14.1195335388184,447,660.931571578189,60,12.620025214285722
488_60_HZ,-14.1195335388184,448,662.410165698051,60,12.620951153439162
489_60_HZ,-13.6491575241089,459,656.0654191541801,60,12.631017404761913
490_60_HZ,-13.6491575241089,454,648.918737028318,60,12.626468899470908
491_60_HZ,-13.792971611023,450,649.978495654381,60,12.622797619047626
492_60_HZ,-13.792971611023,453,654.31168562541,60,12.625553785714294
493_60_HZ,-14.1929655075073,452,671.8002927930349,60,12.624636867724876
494_60_HZ,-14.1929655075073,443,658.423738290519,60,12.616303415343923
495_60_HZ,-14.4755373001099,437,662.4372538029049,60,12.610666589947098
496_60_HZ,-14.4755373001099,398,603.318139619122,60,12.572444010582018
497_60_HZ,-14.8512153625488,339,527.218084464234,60,12.509404071428579
498_60_HZ,-14.8512153625488,261,405.91126856980804,60,12.416423119047627
499_60_HZ,-15.9983777999878,200,335.069237836909,60,12.336058201058208
500_60_HZ,-15.9983777999878,176,294.86092929648,60,12.302598899470906
501_60_HZ,-16.5206146240234,188,325.246515887317,60,12.319458455026462
502_60_HZ,-16.5206146240234,228,394.44790224632,60,12.37378057142858
503_60_HZ,-16.4446678161621,262,451.185367554479,60,12.417684645502653
504_60_HZ,-16.4446678161621,307,528.6790375542951,60,12.472585955026462
505_60_HZ,-15.1666927337646,377,598.771132079131,60,12.550725955026461
506_60_HZ,-15.1666927337646,447,709.948795860402,60,12.620025214285722
507_60_HZ,-13.0435562133789,505,689.788615283334,60,12.670747288359795
508_60_HZ,-13.0435562133789,524,715.741058234589,60,12.686043343915351
509_60_HZ,-11.8354740142822,503,623.422211128541,60,12.669099288359796
510_60_HZ,-11.8354740142822,462,572.606484177706,60,12.633724857142864
511_60_HZ,-12.6942729949951,391,519.772381290153,60,12.565293066137574
512_60_HZ,-12.6942729949951,294,390.826291814079,60,12.457100857142864
513_60_HZ,-15.7425746917725,234,385.762702362286,60,12.381679904761912
514_60_HZ,-15.7425746917725,178,293.44342316447404,60,12.305426867724876
515_60_HZ,-16.7095584869385,149,260.72329786555497,60,12.263714970899478
516_60_HZ,-16.7095584869385,125,218.72759888049902,60,12.228047288359795
517_60_HZ,-16.7839832305908,105,184.549535103491,60,12.197530357142865
518_60_HZ,-16.7839832305908,93,163.45815966309198,60,12.178873785714293
519_60_HZ,-16.5405693054199,84,145.498444522555,60,12.164710857142865
520_60_HZ,-16.5405693054199,75,129.909325466567,60,12.150401785714292
521_60_HZ,-16.4626960754395,79,136.193589592582,60,12.156779415343923
522_60_HZ,-16.4626960754395,87,149.985345500692,60,12.169448071428578
523_60_HZ,-16.4838886260986,65,112.20226629946501,60,12.134331415343922
524_60_HZ,-16.4838886260986,34,58.6904162181818,60,12.083366677248684
525_60_HZ,-16.4772567749023,27,46.5883454456697,60,12.071618547619055
526_60_HZ,-16.4772567749023,32,55.2158168244975,60,12.080019089947097
527_60_HZ,-16.4745597839355,36,62.1076258476686,60,12.086707047619054
528_60_HZ,-16.4745597839355,27,46.5807193857514,60,12.071618547619055
529_60_HZ,-16.1706104278564,15,25.4007363920151,60,12.051273214285722
530_60_HZ,-16.1706104278564,12,20.320589113612098,60,12.046146285714293
531_60_HZ,-16.2797546386719,10,17.0481195954582,60,12.04271931216932
532_60_HZ,-16.2797546386719,7,11.933683716820799,60,12.037565320105827
533_60_HZ,-16.431526184082,5,8.60352712219182,60,12.034120304232811
534_60_HZ,-16.431526184082,5,8.60352712219182,60,12.034120304232811
535_60_HZ,-16.5073318481445,5,8.6432183112406,60,12.034120304232811
536_60_HZ,-16.5073318481445,5,8.6432183112406,60,12.034120304232811
537_60_HZ,-16.5241432189941,5,8.65202087831433,60,12.034120304232811
538_60_HZ,-16.5241432189941,6,10.382425053977201,60,12.035843714285722
539_60_HZ,-16.494535446167,7,12.0911254333811,60,12.037565320105827
540_60_HZ,-16.494535446167,11,19.0003399667417,60,12.044433701058209
541_60_HZ,-16.3334350585938,14,23.946065993500998,60,12.049566042328049
542_60_HZ,-16.3334350585938,27,46.1816987017519,60,12.071618547619055
543_60_HZ,-16.3378143310547,279,477.33886677828605,60,12.438854547619055
544_60_HZ,-16.3378143310547,859,1469.65622423852,60,12.84875497089948
545_60_HZ,-11.7194862365723,1340,1644.53070571615,60,12.728302645502657
546_60_HZ,-11.7194862365723,1618,1985.70946406622,60,12.468337343915358
547_60_HZ,-4.00149774551392,1732,725.770112001059,60,12.321419089947105
548_60_HZ,-4.00149774551392,1763,738.760223705466,60,12.277412621693136
549_60_HZ,-0.239937618374825,1756,44.1216222790435,60,12.287501121693136
550_60_HZ,-0.239937618374825,1754,44.0713698618692,60,12.290367312169327
551_60_HZ,-0.0141527745872736,1747,2.58918514453166,60,12.300342145502661
552_60_HZ,-0.0141527745872736,1733,2.56843609357376,60,12.320026589947105
553_60_HZ,-0.000714508991222829,1727,0.129219679072319,60,12.32835452645504
554_60_HZ,-0.000714508991222829,1741,0.13026720397504798,60,12.308821637566153
555_60_HZ,0.00120916904415935,1752,0.221845054125137,60,12.2932262857143
556_60_HZ,0.00120916904415935,1759,0.22273142135052298,60,12.28318830423282
557_60_HZ,0.000219848923734389,1753,0.0403584869117233,60,12.291797701058217
558_60_HZ,0.000219848923734389,1749,0.0402663968103845,60,12.29750121428573
559_60_HZ,0.00241833808831871,1752,0.443690108250276,60,12.2932262857143
560_60_HZ,0.00241833808831871,1752,0.443690108250276,60,12.2932262857143
561_60_HZ,0.00747486343607307,1739,1.36122983293928,60,12.311633701058216
562_60_HZ,0.00747486343607307,1743,1.3643608963848,60,12.306002357142871
563_60_HZ,0.0049191196449101,1740,0.89632446759308,60,12.310228571428587
